[26Jul2026 05:21:00.954] [main/INFO] [cpw.mods.modlauncher.Launcher/MODLAUNCHER]: ModLauncher running: args [--launchTarget, forgeserver, --fml.forgeVersion, 47.4.10, --fml.mcVersion, 1.20.1, --fml.forgeGroup, net.minecraftforge, --fml.mcpVersion, 20230612.114412, nogui]
[26Jul2026 05:21:00.962] [main/INFO] [cpw.mods.modlauncher.Launcher/MODLAUNCHER]: ModLauncher 10.0.9+10.0.9+main.dcd20f30 starting: java version 17.0.19 by Ubuntu; OS Linux arch amd64 version 6.8.0-1052-azure
[26Jul2026 05:21:01.065] [main/DEBUG] [cpw.mods.modlauncher.LaunchServiceHandler/MODLAUNCHER]: Found launch services [fmlclientdev,forgeclient,minecraft,forgegametestserverdev,fmlserveruserdev,fmlclient,fmldatauserdev,forgeserverdev,forgeserveruserdev,forgeclientdev,forgeclientuserdev,forgeserver,forgedatadev,fmlserver,fmlclientuserdev,fmlserverdev,forgedatauserdev,testharness,forgegametestserveruserdev]
[26Jul2026 05:21:01.114] [main/DEBUG] [cpw.mods.modlauncher.NameMappingServiceHandler/MODLAUNCHER]: Found naming services : [srgtomcp]
[26Jul2026 05:21:01.207] [main/DEBUG] [cpw.mods.modlauncher.LaunchPluginHandler/MODLAUNCHER]: Found launch plugins: [mixin,eventbus,slf4jfixer,object_holder_definalize,runtime_enum_extender,capability_token_subclass,accesstransformer,runtimedistcleaner]
[26Jul2026 05:21:01.238] [main/DEBUG] [cpw.mods.modlauncher.TransformationServicesHandler/MODLAUNCHER]: Discovering transformation services
[26Jul2026 05:21:01.250] [main/DEBUG] [net.minecraftforge.fml.loading.FMLPaths/CORE]: Path GAMEDIR is /workspaces/enderdeath/servidor_minecraft
[26Jul2026 05:21:01.253] [main/DEBUG] [net.minecraftforge.fml.loading.FMLPaths/CORE]: Path MODSDIR is /workspaces/enderdeath/servidor_minecraft/mods
[26Jul2026 05:21:01.253] [main/DEBUG] [net.minecraftforge.fml.loading.FMLPaths/CORE]: Path CONFIGDIR is /workspaces/enderdeath/servidor_minecraft/config
[26Jul2026 05:21:01.253] [main/DEBUG] [net.minecraftforge.fml.loading.FMLPaths/CORE]: Path FMLCONFIG is /workspaces/enderdeath/servidor_minecraft/config/fml.toml
[26Jul2026 05:21:10.236] [main/DEBUG] [cpw.mods.modlauncher.TransformationServicesHandler/MODLAUNCHER]: Found additional transformation services from discovery services: 
[26Jul2026 05:21:10.244] [main/INFO] [net.minecraftforge.fml.loading.ImmediateWindowHandler/]: ImmediateWindowProvider not loading because launch target is forgeserver
[26Jul2026 05:21:10.265] [main/DEBUG] [cpw.mods.modlauncher.TransformationServicesHandler/MODLAUNCHER]: Found transformer services : [mixin,fml]
[26Jul2026 05:21:10.266] [main/DEBUG] [cpw.mods.modlauncher.TransformationServicesHandler/MODLAUNCHER]: Transformation services loading
[26Jul2026 05:21:10.268] [main/DEBUG] [cpw.mods.modlauncher.TransformationServiceDecorator/MODLAUNCHER]: Loading service mixin
[26Jul2026 05:21:10.269] [main/DEBUG] [cpw.mods.modlauncher.TransformationServiceDecorator/MODLAUNCHER]: Loaded service mixin
[26Jul2026 05:21:10.269] [main/DEBUG] [cpw.mods.modlauncher.TransformationServiceDecorator/MODLAUNCHER]: Loading service fml
[26Jul2026 05:21:10.273] [main/DEBUG] [net.minecraftforge.fml.loading.LauncherVersion/CORE]: Found FMLLauncher version 1.0
[26Jul2026 05:21:10.273] [main/DEBUG] [net.minecraftforge.fml.loading.FMLLoader/CORE]: FML 1.0 loading
[26Jul2026 05:21:10.274] [main/DEBUG] [net.minecraftforge.fml.loading.FMLLoader/CORE]: FML found ModLauncher version : 10.0.9+10.0.9+main.dcd20f30
[26Jul2026 05:21:10.275] [main/DEBUG] [net.minecraftforge.fml.loading.FMLLoader/CORE]: Requesting CoreMods to not apply the fix for ASMAPI.findFirstInstructionBefore by default
[26Jul2026 05:21:10.276] [main/DEBUG] [net.minecraftforge.fml.loading.FMLLoader/CORE]: FML found AccessTransformer version : 8.0.4+66+master.c09db6d7
[26Jul2026 05:21:10.278] [main/DEBUG] [net.minecraftforge.fml.loading.FMLLoader/CORE]: FML found EventBus version : 6.0.5+6.0.5+master.eb8e549b
[26Jul2026 05:21:10.279] [main/DEBUG] [net.minecraftforge.fml.loading.FMLLoader/CORE]: Found Runtime Dist Cleaner
[26Jul2026 05:21:10.284] [main/DEBUG] [net.minecraftforge.coremod.CoreModEngine/]: CoreMods will preserve legacy behavior of ASMAPI.findFirstInstructionBefore for backwards-compatibility
[26Jul2026 05:21:10.284] [main/DEBUG] [net.minecraftforge.fml.loading.FMLLoader/CORE]: FML found CoreMod version : 5.2.4
[26Jul2026 05:21:10.285] [main/DEBUG] [net.minecraftforge.fml.loading.FMLLoader/CORE]: Found ForgeSPI package implementation version 7.0.1+7.0.1+master.d2b38bf6
[26Jul2026 05:21:10.285] [main/DEBUG] [net.minecraftforge.fml.loading.FMLLoader/CORE]: Found ForgeSPI package specification 5
[26Jul2026 05:21:10.285] [main/DEBUG] [cpw.mods.modlauncher.TransformationServiceDecorator/MODLAUNCHER]: Loaded service fml
[26Jul2026 05:21:10.287] [main/DEBUG] [cpw.mods.modlauncher.TransformationServicesHandler/MODLAUNCHER]: Configuring option handling for services
[26Jul2026 05:21:10.302] [main/DEBUG] [cpw.mods.modlauncher.TransformationServicesHandler/MODLAUNCHER]: Transformation services initializing
[26Jul2026 05:21:10.303] [main/DEBUG] [cpw.mods.modlauncher.TransformationServiceDecorator/MODLAUNCHER]: Initializing transformation service mixin
[26Jul2026 05:21:10.326] [main/DEBUG] [mixin/]: MixinService [ModLauncher] was successfully booted in cpw.mods.cl.ModuleClassLoader@77ec78b9
[26Jul2026 05:21:10.359] [main/INFO] [mixin/]: SpongePowered MIXIN Subsystem Version=0.8.5 Source=union:/workspaces/enderdeath/servidor_minecraft/libraries/org/spongepowered/mixin/0.8.5/mixin-0.8.5.jar%2365!/ Service=ModLauncher Env=SERVER
[26Jul2026 05:21:10.369] [main/DEBUG] [mixin/]: Initialising Mixin Platform Manager
[26Jul2026 05:21:10.370] [main/DEBUG] [mixin/]: Adding mixin platform agents for container ModLauncher Root Container(ModLauncher:4f56a0a2)
[26Jul2026 05:21:10.372] [main/DEBUG] [mixin/]: Instancing new MixinPlatformAgentMinecraftForge for ModLauncher Root Container(ModLauncher:4f56a0a2)
[26Jul2026 05:21:10.374] [main/DEBUG] [mixin/]: MixinPlatformAgentMinecraftForge rejected container ModLauncher Root Container(ModLauncher:4f56a0a2)
[26Jul2026 05:21:10.374] [main/DEBUG] [mixin/]: Instancing new MixinPlatformAgentDefault for ModLauncher Root Container(ModLauncher:4f56a0a2)
[26Jul2026 05:21:10.374] [main/DEBUG] [mixin/]: MixinPlatformAgentDefault accepted container ModLauncher Root Container(ModLauncher:4f56a0a2)
[26Jul2026 05:21:10.380] [main/DEBUG] [cpw.mods.modlauncher.TransformationServiceDecorator/MODLAUNCHER]: Initialized transformation service mixin
[26Jul2026 05:21:10.380] [main/DEBUG] [cpw.mods.modlauncher.TransformationServiceDecorator/MODLAUNCHER]: Initializing transformation service fml
[26Jul2026 05:21:10.380] [main/DEBUG] [net.minecraftforge.fml.loading.FMLServiceProvider/CORE]: Setting up basic FML game directories
[26Jul2026 05:21:10.381] [main/DEBUG] [net.minecraftforge.fml.loading.FMLPaths/CORE]: Path GAMEDIR is /workspaces/enderdeath/servidor_minecraft
[26Jul2026 05:21:10.381] [main/DEBUG] [net.minecraftforge.fml.loading.FMLPaths/CORE]: Path MODSDIR is /workspaces/enderdeath/servidor_minecraft/mods
[26Jul2026 05:21:10.381] [main/DEBUG] [net.minecraftforge.fml.loading.FMLPaths/CORE]: Path CONFIGDIR is /workspaces/enderdeath/servidor_minecraft/config
[26Jul2026 05:21:10.381] [main/DEBUG] [net.minecraftforge.fml.loading.FMLPaths/CORE]: Path FMLCONFIG is /workspaces/enderdeath/servidor_minecraft/config/fml.toml
[26Jul2026 05:21:10.382] [main/DEBUG] [net.minecraftforge.fml.loading.FMLServiceProvider/CORE]: Loading configuration
[26Jul2026 05:21:10.387] [main/DEBUG] [net.minecraftforge.fml.loading.FMLServiceProvider/CORE]: Preparing ModFile
[26Jul2026 05:21:10.394] [main/DEBUG] [net.minecraftforge.fml.loading.FMLServiceProvider/CORE]: Preparing launch handler
[26Jul2026 05:21:10.395] [main/DEBUG] [net.minecraftforge.fml.loading.FMLLoader/CORE]: Using forgeserver as launch service
[26Jul2026 05:21:10.423] [main/DEBUG] [net.minecraftforge.fml.loading.FMLLoader/CORE]: Received command line version data  : VersionInfo[forgeVersion=47.4.10, mcVersion=1.20.1, mcpVersion=20230612.114412, forgeGroup=net.minecraftforge]
[26Jul2026 05:21:10.425] [main/DEBUG] [cpw.mods.modlauncher.TransformationServiceDecorator/MODLAUNCHER]: Initialized transformation service fml
[26Jul2026 05:21:10.427] [main/DEBUG] [cpw.mods.modlauncher.NameMappingServiceHandler/MODLAUNCHER]: Current naming domain is 'srg'
[26Jul2026 05:21:10.429] [main/DEBUG] [cpw.mods.modlauncher.NameMappingServiceHandler/MODLAUNCHER]: Identified name mapping providers {}
[26Jul2026 05:21:10.429] [main/DEBUG] [cpw.mods.modlauncher.TransformationServicesHandler/MODLAUNCHER]: Transformation services begin scanning
[26Jul2026 05:21:10.429] [main/DEBUG] [cpw.mods.modlauncher.TransformationServiceDecorator/MODLAUNCHER]: Beginning scan trigger - transformation service mixin
[26Jul2026 05:21:10.430] [main/DEBUG] [cpw.mods.modlauncher.TransformationServiceDecorator/MODLAUNCHER]: End scan trigger - transformation service mixin
[26Jul2026 05:21:10.430] [main/DEBUG] [cpw.mods.modlauncher.TransformationServiceDecorator/MODLAUNCHER]: Beginning scan trigger - transformation service fml
[26Jul2026 05:21:10.430] [main/DEBUG] [net.minecraftforge.fml.loading.FMLServiceProvider/CORE]: Initiating mod scan
[26Jul2026 05:21:10.447] [main/DEBUG] [net.minecraftforge.fml.loading.moddiscovery.ModListHandler/CORE]: Found mod coordinates from lists: []
[26Jul2026 05:21:10.453] [main/DEBUG] [net.minecraftforge.fml.loading.moddiscovery.ModDiscoverer/CORE]: Found Mod Locators : (mods folder:null),(maven libs:null),(exploded directory:null),(minecraft:null),(userdev classpath:null)
[26Jul2026 05:21:10.453] [main/DEBUG] [net.minecraftforge.fml.loading.moddiscovery.ModDiscoverer/CORE]: Found Dependency Locators : (JarInJar:null)
[26Jul2026 05:21:10.473] [main/DEBUG] [net.minecraftforge.fml.loading.moddiscovery.ModFileParser/LOADING]: Considering mod file candidate /workspaces/enderdeath/servidor_minecraft/mods/[1.20.1] SecurityCraft v1.10.1.jar
[26Jul2026 05:21:10.566] [main/DEBUG] [net.minecraftforge.fml.loading.moddiscovery.ModFileInfo/LOADING]: Found valid mod file [1.20.1] SecurityCraft v1.10.1.jar with {securitycraft} mods - versions {1.10.1}
[26Jul2026 05:21:10.567] [main/DEBUG] [net.minecraftforge.fml.loading.moddiscovery.ModFileParser/LOADING]: Considering mod file candidate /workspaces/enderdeath/servidor_minecraft/mods/AI-Improvements-1.20-0.5.2.jar
[26Jul2026 05:21:10.568] [main/DEBUG] [net.minecraftforge.fml.loading.moddiscovery.ModFileInfo/LOADING]: Found valid mod file AI-Improvements-1.20-0.5.2.jar with {aiimprovements} mods - versions {0.5.2}
[26Jul2026 05:21:10.576] [main/DEBUG] [net.minecraftforge.fml.loading.moddiscovery.ModFileParser/LOADING]: Considering mod file candidate /workspaces/enderdeath/servidor_minecraft/mods/alexscaves-2.0.2.jar
[26Jul2026 05:21:10.580] [main/DEBUG] [net.minecraftforge.fml.loading.moddiscovery.ModFileInfo/LOADING]: Found valid mod file alexscaves-2.0.2.jar with {alexscaves} mods - versions {2.0.2}
[26Jul2026 05:21:10.583] [main/DEBUG] [net.minecraftforge.fml.loading.moddiscovery.ModFileParser/LOADING]: Considering mod file candidate /workspaces/enderdeath/servidor_minecraft/mods/alternate_current-mc1.20-1.7.0.jar
[26Jul2026 05:21:10.586] [main/DEBUG] [net.minecraftforge.fml.loading.moddiscovery.ModFileInfo/LOADING]: Found valid mod file alternate_current-mc1.20-1.7.0.jar with {alternate_current} mods - versions {1.7.0}
[26Jul2026 05:21:10.587] [main/DEBUG] [net.minecraftforge.fml.loading.moddiscovery.ModFileParser/LOADING]: Considering mod file candidate /workspaces/enderdeath/servidor_minecraft/mods/architectury-9.2.14-forge.jar
[26Jul2026 05:21:10.588] [main/DEBUG] [net.minecraftforge.fml.loading.moddiscovery.ModFileInfo/LOADING]: Found valid mod file architectury-9.2.14-forge.jar with {architectury} mods - versions {9.2.14}
[26Jul2026 05:21:10.589] [main/DEBUG] [net.minecraftforge.fml.loading.moddiscovery.ModFileParser/LOADING]: Considering mod file candidate /workspaces/enderdeath/servidor_minecraft/mods/BetterTotemOfUndying-Forge-1.20.4-2.1.1.jar
[26Jul2026 05:21:10.593] [main/DEBUG] [net.minecraftforge.fml.loading.moddiscovery.ModFileInfo/LOADING]: Found valid mod file BetterTotemOfUndying-Forge-1.20.4-2.1.1.jar with {better_totem_of_undying} mods - versions {2.1.1}
[26Jul2026 05:21:10.598] [main/DEBUG] [net.minecraftforge.fml.loading.moddiscovery.ModFileParser/LOADING]: Considering mod file candidate /workspaces/enderdeath/servidor_minecraft/mods/BetterTridents-v8.0.1-1.20.1-Forge.jar
[26Jul2026 05:21:10.601] [main/DEBUG] [net.minecraftforge.fml.loading.moddiscovery.ModFileInfo/LOADING]: Found valid mod file BetterTridents-v8.0.1-1.20.1-Forge.jar with {bettertridents} mods - versions {8.0.1}
[26Jul2026 05:21:10.616] [main/DEBUG] [net.minecraftforge.fml.loading.moddiscovery.ModFileParser/LOADING]: Considering mod file candidate /workspaces/enderdeath/servidor_minecraft/mods/Bookshelf-Forge-1.20.1-20.2.13.jar
[26Jul2026 05:21:10.620] [main/DEBUG] [net.minecraftforge.fml.loading.moddiscovery.ModFileInfo/LOADING]: Found valid mod file Bookshelf-Forge-1.20.1-20.2.13.jar with {bookshelf} mods - versions {20.2.13}
[26Jul2026 05:21:10.622] [main/DEBUG] [net.minecraftforge.fml.loading.moddiscovery.ModFileParser/LOADING]: Considering mod file candidate /workspaces/enderdeath/servidor_minecraft/mods/CerbonsAPI-Forge-1.20.1-1.1.0.jar
[26Jul2026 05:21:10.624] [main/DEBUG] [net.minecraftforge.fml.loading.moddiscovery.ModFileInfo/LOADING]: Found valid mod file CerbonsAPI-Forge-1.20.1-1.1.0.jar with {cerbons_api} mods - versions {1.1.0}
[26Jul2026 05:21:10.628] [main/DEBUG] [net.minecraftforge.fml.loading.moddiscovery.ModFileParser/LOADING]: Considering mod file candidate /workspaces/enderdeath/servidor_minecraft/mods/citadel-2.6.2-1.20.1.jar
[26Jul2026 05:21:10.633] [main/DEBUG] [net.minecraftforge.fml.loading.moddiscovery.ModFileInfo/LOADING]: Found valid mod file citadel-2.6.2-1.20.1.jar with {citadel} mods - versions {2.6.2}
[26Jul2026 05:21:10.637] [main/DEBUG] [net.minecraftforge.fml.loading.moddiscovery.ModFileParser/LOADING]: Considering mod file candidate /workspaces/enderdeath/servidor_minecraft/mods/cloth-config-11.1.136-forge.jar
[26Jul2026 05:21:10.640] [main/DEBUG] [net.minecraftforge.fml.loading.moddiscovery.ModFileInfo/LOADING]: Found valid mod file cloth-config-11.1.136-forge.jar with {cloth_config} mods - versions {11.1.136}
[26Jul2026 05:21:10.642] [main/DEBUG] [net.minecraftforge.fml.loading.moddiscovery.ModFileParser/LOADING]: Considering mod file candidate /workspaces/enderdeath/servidor_minecraft/mods/ColdSweat-2.4.jar
[26Jul2026 05:21:10.643] [main/DEBUG] [net.minecraftforge.fml.loading.moddiscovery.ModFileInfo/LOADING]: Found valid mod file ColdSweat-2.4.jar with {cold_sweat} mods - versions {2.4}
[26Jul2026 05:21:10.646] [main/DEBUG] [net.minecraftforge.fml.loading.moddiscovery.ModFileParser/LOADING]: Considering mod file candidate /workspaces/enderdeath/servidor_minecraft/mods/collective-1.20.1-8.13.jar
[26Jul2026 05:21:10.649] [main/DEBUG] [net.minecraftforge.fml.loading.moddiscovery.ModFileInfo/LOADING]: Found valid mod file collective-1.20.1-8.13.jar with {collective} mods - versions {8.13}
[26Jul2026 05:21:10.650] [main/DEBUG] [net.minecraftforge.fml.loading.moddiscovery.ModFileParser/LOADING]: Considering mod file candidate /workspaces/enderdeath/servidor_minecraft/mods/connectivity-1.20.1-7.2.jar
[26Jul2026 05:21:10.655] [main/DEBUG] [net.minecraftforge.fml.loading.moddiscovery.ModFileInfo/LOADING]: Found valid mod file connectivity-1.20.1-7.2.jar with {connectivity} mods - versions {1.20.1-7.2}
[26Jul2026 05:21:10.657] [main/DEBUG] [net.minecraftforge.fml.loading.moddiscovery.ModFileParser/LOADING]: Considering mod file candidate /workspaces/enderdeath/servidor_minecraft/mods/copperagebackport-forge-1.20.1-0.1.4.jar
[26Jul2026 05:21:10.658] [main/DEBUG] [net.minecraftforge.fml.loading.moddiscovery.ModFileInfo/LOADING]: Found valid mod file copperagebackport-forge-1.20.1-0.1.4.jar with {copperagebackport} mods - versions {0.1.4}
[26Jul2026 05:21:10.671] [main/DEBUG] [net.minecraftforge.fml.loading.moddiscovery.ModFileParser/LOADING]: Considering mod file candidate /workspaces/enderdeath/servidor_minecraft/mods/cosmeticarmorreworked-1.20.1-v1a.jar
[26Jul2026 05:21:10.676] [main/DEBUG] [net.minecraftforge.fml.loading.moddiscovery.ModFileInfo/LOADING]: Found valid mod file cosmeticarmorreworked-1.20.1-v1a.jar with {cosmeticarmorreworked} mods - versions {1.20.1-v1a}
[26Jul2026 05:21:10.680] [main/DEBUG] [net.minecraftforge.fml.loading.moddiscovery.ModFileParser/LOADING]: Considering mod file candidate /workspaces/enderdeath/servidor_minecraft/mods/CreativeCore_FORGE_v2.12.32_mc1.20.1.jar
[26Jul2026 05:21:10.683] [main/DEBUG] [net.minecraftforge.fml.loading.moddiscovery.ModFileInfo/LOADING]: Found valid mod file CreativeCore_FORGE_v2.12.32_mc1.20.1.jar with {creativecore} mods - versions {2.12.32}
[26Jul2026 05:21:10.687] [main/DEBUG] [net.minecraftforge.fml.loading.moddiscovery.ModFileParser/LOADING]: Considering mod file candidate /workspaces/enderdeath/servidor_minecraft/mods/creeperoverhaul-3.0.2-forge.jar
[26Jul2026 05:21:10.688] [main/DEBUG] [net.minecraftforge.fml.loading.moddiscovery.ModFileInfo/LOADING]: Found valid mod file creeperoverhaul-3.0.2-forge.jar with {creeperoverhaul} mods - versions {3.0.2}
[26Jul2026 05:21:10.691] [main/DEBUG] [net.minecraftforge.fml.loading.moddiscovery.ModFileParser/LOADING]: Considering mod file candidate /workspaces/enderdeath/servidor_minecraft/mods/cristellib-1.1.6-forge.jar
[26Jul2026 05:21:10.692] [main/DEBUG] [net.minecraftforge.fml.loading.moddiscovery.ModFileInfo/LOADING]: Found valid mod file cristellib-1.1.6-forge.jar with {cristellib} mods - versions {1.1.6}
[26Jul2026 05:21:10.694] [main/DEBUG] [net.minecraftforge.fml.loading.moddiscovery.ModFileParser/LOADING]: Considering mod file candidate /workspaces/enderdeath/servidor_minecraft/mods/cupboard-1.20.1-2.7.jar
[26Jul2026 05:21:10.695] [main/DEBUG] [net.minecraftforge.fml.loading.moddiscovery.ModFileInfo/LOADING]: Found valid mod file cupboard-1.20.1-2.7.jar with {cupboard} mods - versions {1.20.1-2.7}
[26Jul2026 05:21:10.696] [main/DEBUG] [net.minecraftforge.fml.loading.moddiscovery.ModFileParser/LOADING]: Considering mod file candidate /workspaces/enderdeath/servidor_minecraft/mods/curios-forge-5.14.1+1.20.1.jar
[26Jul2026 05:21:10.697] [main/DEBUG] [net.minecraftforge.fml.loading.moddiscovery.ModFileInfo/LOADING]: Found valid mod file curios-forge-5.14.1+1.20.1.jar with {curios} mods - versions {5.14.1+1.20.1}
[26Jul2026 05:21:10.700] [main/DEBUG] [net.minecraftforge.fml.loading.moddiscovery.ModFileParser/LOADING]: Considering mod file candidate /workspaces/enderdeath/servidor_minecraft/mods/dedsafio3-0.0.9-forge-1.20.1 (1).jar
[26Jul2026 05:21:10.701] [main/DEBUG] [net.minecraftforge.fml.loading.moddiscovery.ModFileInfo/LOADING]: Found valid mod file dedsafio3-0.0.9-forge-1.20.1 (1).jar with {dedsafio3} mods - versions {0.0.9}
[26Jul2026 05:21:10.707] [main/DEBUG] [net.minecraftforge.fml.loading.moddiscovery.ModFileParser/LOADING]: Considering mod file candidate /workspaces/enderdeath/servidor_minecraft/mods/Deep Dark Regrowth 1.2.6.1 - 1.20.1.jar
[26Jul2026 05:21:10.709] [main/DEBUG] [net.minecraftforge.fml.loading.moddiscovery.ModFileInfo/LOADING]: Found valid mod file Deep Dark Regrowth 1.2.6.1 - 1.20.1.jar with {deep_dark_regrowth} mods - versions {1.2.6.1}
[26Jul2026 05:21:10.710] [main/DEBUG] [net.minecraftforge.fml.loading.moddiscovery.ModFileParser/LOADING]: Considering mod file candidate /workspaces/enderdeath/servidor_minecraft/mods/deltaboxlib-forge-2.2.0+1.20.1.jar
[26Jul2026 05:21:10.712] [main/DEBUG] [net.minecraftforge.fml.loading.moddiscovery.ModFileInfo/LOADING]: Found valid mod file deltaboxlib-forge-2.2.0+1.20.1.jar with {deltaboxlib} mods - versions {2.2.0}
[26Jul2026 05:21:10.715] [main/DEBUG] [net.minecraftforge.fml.loading.moddiscovery.ModFileParser/LOADING]: Considering mod file candidate /workspaces/enderdeath/servidor_minecraft/mods/easy_npc-forge-1.20.1-6.25.0.jar
[26Jul2026 05:21:10.716] [main/DEBUG] [net.minecraftforge.fml.loading.moddiscovery.ModFileInfo/LOADING]: Found valid mod file easy_npc-forge-1.20.1-6.25.0.jar with {easy_npc} mods - versions {6.25.0}
[26Jul2026 05:21:10.717] [main/DEBUG] [net.minecraftforge.fml.loading.moddiscovery.ModFileParser/LOADING]: Considering mod file candidate /workspaces/enderdeath/servidor_minecraft/mods/easy_npc_bundle-forge-1.20.1-6.25.0.jar
[26Jul2026 05:21:10.718] [main/DEBUG] [net.minecraftforge.fml.loading.moddiscovery.ModFileInfo/LOADING]: Found valid mod file easy_npc_bundle-forge-1.20.1-6.25.0.jar with {easy_npc_bundle} mods - versions {6.25.0}
[26Jul2026 05:21:10.719] [main/DEBUG] [net.minecraftforge.fml.loading.moddiscovery.ModFileParser/LOADING]: Considering mod file candidate /workspaces/enderdeath/servidor_minecraft/mods/easy_npc_config_ui-forge-1.20.1-6.25.0.jar
[26Jul2026 05:21:10.721] [main/DEBUG] [net.minecraftforge.fml.loading.moddiscovery.ModFileInfo/LOADING]: Found valid mod file easy_npc_config_ui-forge-1.20.1-6.25.0.jar with {easy_npc_config_ui} mods - versions {6.25.0}
[26Jul2026 05:21:10.724] [main/DEBUG] [net.minecraftforge.fml.loading.moddiscovery.ModFileParser/LOADING]: Considering mod file candidate /workspaces/enderdeath/servidor_minecraft/mods/EasyAnvils-v8.0.2-1.20.1-Forge.jar
[26Jul2026 05:21:10.725] [main/DEBUG] [net.minecraftforge.fml.loading.moddiscovery.ModFileInfo/LOADING]: Found valid mod file EasyAnvils-v8.0.2-1.20.1-Forge.jar with {easyanvils} mods - versions {8.0.2}
[26Jul2026 05:21:10.728] [main/DEBUG] [net.minecraftforge.fml.loading.moddiscovery.ModFileParser/LOADING]: Considering mod file candidate /workspaces/enderdeath/servidor_minecraft/mods/EasyMagic-v8.0.1-1.20.1-Forge.jar
[26Jul2026 05:21:10.728] [main/DEBUG] [net.minecraftforge.fml.loading.moddiscovery.ModFileInfo/LOADING]: Found valid mod file EasyMagic-v8.0.1-1.20.1-Forge.jar with {easymagic} mods - versions {8.0.1}
[26Jul2026 05:21:10.735] [main/DEBUG] [net.minecraftforge.fml.loading.moddiscovery.ModFileParser/LOADING]: Considering mod file candidate /workspaces/enderdeath/servidor_minecraft/mods/EasyShulkerBoxes-v8.0.2-1.20.1-Forge.jar
[26Jul2026 05:21:10.741] [main/DEBUG] [net.minecraftforge.fml.loading.moddiscovery.ModFileInfo/LOADING]: Found valid mod file EasyShulkerBoxes-v8.0.2-1.20.1-Forge.jar with {easyshulkerboxes} mods - versions {8.0.2}
[26Jul2026 05:21:10.743] [main/DEBUG] [net.minecraftforge.fml.loading.moddiscovery.ModFileParser/LOADING]: Considering mod file candidate /workspaces/enderdeath/servidor_minecraft/mods/ElysiumAPI-1.20.1-1.1.3.jar
[26Jul2026 05:21:10.745] [main/DEBUG] [net.minecraftforge.fml.loading.moddiscovery.ModFileInfo/LOADING]: Found valid mod file ElysiumAPI-1.20.1-1.1.3.jar with {elysium_api} mods - versions {1.1.3}
[26Jul2026 05:21:10.748] [main/DEBUG] [net.minecraftforge.fml.loading.moddiscovery.ModFileParser/LOADING]: Considering mod file candidate /workspaces/enderdeath/servidor_minecraft/mods/endermanoverhaul-forge-1.20.1-1.0.4.jar
[26Jul2026 05:21:10.749] [main/DEBUG] [net.minecraftforge.fml.loading.moddiscovery.ModFileInfo/LOADING]: Found valid mod file endermanoverhaul-forge-1.20.1-1.0.4.jar with {endermanoverhaul} mods - versions {1.0.4}
[26Jul2026 05:21:10.750] [main/DEBUG] [net.minecraftforge.fml.loading.moddiscovery.ModFileParser/LOADING]: Considering mod file candidate /workspaces/enderdeath/servidor_minecraft/mods/endersdelight-forge-1.20.1-1.1.3.jar
[26Jul2026 05:21:10.752] [main/DEBUG] [net.minecraftforge.fml.loading.moddiscovery.ModFileInfo/LOADING]: Found valid mod file endersdelight-forge-1.20.1-1.1.3.jar with {endersdelight} mods - versions {1.1.3}
[26Jul2026 05:21:10.753] [main/DEBUG] [net.minecraftforge.fml.loading.moddiscovery.ModFileParser/LOADING]: Considering mod file candidate /workspaces/enderdeath/servidor_minecraft/mods/explosiveenhancement-1.1.0-1.20.1-client-and-server.jar
[26Jul2026 05:21:10.754] [main/DEBUG] [net.minecraftforge.fml.loading.moddiscovery.ModFileInfo/LOADING]: Found valid mod file explosiveenhancement-1.1.0-1.20.1-client-and-server.jar with {explosiveenhancement} mods - versions {1.1.0}
[26Jul2026 05:21:10.757] [main/DEBUG] [net.minecraftforge.fml.loading.moddiscovery.ModFileParser/LOADING]: Considering mod file candidate /workspaces/enderdeath/servidor_minecraft/mods/FarmersDelight-1.20.1-1.2.9.jar
[26Jul2026 05:21:10.758] [main/DEBUG] [net.minecraftforge.fml.loading.moddiscovery.ModFileInfo/LOADING]: Found valid mod file FarmersDelight-1.20.1-1.2.9.jar with {farmersdelight} mods - versions {1.20.1-1.2.9}
[26Jul2026 05:21:10.760] [main/DEBUG] [net.minecraftforge.fml.loading.moddiscovery.ModFileParser/LOADING]: Considering mod file candidate /workspaces/enderdeath/servidor_minecraft/mods/fastasyncworldsave-1.20.1-2.6.jar
[26Jul2026 05:21:10.761] [main/DEBUG] [net.minecraftforge.fml.loading.moddiscovery.ModFileInfo/LOADING]: Found valid mod file fastasyncworldsave-1.20.1-2.6.jar with {fastasyncworldsave} mods - versions {1.20.1-2.6}
[26Jul2026 05:21:10.763] [main/DEBUG] [net.minecraftforge.fml.loading.moddiscovery.ModFileParser/LOADING]: Considering mod file candidate /workspaces/enderdeath/servidor_minecraft/mods/FastSuite-1.20.1-5.1.0.jar
[26Jul2026 05:21:10.764] [main/DEBUG] [net.minecraftforge.fml.loading.moddiscovery.ModFileInfo/LOADING]: Found valid mod file FastSuite-1.20.1-5.1.0.jar with {fastsuite} mods - versions {5.1.0}
[26Jul2026 05:21:10.766] [main/DEBUG] [net.minecraftforge.fml.loading.moddiscovery.ModFileParser/LOADING]: Considering mod file candidate /workspaces/enderdeath/servidor_minecraft/mods/fdlib-1.0.9-1.20.1.jar
[26Jul2026 05:21:10.767] [main/DEBUG] [net.minecraftforge.fml.loading.moddiscovery.ModFileInfo/LOADING]: Found valid mod file fdlib-1.0.9-1.20.1.jar with {fdlib} mods - versions {1.0.9}
[26Jul2026 05:21:10.773] [main/DEBUG] [net.minecraftforge.fml.loading.moddiscovery.ModFileParser/LOADING]: Considering mod file candidate /workspaces/enderdeath/servidor_minecraft/mods/ferritecore-6.0.1-forge.jar
[26Jul2026 05:21:10.775] [main/DEBUG] [net.minecraftforge.fml.loading.moddiscovery.ModFileInfo/LOADING]: Found valid mod file ferritecore-6.0.1-forge.jar with {ferritecore} mods - versions {6.0.1}
[26Jul2026 05:21:10.776] [main/DEBUG] [net.minecraftforge.fml.loading.moddiscovery.ModFileParser/LOADING]: Considering mod file candidate /workspaces/enderdeath/servidor_minecraft/mods/formations-1.0.4-forge-mc1.20.2.jar
[26Jul2026 05:21:10.777] [main/DEBUG] [net.minecraftforge.fml.loading.moddiscovery.ModFileInfo/LOADING]: Found valid mod file formations-1.0.4-forge-mc1.20.2.jar with {formations} mods - versions {1.0.4}
[26Jul2026 05:21:10.782] [main/DEBUG] [net.minecraftforge.fml.loading.moddiscovery.ModFileParser/LOADING]: Considering mod file candidate /workspaces/enderdeath/servidor_minecraft/mods/formationsnether-1.0.5.jar
[26Jul2026 05:21:10.783] [main/DEBUG] [net.minecraftforge.fml.loading.moddiscovery.ModFileInfo/LOADING]: Found valid mod file formationsnether-1.0.5.jar with {formationsnether} mods - versions {1.0.5}
[26Jul2026 05:21:10.785] [main/DEBUG] [net.minecraftforge.fml.loading.moddiscovery.ModFileParser/LOADING]: Considering mod file candidate /workspaces/enderdeath/servidor_minecraft/mods/fragmentum-forge-1.20.1-1.0.5.jar
[26Jul2026 05:21:10.786] [main/DEBUG] [net.minecraftforge.fml.loading.moddiscovery.ModFileInfo/LOADING]: Found valid mod file fragmentum-forge-1.20.1-1.0.5.jar with {fragmentum} mods - versions {1.0.5}
[26Jul2026 05:21:10.791] [main/DEBUG] [net.minecraftforge.fml.loading.moddiscovery.ModFileParser/LOADING]: Considering mod file candidate /workspaces/enderdeath/servidor_minecraft/mods/framework-forge-1.20.1-0.7.15.jar
[26Jul2026 05:21:10.791] [main/DEBUG] [net.minecraftforge.fml.loading.moddiscovery.ModFileInfo/LOADING]: Found valid mod file framework-forge-1.20.1-0.7.15.jar with {framework} mods - versions {0.7.15}
[26Jul2026 05:21:10.797] [main/DEBUG] [net.minecraftforge.fml.loading.moddiscovery.ModFileParser/LOADING]: Considering mod file candidate /workspaces/enderdeath/servidor_minecraft/mods/friendsandfoes-forge-mc1.20.1-3.0.9.jar
[26Jul2026 05:21:10.798] [main/DEBUG] [net.minecraftforge.fml.loading.moddiscovery.ModFileInfo/LOADING]: Found valid mod file friendsandfoes-forge-mc1.20.1-3.0.9.jar with {friendsandfoes} mods - versions {3.0.9}
[26Jul2026 05:21:10.799] [main/DEBUG] [net.minecraftforge.fml.loading.moddiscovery.ModFileParser/LOADING]: Considering mod file candidate /workspaces/enderdeath/servidor_minecraft/mods/ftb-library-forge-2001.2.10.jar
[26Jul2026 05:21:10.811] [main/DEBUG] [net.minecraftforge.fml.loading.moddiscovery.ModFileInfo/LOADING]: Found valid mod file ftb-library-forge-2001.2.10.jar with {ftblibrary} mods - versions {2001.2.10}
[26Jul2026 05:21:10.818] [main/DEBUG] [net.minecraftforge.fml.loading.moddiscovery.ModFileParser/LOADING]: Considering mod file candidate /workspaces/enderdeath/servidor_minecraft/mods/ftb-quests-forge-2001.4.16.jar
[26Jul2026 05:21:10.820] [main/DEBUG] [net.minecraftforge.fml.loading.moddiscovery.ModFileInfo/LOADING]: Found valid mod file ftb-quests-forge-2001.4.16.jar with {ftbquests} mods - versions {2001.4.16}
[26Jul2026 05:21:10.821] [main/DEBUG] [net.minecraftforge.fml.loading.moddiscovery.ModFileParser/LOADING]: Considering mod file candidate /workspaces/enderdeath/servidor_minecraft/mods/ftb-teams-forge-2001.3.0.jar
[26Jul2026 05:21:10.823] [main/DEBUG] [net.minecraftforge.fml.loading.moddiscovery.ModFileInfo/LOADING]: Found valid mod file ftb-teams-forge-2001.3.0.jar with {ftbteams} mods - versions {2001.3.0}
[26Jul2026 05:21:10.824] [main/DEBUG] [net.minecraftforge.fml.loading.moddiscovery.ModFileParser/LOADING]: Considering mod file candidate /workspaces/enderdeath/servidor_minecraft/mods/geckolib-forge-1.20.1-4.8.2.jar
[26Jul2026 05:21:10.825] [main/DEBUG] [net.minecraftforge.fml.loading.moddiscovery.ModFileInfo/LOADING]: Found valid mod file geckolib-forge-1.20.1-4.8.2.jar with {geckolib} mods - versions {4.8.2}
[26Jul2026 05:21:10.838] [main/DEBUG] [net.minecraftforge.fml.loading.moddiscovery.ModFileParser/LOADING]: Considering mod file candidate /workspaces/enderdeath/servidor_minecraft/mods/handcrafted-forge-1.20.1-3.0.6.jar
[26Jul2026 05:21:10.839] [main/DEBUG] [net.minecraftforge.fml.loading.moddiscovery.ModFileInfo/LOADING]: Found valid mod file handcrafted-forge-1.20.1-3.0.6.jar with {handcrafted} mods - versions {3.0.6}
[26Jul2026 05:21:10.840] [main/DEBUG] [net.minecraftforge.fml.loading.moddiscovery.ModFileParser/LOADING]: Considering mod file candidate /workspaces/enderdeath/servidor_minecraft/mods/healingcampfire-1.20.1-6.2.jar
[26Jul2026 05:21:10.841] [main/DEBUG] [net.minecraftforge.fml.loading.moddiscovery.ModFileInfo/LOADING]: Found valid mod file healingcampfire-1.20.1-6.2.jar with {healingcampfire} mods - versions {6.2}
[26Jul2026 05:21:10.843] [main/DEBUG] [net.minecraftforge.fml.loading.moddiscovery.ModFileParser/LOADING]: Considering mod file candidate /workspaces/enderdeath/servidor_minecraft/mods/Iceberg-1.20.1-forge-1.1.25.jar
[26Jul2026 05:21:10.844] [main/DEBUG] [net.minecraftforge.fml.loading.moddiscovery.ModFileInfo/LOADING]: Found valid mod file Iceberg-1.20.1-forge-1.1.25.jar with {iceberg} mods - versions {1.1.25}
[26Jul2026 05:21:10.846] [main/DEBUG] [net.minecraftforge.fml.loading.moddiscovery.ModFileParser/LOADING]: Considering mod file candidate /workspaces/enderdeath/servidor_minecraft/mods/Icterine-forge-1.20.0-1-1.3.0.jar
[26Jul2026 05:21:10.846] [main/DEBUG] [net.minecraftforge.fml.loading.moddiscovery.ModFileInfo/LOADING]: Found valid mod file Icterine-forge-1.20.0-1-1.3.0.jar with {icterine} mods - versions {1.3.0}
[26Jul2026 05:21:10.848] [main/DEBUG] [net.minecraftforge.fml.loading.moddiscovery.ModFileParser/LOADING]: Considering mod file candidate /workspaces/enderdeath/servidor_minecraft/mods/incontrol-1.20-9.4.6.jar
[26Jul2026 05:21:10.849] [main/DEBUG] [net.minecraftforge.fml.loading.moddiscovery.ModFileInfo/LOADING]: Found valid mod file incontrol-1.20-9.4.6.jar with {incontrol} mods - versions {1.20-9.4.6}
[26Jul2026 05:21:10.856] [main/DEBUG] [net.minecraftforge.fml.loading.moddiscovery.ModFileParser/LOADING]: Considering mod file candidate /workspaces/enderdeath/servidor_minecraft/mods/Jadens-Nether-Expansion-2.3.5.jar
[26Jul2026 05:21:10.858] [main/DEBUG] [net.minecraftforge.fml.loading.moddiscovery.ModFileInfo/LOADING]: Found valid mod file Jadens-Nether-Expansion-2.3.5.jar with {netherexp} mods - versions {2.3.5}
[26Jul2026 05:21:10.860] [main/DEBUG] [net.minecraftforge.fml.loading.moddiscovery.ModFileParser/LOADING]: Considering mod file candidate /workspaces/enderdeath/servidor_minecraft/mods/jei-1.20.1-forge-15.20.0.130.jar
[26Jul2026 05:21:10.862] [main/DEBUG] [net.minecraftforge.fml.loading.moddiscovery.ModFileInfo/LOADING]: Found valid mod file jei-1.20.1-forge-15.20.0.130.jar with {jei} mods - versions {15.20.0.130}
[26Jul2026 05:21:10.864] [main/DEBUG] [net.minecraftforge.fml.loading.moddiscovery.ModFileParser/LOADING]: Considering mod file candidate /workspaces/enderdeath/servidor_minecraft/mods/Jupiter-2.2.2-forge.jar
[26Jul2026 05:21:10.865] [main/DEBUG] [net.minecraftforge.fml.loading.moddiscovery.ModFileInfo/LOADING]: Found valid mod file Jupiter-2.2.2-forge.jar with {jupiter} mods - versions {2.2.2}
[26Jul2026 05:21:10.866] [main/DEBUG] [net.minecraftforge.fml.loading.moddiscovery.ModFileParser/LOADING]: Considering mod file candidate /workspaces/enderdeath/servidor_minecraft/mods/justlevelingfork-1.2.1.jar
[26Jul2026 05:21:10.867] [main/DEBUG] [net.minecraftforge.fml.loading.moddiscovery.ModFileInfo/LOADING]: Found valid mod file justlevelingfork-1.2.1.jar with {justlevelingfork} mods - versions {1.2.1}
[26Jul2026 05:21:10.868] [main/DEBUG] [net.minecraftforge.fml.loading.moddiscovery.ModFileParser/LOADING]: Considering mod file candidate /workspaces/enderdeath/servidor_minecraft/mods/konkrete_forge_1.8.0_MC_1.20-1.20.1.jar
[26Jul2026 05:21:10.870] [main/DEBUG] [net.minecraftforge.fml.loading.moddiscovery.ModFileInfo/LOADING]: Found valid mod file konkrete_forge_1.8.0_MC_1.20-1.20.1.jar with {konkrete} mods - versions {1.8.0}
[26Jul2026 05:21:10.955] [main/DEBUG] [net.minecraftforge.fml.loading.moddiscovery.ModFileParser/LOADING]: Considering mod file candidate /workspaces/enderdeath/servidor_minecraft/mods/L_Enders_Cataclysm-3.07.jar
[26Jul2026 05:21:10.958] [main/DEBUG] [net.minecraftforge.fml.loading.moddiscovery.ModFileInfo/LOADING]: Found valid mod file L_Enders_Cataclysm-3.07.jar with {cataclysm} mods - versions {3.07}
[26Jul2026 05:21:10.959] [main/DEBUG] [net.minecraftforge.fml.loading.moddiscovery.ModFileParser/LOADING]: Considering mod file candidate /workspaces/enderdeath/servidor_minecraft/mods/lionfishapi-2.7.jar
[26Jul2026 05:21:10.961] [main/DEBUG] [net.minecraftforge.fml.loading.moddiscovery.ModFileInfo/LOADING]: Found valid mod file lionfishapi-2.7.jar with {lionfishapi} mods - versions {2.7}
[26Jul2026 05:21:10.963] [main/DEBUG] [net.minecraftforge.fml.loading.moddiscovery.ModFileParser/LOADING]: Considering mod file candidate /workspaces/enderdeath/servidor_minecraft/mods/lootr-forge-1.20-0.7.35.94.jar
[26Jul2026 05:21:10.964] [main/DEBUG] [net.minecraftforge.fml.loading.moddiscovery.ModFileInfo/LOADING]: Found valid mod file lootr-forge-1.20-0.7.35.94.jar with {lootr} mods - versions {0.7.35.94}
[26Jul2026 05:21:10.970] [main/DEBUG] [net.minecraftforge.fml.loading.moddiscovery.ModFileParser/LOADING]: Considering mod file candidate /workspaces/enderdeath/servidor_minecraft/mods/Luminous Nether V1.3.2 - Forge 1.20.1.jar
[26Jul2026 05:21:10.971] [main/DEBUG] [net.minecraftforge.fml.loading.moddiscovery.ModFileInfo/LOADING]: Found valid mod file Luminous Nether V1.3.2 - Forge 1.20.1.jar with {luminous_nether} mods - versions {1.3.2}
[26Jul2026 05:21:10.977] [main/DEBUG] [net.minecraftforge.fml.loading.moddiscovery.ModFileParser/LOADING]: Considering mod file candidate /workspaces/enderdeath/servidor_minecraft/mods/Luminous V1.5.2 - Forge 1.20.1.jar
[26Jul2026 05:21:10.978] [main/DEBUG] [net.minecraftforge.fml.loading.moddiscovery.ModFileInfo/LOADING]: Found valid mod file Luminous V1.5.2 - Forge 1.20.1.jar with {luminousworld} mods - versions {1.5.2}
[26Jul2026 05:21:10.979] [main/DEBUG] [net.minecraftforge.fml.loading.moddiscovery.ModFileParser/LOADING]: Considering mod file candidate /workspaces/enderdeath/servidor_minecraft/mods/LuminousTag V1.1 - Forge 1.20.1.jar
[26Jul2026 05:21:10.980] [main/DEBUG] [net.minecraftforge.fml.loading.moddiscovery.ModFileInfo/LOADING]: Found valid mod file LuminousTag V1.1 - Forge 1.20.1.jar with {luminoustag} mods - versions {1.1}
[26Jul2026 05:21:10.980] [main/DEBUG] [net.minecraftforge.fml.loading.moddiscovery.ModFileParser/LOADING]: Considering mod file candidate /workspaces/enderdeath/servidor_minecraft/mods/Lunar-forge-1.20.1-0.2.7.jar
[26Jul2026 05:21:10.981] [main/DEBUG] [net.minecraftforge.fml.loading.moddiscovery.ModFileInfo/LOADING]: Found valid mod file Lunar-forge-1.20.1-0.2.7.jar with {lunar} mods - versions {0.2.7}
[26Jul2026 05:21:10.982] [main/DEBUG] [net.minecraftforge.fml.loading.moddiscovery.ModFileParser/LOADING]: Considering mod file candidate /workspaces/enderdeath/servidor_minecraft/mods/modernfix-forge-5.25.1+mc1.20.1.jar
[26Jul2026 05:21:10.983] [main/DEBUG] [net.minecraftforge.fml.loading.moddiscovery.ModFileInfo/LOADING]: Found valid mod file modernfix-forge-5.25.1+mc1.20.1.jar with {modernfix} mods - versions {5.25.1+mc1.20.1}
[26Jul2026 05:21:10.990] [main/DEBUG] [net.minecraftforge.fml.loading.moddiscovery.ModFileParser/LOADING]: Considering mod file candidate /workspaces/enderdeath/servidor_minecraft/mods/mofus_broken_constellation-0.9.0-forge-1.20.1.jar
[26Jul2026 05:21:10.993] [main/DEBUG] [net.minecraftforge.fml.loading.moddiscovery.ModFileInfo/LOADING]: Found valid mod file mofus_broken_constellation-0.9.0-forge-1.20.1.jar with {mofus_better_end_} mods - versions {1.0.0}
[26Jul2026 05:21:10.994] [main/DEBUG] [net.minecraftforge.fml.loading.moddiscovery.ModFileParser/LOADING]: Considering mod file candidate /workspaces/enderdeath/servidor_minecraft/mods/moogs_structure_lib-1.1.0-1.20-1.20.4-forge.jar
[26Jul2026 05:21:10.995] [main/DEBUG] [net.minecraftforge.fml.loading.moddiscovery.ModFileInfo/LOADING]: Found valid mod file moogs_structure_lib-1.1.0-1.20-1.20.4-forge.jar with {moogs_structures} mods - versions {1.1.0-1.20-1.20.4}
[26Jul2026 05:21:10.996] [main/DEBUG] [net.minecraftforge.fml.loading.moddiscovery.ModFileParser/LOADING]: Considering mod file candidate /workspaces/enderdeath/servidor_minecraft/mods/MoogsVoyagerStructures-1.20-5.0.21.jar
[26Jul2026 05:21:10.997] [main/DEBUG] [net.minecraftforge.fml.loading.moddiscovery.ModFileInfo/LOADING]: Found valid mod file MoogsVoyagerStructures-1.20-5.0.21.jar with {mvs} mods - versions {5.0.21}
[26Jul2026 05:21:10.999] [main/DEBUG] [net.minecraftforge.fml.loading.moddiscovery.ModFileParser/LOADING]: Considering mod file candidate /workspaces/enderdeath/servidor_minecraft/mods/moonlight-1.20-2.16.16-forge.jar
[26Jul2026 05:21:11.003] [main/DEBUG] [net.minecraftforge.fml.loading.moddiscovery.ModFileInfo/LOADING]: Found valid mod file moonlight-1.20-2.16.16-forge.jar with {moonlight} mods - versions {1.20-2.16.16}
[26Jul2026 05:21:11.004] [main/DEBUG] [net.minecraftforge.fml.loading.moddiscovery.ModFileParser/LOADING]: Considering mod file candidate /workspaces/enderdeath/servidor_minecraft/mods/movingelevators-1.4.12-forge-mc1.20.1.jar
[26Jul2026 05:21:11.005] [main/DEBUG] [net.minecraftforge.fml.loading.moddiscovery.ModFileInfo/LOADING]: Found valid mod file movingelevators-1.4.12-forge-mc1.20.1.jar with {movingelevators} mods - versions {1.4.12}
[26Jul2026 05:21:11.005] [main/DEBUG] [net.minecraftforge.fml.loading.moddiscovery.ModFileParser/LOADING]: Considering mod file candidate /workspaces/enderdeath/servidor_minecraft/mods/musicbox-forge-2.0.2+1.20.1.jar
[26Jul2026 05:21:11.007] [main/DEBUG] [net.minecraftforge.fml.loading.moddiscovery.ModFileInfo/LOADING]: Found valid mod file musicbox-forge-2.0.2+1.20.1.jar with {musicbox} mods - versions {2.0.2}
[26Jul2026 05:21:11.011] [main/DEBUG] [net.minecraftforge.fml.loading.moddiscovery.ModFileParser/LOADING]: Considering mod file candidate /workspaces/enderdeath/servidor_minecraft/mods/MutantMonsters-v8.0.8-1.20.1-Forge.jar
[26Jul2026 05:21:11.012] [main/DEBUG] [net.minecraftforge.fml.loading.moddiscovery.ModFileInfo/LOADING]: Found valid mod file MutantMonsters-v8.0.8-1.20.1-Forge.jar with {mutantmonsters} mods - versions {8.0.8}
[26Jul2026 05:21:11.014] [main/DEBUG] [net.minecraftforge.fml.loading.moddiscovery.ModFileParser/LOADING]: Considering mod file candidate /workspaces/enderdeath/servidor_minecraft/mods/naturalist-5.0pre5+forge-1.20.1.jar
[26Jul2026 05:21:11.015] [main/DEBUG] [net.minecraftforge.fml.loading.moddiscovery.ModFileInfo/LOADING]: Found valid mod file naturalist-5.0pre5+forge-1.20.1.jar with {naturalist} mods - versions {5.0pre5}
[26Jul2026 05:21:11.015] [main/DEBUG] [net.minecraftforge.fml.loading.moddiscovery.ModFileParser/LOADING]: Considering mod file candidate /workspaces/enderdeath/servidor_minecraft/mods/OnlyLooking-1.20.1-4.1.1.jar
[26Jul2026 05:21:11.016] [main/DEBUG] [net.minecraftforge.fml.loading.moddiscovery.ModFileInfo/LOADING]: Found valid mod file OnlyLooking-1.20.1-4.1.1.jar with {onlylooking} mods - versions {1.20.1-4.1.1}
[26Jul2026 05:21:11.017] [main/DEBUG] [net.minecraftforge.fml.loading.moddiscovery.ModFileParser/LOADING]: Considering mod file candidate /workspaces/enderdeath/servidor_minecraft/mods/Placebo-1.20.1-8.6.3.jar
[26Jul2026 05:21:11.017] [main/DEBUG] [net.minecraftforge.fml.loading.moddiscovery.ModFileInfo/LOADING]: Found valid mod file Placebo-1.20.1-8.6.3.jar with {placebo} mods - versions {8.6.3}
[26Jul2026 05:21:11.018] [main/DEBUG] [net.minecraftforge.fml.loading.moddiscovery.ModFileParser/LOADING]: Considering mod file candidate /workspaces/enderdeath/servidor_minecraft/mods/Platform-forge-1.20.1-1.3.2.jar
[26Jul2026 05:21:11.019] [main/DEBUG] [net.minecraftforge.fml.loading.moddiscovery.ModFileInfo/LOADING]: Found valid mod file Platform-forge-1.20.1-1.3.2.jar with {platform} mods - versions {1.3.2}
[26Jul2026 05:21:11.019] [main/DEBUG] [net.minecraftforge.fml.loading.moddiscovery.ModFileParser/LOADING]: Considering mod file candidate /workspaces/enderdeath/servidor_minecraft/mods/player-animation-lib-forge-1.0.2-rc1+1.20.jar
[26Jul2026 05:21:11.020] [main/DEBUG] [net.minecraftforge.fml.loading.moddiscovery.ModFileInfo/LOADING]: Found valid mod file player-animation-lib-forge-1.0.2-rc1+1.20.jar with {playeranimator} mods - versions {1.0.2-rc1+1.20}
[26Jul2026 05:21:11.030] [main/DEBUG] [net.minecraftforge.fml.loading.moddiscovery.ModFileParser/LOADING]: Considering mod file candidate /workspaces/enderdeath/servidor_minecraft/mods/PuzzlesLib-v8.1.33-1.20.1-Forge.jar
[26Jul2026 05:21:11.031] [main/DEBUG] [net.minecraftforge.fml.loading.moddiscovery.ModFileInfo/LOADING]: Found valid mod file PuzzlesLib-v8.1.33-1.20.1-Forge.jar with {puzzleslib} mods - versions {8.1.33}
[26Jul2026 05:21:11.032] [main/DEBUG] [net.minecraftforge.fml.loading.moddiscovery.ModFileParser/LOADING]: Considering mod file candidate /workspaces/enderdeath/servidor_minecraft/mods/raidsenhanced-1.0.2-1.20.1.jar
[26Jul2026 05:21:11.033] [main/DEBUG] [net.minecraftforge.fml.loading.moddiscovery.ModFileInfo/LOADING]: Found valid mod file raidsenhanced-1.0.2-1.20.1.jar with {raidsenhanced} mods - versions {1.0.2}
[26Jul2026 05:21:11.160] [main/DEBUG] [net.minecraftforge.fml.loading.moddiscovery.ModFileParser/LOADING]: Considering mod file candidate /workspaces/enderdeath/servidor_minecraft/mods/refurbished_furniture-forge-1.20.1-1.0.20.jar
[26Jul2026 05:21:11.161] [main/DEBUG] [net.minecraftforge.fml.loading.moddiscovery.ModFileInfo/LOADING]: Found valid mod file refurbished_furniture-forge-1.20.1-1.0.20.jar with {refurbished_furniture} mods - versions {1.0.20}
[26Jul2026 05:21:11.162] [main/DEBUG] [net.minecraftforge.fml.loading.moddiscovery.ModFileParser/LOADING]: Considering mod file candidate /workspaces/enderdeath/servidor_minecraft/mods/resourcefulconfig-forge-1.20.1-2.1.3.jar
[26Jul2026 05:21:11.163] [main/DEBUG] [net.minecraftforge.fml.loading.moddiscovery.ModFileInfo/LOADING]: Found valid mod file resourcefulconfig-forge-1.20.1-2.1.3.jar with {resourcefulconfig} mods - versions {2.1.3}
[26Jul2026 05:21:11.164] [main/DEBUG] [net.minecraftforge.fml.loading.moddiscovery.ModFileParser/LOADING]: Considering mod file candidate /workspaces/enderdeath/servidor_minecraft/mods/resourcefullib-forge-1.20.1-2.1.29.jar
[26Jul2026 05:21:11.165] [main/DEBUG] [net.minecraftforge.fml.loading.moddiscovery.ModFileInfo/LOADING]: Found valid mod file resourcefullib-forge-1.20.1-2.1.29.jar with {resourcefullib} mods - versions {2.1.29}
[26Jul2026 05:21:11.165] [main/DEBUG] [net.minecraftforge.fml.loading.moddiscovery.ModFileParser/LOADING]: Considering mod file candidate /workspaces/enderdeath/servidor_minecraft/mods/supermartijn642configlib-1.1.8-forge-mc1.20.jar
[26Jul2026 05:21:11.166] [main/DEBUG] [net.minecraftforge.fml.loading.moddiscovery.ModFileInfo/LOADING]: Found valid mod file supermartijn642configlib-1.1.8-forge-mc1.20.jar with {supermartijn642configlib} mods - versions {1.1.8}
[26Jul2026 05:21:11.169] [main/DEBUG] [net.minecraftforge.fml.loading.moddiscovery.ModFileParser/LOADING]: Considering mod file candidate /workspaces/enderdeath/servidor_minecraft/mods/supermartijn642corelib-1.1.21-forge-mc1.20.1.jar
[26Jul2026 05:21:11.170] [main/DEBUG] [net.minecraftforge.fml.loading.moddiscovery.ModFileInfo/LOADING]: Found valid mod file supermartijn642corelib-1.1.21-forge-mc1.20.1.jar with {supermartijn642corelib} mods - versions {1.1.21}
[26Jul2026 05:21:11.170] [main/DEBUG] [net.minecraftforge.fml.loading.moddiscovery.ModFileParser/LOADING]: Considering mod file candidate /workspaces/enderdeath/servidor_minecraft/mods/tact-1.5.2+1.20.1.jar
[26Jul2026 05:21:11.172] [main/DEBUG] [net.minecraftforge.fml.loading.moddiscovery.ModFileInfo/LOADING]: Found valid mod file tact-1.5.2+1.20.1.jar with {tact} mods - versions {1.5.2}
[26Jul2026 05:21:11.173] [main/DEBUG] [net.minecraftforge.fml.loading.moddiscovery.ModFileParser/LOADING]: Considering mod file candidate /workspaces/enderdeath/servidor_minecraft/mods/TerraBlender-forge-1.20.1-3.0.1.10.jar
[26Jul2026 05:21:11.174] [main/DEBUG] [net.minecraftforge.fml.loading.moddiscovery.ModFileInfo/LOADING]: Found valid mod file TerraBlender-forge-1.20.1-3.0.1.10.jar with {terrablender} mods - versions {3.0.1.10}
[26Jul2026 05:21:11.175] [main/DEBUG] [net.minecraftforge.fml.loading.moddiscovery.ModFileParser/LOADING]: Considering mod file candidate /workspaces/enderdeath/servidor_minecraft/mods/Trials-Final.jar
[26Jul2026 05:21:11.176] [main/DEBUG] [net.minecraftforge.fml.loading.moddiscovery.ModFileInfo/LOADING]: Found valid mod file Trials-Final.jar with {trials} mods - versions {2.3.4}
[26Jul2026 05:21:11.177] [main/DEBUG] [net.minecraftforge.fml.loading.moddiscovery.ModFileParser/LOADING]: Considering mod file candidate /workspaces/enderdeath/servidor_minecraft/mods/tru.e-ending-v1.1.0c.jar
[26Jul2026 05:21:11.178] [main/DEBUG] [net.minecraftforge.fml.loading.moddiscovery.ModFileInfo/LOADING]: Found valid mod file tru.e-ending-v1.1.0c.jar with {mr_limesplatus_ending} mods - versions {1-v1.1.0c}
[26Jul2026 05:21:11.181] [main/DEBUG] [net.minecraftforge.fml.loading.moddiscovery.ModFileParser/LOADING]: Considering mod file candidate /workspaces/enderdeath/servidor_minecraft/mods/yet_another_config_lib_v3-3.6.6+1.20.1-forge.jar
[26Jul2026 05:21:11.181] [main/DEBUG] [net.minecraftforge.fml.loading.moddiscovery.ModFileInfo/LOADING]: Found valid mod file yet_another_config_lib_v3-3.6.6+1.20.1-forge.jar with {yet_another_config_lib_v3} mods - versions {3.6.6+1.20.1-forge}
[26Jul2026 05:21:11.182] [main/DEBUG] [net.minecraftforge.fml.loading.moddiscovery.ModFileParser/LOADING]: Considering mod file candidate /workspaces/enderdeath/servidor_minecraft/mods/YungsApi-1.20-Forge-4.0.6.jar
[26Jul2026 05:21:11.187] [main/DEBUG] [net.minecraftforge.fml.loading.moddiscovery.ModFileInfo/LOADING]: Found valid mod file YungsApi-1.20-Forge-4.0.6.jar with {yungsapi} mods - versions {1.20-Forge-4.0.6}
[26Jul2026 05:21:11.188] [main/DEBUG] [net.minecraftforge.fml.loading.moddiscovery.ModFileParser/LOADING]: Considering mod file candidate /workspaces/enderdeath/servidor_minecraft/mods/YungsBetterEndIsland-1.20-Forge-2.0.6.jar
[26Jul2026 05:21:11.189] [main/DEBUG] [net.minecraftforge.fml.loading.moddiscovery.ModFileInfo/LOADING]: Found valid mod file YungsBetterEndIsland-1.20-Forge-2.0.6.jar with {betterendisland} mods - versions {1.20-Forge-2.0.6}
[26Jul2026 05:21:11.189] [main/DEBUG] [net.minecraftforge.fml.loading.moddiscovery.ModFileParser/LOADING]: Considering mod file candidate /workspaces/enderdeath/servidor_minecraft/mods/YungsBetterStrongholds-1.20-Forge-4.0.3.jar
[26Jul2026 05:21:11.192] [main/DEBUG] [net.minecraftforge.fml.loading.moddiscovery.ModFileInfo/LOADING]: Found valid mod file YungsBetterStrongholds-1.20-Forge-4.0.3.jar with {betterstrongholds} mods - versions {1.20-Forge-4.0.3}
[26Jul2026 05:21:11.546] [main/DEBUG] [net.minecraftforge.fml.loading.moddiscovery.ModFileInfo/LOADING]: Found valid mod file server-1.20.1-20230612.114412-srg.jar with {minecraft} mods - versions {1.20.1}
[26Jul2026 05:21:11.551] [main/DEBUG] [net.minecraftforge.fml.loading.moddiscovery.ModFileParser/LOADING]: Considering mod file candidate /workspaces/enderdeath/servidor_minecraft/libraries/net/minecraftforge/fmlcore/1.20.1-47.4.10/fmlcore-1.20.1-47.4.10.jar
[26Jul2026 05:21:11.551] [main/WARN] [net.minecraftforge.fml.loading.moddiscovery.ModFileParser/LOADING]: Mod file /workspaces/enderdeath/servidor_minecraft/libraries/net/minecraftforge/fmlcore/1.20.1-47.4.10/fmlcore-1.20.1-47.4.10.jar is missing mods.toml file
[26Jul2026 05:21:11.553] [main/DEBUG] [net.minecraftforge.fml.loading.moddiscovery.ModFileParser/LOADING]: Considering mod file candidate /workspaces/enderdeath/servidor_minecraft/libraries/net/minecraftforge/javafmllanguage/1.20.1-47.4.10/javafmllanguage-1.20.1-47.4.10.jar
[26Jul2026 05:21:11.553] [main/WARN] [net.minecraftforge.fml.loading.moddiscovery.ModFileParser/LOADING]: Mod file /workspaces/enderdeath/servidor_minecraft/libraries/net/minecraftforge/javafmllanguage/1.20.1-47.4.10/javafmllanguage-1.20.1-47.4.10.jar is missing mods.toml file
[26Jul2026 05:21:11.554] [main/DEBUG] [net.minecraftforge.fml.loading.moddiscovery.ModFileParser/LOADING]: Considering mod file candidate /workspaces/enderdeath/servidor_minecraft/libraries/net/minecraftforge/lowcodelanguage/1.20.1-47.4.10/lowcodelanguage-1.20.1-47.4.10.jar
[26Jul2026 05:21:11.554] [main/WARN] [net.minecraftforge.fml.loading.moddiscovery.ModFileParser/LOADING]: Mod file /workspaces/enderdeath/servidor_minecraft/libraries/net/minecraftforge/lowcodelanguage/1.20.1-47.4.10/lowcodelanguage-1.20.1-47.4.10.jar is missing mods.toml file
[26Jul2026 05:21:11.555] [main/DEBUG] [net.minecraftforge.fml.loading.moddiscovery.ModFileParser/LOADING]: Considering mod file candidate /workspaces/enderdeath/servidor_minecraft/libraries/net/minecraftforge/mclanguage/1.20.1-47.4.10/mclanguage-1.20.1-47.4.10.jar
[26Jul2026 05:21:11.556] [main/WARN] [net.minecraftforge.fml.loading.moddiscovery.ModFileParser/LOADING]: Mod file /workspaces/enderdeath/servidor_minecraft/libraries/net/minecraftforge/mclanguage/1.20.1-47.4.10/mclanguage-1.20.1-47.4.10.jar is missing mods.toml file
[26Jul2026 05:21:11.690] [main/DEBUG] [net.minecraftforge.fml.loading.moddiscovery.ModFileParser/LOADING]: Considering mod file candidate /workspaces/enderdeath/servidor_minecraft/libraries/net/minecraftforge/forge/1.20.1-47.4.10/forge-1.20.1-47.4.10-universal.jar
[26Jul2026 05:21:11.691] [main/DEBUG] [net.minecraftforge.fml.loading.moddiscovery.ModFileInfo/LOADING]: Found valid mod file forge-1.20.1-47.4.10-universal.jar with {forge} mods - versions {47.4.10}
[26Jul2026 05:21:11.716] [main/DEBUG] [net.minecraftforge.fml.loading.moddiscovery.AbstractJarFileDependencyLocator/]: Failed to load resource META-INF/jarjar/metadata.json from easy_npc-forge-1.20.1-6.25.0.jar, it does not contain dependency information.
[26Jul2026 05:21:11.717] [main/DEBUG] [net.minecraftforge.fml.loading.moddiscovery.AbstractJarFileDependencyLocator/]: Failed to load resource META-INF/jarjar/metadata.json from supermartijn642configlib-1.1.8-forge-mc1.20.jar, it does not contain dependency information.
[26Jul2026 05:21:11.717] [main/DEBUG] [net.minecraftforge.fml.loading.moddiscovery.AbstractJarFileDependencyLocator/]: Failed to load resource META-INF/jarjar/metadata.json from ftb-library-forge-2001.2.10.jar, it does not contain dependency information.
[26Jul2026 05:21:11.717] [main/DEBUG] [net.minecraftforge.fml.loading.moddiscovery.AbstractJarFileDependencyLocator/]: Failed to load resource META-INF/jarjar/metadata.json from formationsnether-1.0.5.jar, it does not contain dependency information.
[26Jul2026 05:21:11.717] [main/DEBUG] [net.minecraftforge.fml.loading.moddiscovery.AbstractJarFileDependencyLocator/]: Failed to load resource META-INF/jarjar/metadata.json from player-animation-lib-forge-1.0.2-rc1+1.20.jar, it does not contain dependency information.
[26Jul2026 05:21:11.717] [main/DEBUG] [net.minecraftforge.fml.loading.moddiscovery.AbstractJarFileDependencyLocator/]: Failed to load resource META-INF/jarjar/metadata.json from ElysiumAPI-1.20.1-1.1.3.jar, it does not contain dependency information.
[26Jul2026 05:21:11.721] [main/DEBUG] [net.minecraftforge.fml.loading.moddiscovery.AbstractJarFileDependencyLocator/]: Failed to load resource META-INF/jarjar/metadata.json from jei-1.20.1-forge-15.20.0.130.jar, it does not contain dependency information.
[26Jul2026 05:21:11.721] [main/DEBUG] [net.minecraftforge.fml.loading.moddiscovery.AbstractJarFileDependencyLocator/]: Failed to load resource META-INF/jarjar/metadata.json from deltaboxlib-forge-2.2.0+1.20.1.jar, it does not contain dependency information.
[26Jul2026 05:21:11.721] [main/DEBUG] [net.minecraftforge.fml.loading.moddiscovery.AbstractJarFileDependencyLocator/]: Failed to load resource META-INF/jarjar/metadata.json from incontrol-1.20-9.4.6.jar, it does not contain dependency information.
[26Jul2026 05:21:11.721] [main/DEBUG] [net.minecraftforge.fml.loading.moddiscovery.AbstractJarFileDependencyLocator/]: Failed to load resource META-INF/jarjar/metadata.json from connectivity-1.20.1-7.2.jar, it does not contain dependency information.
[26Jul2026 05:21:11.723] [main/DEBUG] [net.minecraftforge.fml.loading.moddiscovery.AbstractJarFileDependencyLocator/]: Failed to load resource META-INF/jarjar/metadata.json from FastSuite-1.20.1-5.1.0.jar, it does not contain dependency information.
[26Jul2026 05:21:11.723] [main/DEBUG] [net.minecraftforge.fml.loading.moddiscovery.AbstractJarFileDependencyLocator/]: Failed to load resource META-INF/jarjar/metadata.json from fastasyncworldsave-1.20.1-2.6.jar, it does not contain dependency information.
[26Jul2026 05:21:11.723] [main/DEBUG] [net.minecraftforge.fml.loading.moddiscovery.AbstractJarFileDependencyLocator/]: Failed to load resource META-INF/jarjar/metadata.json from Placebo-1.20.1-8.6.3.jar, it does not contain dependency information.
[26Jul2026 05:21:11.724] [main/DEBUG] [net.minecraftforge.fml.loading.moddiscovery.AbstractJarFileDependencyLocator/]: Failed to load resource META-INF/jarjar/metadata.json from LuminousTag V1.1 - Forge 1.20.1.jar, it does not contain dependency information.
[26Jul2026 05:21:11.724] [main/DEBUG] [net.minecraftforge.fml.loading.moddiscovery.AbstractJarFileDependencyLocator/]: Failed to load resource META-INF/jarjar/metadata.json from citadel-2.6.2-1.20.1.jar, it does not contain dependency information.
[26Jul2026 05:21:11.724] [main/DEBUG] [net.minecraftforge.fml.loading.moddiscovery.AbstractJarFileDependencyLocator/]: Failed to load resource META-INF/jarjar/metadata.json from alternate_current-mc1.20-1.7.0.jar, it does not contain dependency information.
[26Jul2026 05:21:11.725] [main/DEBUG] [net.minecraftforge.fml.loading.moddiscovery.AbstractJarFileDependencyLocator/]: Failed to load resource META-INF/jarjar/metadata.json from YungsApi-1.20-Forge-4.0.6.jar, it does not contain dependency information.
[26Jul2026 05:21:11.725] [main/DEBUG] [net.minecraftforge.fml.loading.moddiscovery.AbstractJarFileDependencyLocator/]: Failed to load resource META-INF/jarjar/metadata.json from Icterine-forge-1.20.0-1-1.3.0.jar, it does not contain dependency information.
[26Jul2026 05:21:11.725] [main/DEBUG] [net.minecraftforge.fml.loading.moddiscovery.AbstractJarFileDependencyLocator/]: Failed to load resource META-INF/jarjar/metadata.json from Bookshelf-Forge-1.20.1-20.2.13.jar, it does not contain dependency information.
[26Jul2026 05:21:11.725] [main/DEBUG] [net.minecraftforge.fml.loading.moddiscovery.AbstractJarFileDependencyLocator/]: Failed to load resource META-INF/jarjar/metadata.json from formations-1.0.4-forge-mc1.20.2.jar, it does not contain dependency information.
[26Jul2026 05:21:11.725] [main/DEBUG] [net.minecraftforge.fml.loading.moddiscovery.AbstractJarFileDependencyLocator/]: Failed to load resource META-INF/jarjar/metadata.json from ftb-teams-forge-2001.3.0.jar, it does not contain dependency information.
[26Jul2026 05:21:11.725] [main/DEBUG] [net.minecraftforge.fml.loading.moddiscovery.AbstractJarFileDependencyLocator/]: Failed to load resource META-INF/jarjar/metadata.json from cloth-config-11.1.136-forge.jar, it does not contain dependency information.
[26Jul2026 05:21:11.726] [main/DEBUG] [net.minecraftforge.fml.loading.moddiscovery.AbstractJarFileDependencyLocator/]: Failed to load resource META-INF/jarjar/metadata.json from forge-1.20.1-47.4.10-universal.jar, it does not contain dependency information.
[26Jul2026 05:21:11.726] [main/DEBUG] [net.minecraftforge.fml.loading.moddiscovery.AbstractJarFileDependencyLocator/]: Failed to load resource META-INF/jarjar/metadata.json from Luminous V1.5.2 - Forge 1.20.1.jar, it does not contain dependency information.
[26Jul2026 05:21:11.726] [main/DEBUG] [net.minecraftforge.fml.loading.moddiscovery.AbstractJarFileDependencyLocator/]: Failed to load resource META-INF/jarjar/metadata.json from konkrete_forge_1.8.0_MC_1.20-1.20.1.jar, it does not contain dependency information.
[26Jul2026 05:21:11.726] [main/DEBUG] [net.minecraftforge.fml.loading.moddiscovery.AbstractJarFileDependencyLocator/]: Failed to load resource META-INF/jarjar/metadata.json from justlevelingfork-1.2.1.jar, it does not contain dependency information.
[26Jul2026 05:21:11.726] [main/DEBUG] [net.minecraftforge.fml.loading.moddiscovery.AbstractJarFileDependencyLocator/]: Failed to load resource META-INF/jarjar/metadata.json from server-1.20.1-20230612.114412-srg.jar, it does not contain dependency information.
[26Jul2026 05:21:11.726] [main/DEBUG] [net.minecraftforge.fml.loading.moddiscovery.AbstractJarFileDependencyLocator/]: Failed to load resource META-INF/jarjar/metadata.json from FarmersDelight-1.20.1-1.2.9.jar, it does not contain dependency information.
[26Jul2026 05:21:11.727] [main/DEBUG] [net.minecraftforge.fml.loading.moddiscovery.AbstractJarFileDependencyLocator/]: Failed to load resource META-INF/jarjar/metadata.json from copperagebackport-forge-1.20.1-0.1.4.jar, it does not contain dependency information.
[26Jul2026 05:21:11.727] [main/DEBUG] [net.minecraftforge.fml.loading.moddiscovery.AbstractJarFileDependencyLocator/]: Failed to load resource META-INF/jarjar/metadata.json from handcrafted-forge-1.20.1-3.0.6.jar, it does not contain dependency information.
[26Jul2026 05:21:11.727] [main/DEBUG] [net.minecraftforge.fml.loading.moddiscovery.AbstractJarFileDependencyLocator/]: Failed to load resource META-INF/jarjar/metadata.json from alexscaves-2.0.2.jar, it does not contain dependency information.
[26Jul2026 05:21:11.727] [main/DEBUG] [net.minecraftforge.fml.loading.moddiscovery.AbstractJarFileDependencyLocator/]: Failed to load resource META-INF/jarjar/metadata.json from TerraBlender-forge-1.20.1-3.0.1.10.jar, it does not contain dependency information.
[26Jul2026 05:21:11.727] [main/DEBUG] [net.minecraftforge.fml.loading.moddiscovery.AbstractJarFileDependencyLocator/]: Failed to load resource META-INF/jarjar/metadata.json from endermanoverhaul-forge-1.20.1-1.0.4.jar, it does not contain dependency information.
[26Jul2026 05:21:11.727] [main/DEBUG] [net.minecraftforge.fml.loading.moddiscovery.AbstractJarFileDependencyLocator/]: Failed to load resource META-INF/jarjar/metadata.json from ftb-quests-forge-2001.4.16.jar, it does not contain dependency information.
[26Jul2026 05:21:11.727] [main/DEBUG] [net.minecraftforge.fml.loading.moddiscovery.AbstractJarFileDependencyLocator/]: Failed to load resource META-INF/jarjar/metadata.json from endersdelight-forge-1.20.1-1.1.3.jar, it does not contain dependency information.
[26Jul2026 05:21:11.728] [main/DEBUG] [net.minecraftforge.fml.loading.moddiscovery.AbstractJarFileDependencyLocator/]: Failed to load resource META-INF/jarjar/metadata.json from musicbox-forge-2.0.2+1.20.1.jar, it does not contain dependency information.
[26Jul2026 05:21:11.728] [main/DEBUG] [net.minecraftforge.fml.loading.moddiscovery.AbstractJarFileDependencyLocator/]: Failed to load resource META-INF/jarjar/metadata.json from Jupiter-2.2.2-forge.jar, it does not contain dependency information.
[26Jul2026 05:21:11.728] [main/DEBUG] [net.minecraftforge.fml.loading.moddiscovery.AbstractJarFileDependencyLocator/]: Failed to load resource META-INF/jarjar/metadata.json from mofus_broken_constellation-0.9.0-forge-1.20.1.jar, it does not contain dependency information.
[26Jul2026 05:21:11.728] [main/DEBUG] [net.minecraftforge.fml.loading.moddiscovery.AbstractJarFileDependencyLocator/]: Failed to load resource META-INF/jarjar/metadata.json from CreativeCore_FORGE_v2.12.32_mc1.20.1.jar, it does not contain dependency information.
[26Jul2026 05:21:11.728] [main/DEBUG] [net.minecraftforge.fml.loading.moddiscovery.AbstractJarFileDependencyLocator/]: Failed to load resource META-INF/jarjar/metadata.json from Platform-forge-1.20.1-1.3.2.jar, it does not contain dependency information.
[26Jul2026 05:21:11.728] [main/DEBUG] [net.minecraftforge.fml.loading.moddiscovery.AbstractJarFileDependencyLocator/]: Failed to load resource META-INF/jarjar/metadata.json from supermartijn642corelib-1.1.21-forge-mc1.20.1.jar, it does not contain dependency information.
[26Jul2026 05:21:11.729] [main/DEBUG] [net.minecraftforge.fml.loading.moddiscovery.AbstractJarFileDependencyLocator/]: Failed to load resource META-INF/jarjar/metadata.json from movingelevators-1.4.12-forge-mc1.20.1.jar, it does not contain dependency information.
[26Jul2026 05:21:11.729] [main/DEBUG] [net.minecraftforge.fml.loading.moddiscovery.AbstractJarFileDependencyLocator/]: Failed to load resource META-INF/jarjar/metadata.json from resourcefulconfig-forge-1.20.1-2.1.3.jar, it does not contain dependency information.
[26Jul2026 05:21:11.729] [main/DEBUG] [net.minecraftforge.fml.loading.moddiscovery.AbstractJarFileDependencyLocator/]: Failed to load resource META-INF/jarjar/metadata.json from lionfishapi-2.7.jar, it does not contain dependency information.
[26Jul2026 05:21:11.729] [main/DEBUG] [net.minecraftforge.fml.loading.moddiscovery.AbstractJarFileDependencyLocator/]: Failed to load resource META-INF/jarjar/metadata.json from easy_npc_bundle-forge-1.20.1-6.25.0.jar, it does not contain dependency information.
[26Jul2026 05:21:11.729] [main/DEBUG] [net.minecraftforge.fml.loading.moddiscovery.AbstractJarFileDependencyLocator/]: Failed to load resource META-INF/jarjar/metadata.json from L_Enders_Cataclysm-3.07.jar, it does not contain dependency information.
[26Jul2026 05:21:11.729] [main/DEBUG] [net.minecraftforge.fml.loading.moddiscovery.AbstractJarFileDependencyLocator/]: Failed to load resource META-INF/jarjar/metadata.json from Iceberg-1.20.1-forge-1.1.25.jar, it does not contain dependency information.
[26Jul2026 05:21:11.729] [main/DEBUG] [net.minecraftforge.fml.loading.moddiscovery.AbstractJarFileDependencyLocator/]: Failed to load resource META-INF/jarjar/metadata.json from curios-forge-5.14.1+1.20.1.jar, it does not contain dependency information.
[26Jul2026 05:21:11.729] [main/DEBUG] [net.minecraftforge.fml.loading.moddiscovery.AbstractJarFileDependencyLocator/]: Failed to load resource META-INF/jarjar/metadata.json from collective-1.20.1-8.13.jar, it does not contain dependency information.
[26Jul2026 05:21:11.730] [main/DEBUG] [net.minecraftforge.fml.loading.moddiscovery.AbstractJarFileDependencyLocator/]: Failed to load resource META-INF/jarjar/metadata.json from CerbonsAPI-Forge-1.20.1-1.1.0.jar, it does not contain dependency information.
[26Jul2026 05:21:11.730] [main/DEBUG] [net.minecraftforge.fml.loading.moddiscovery.AbstractJarFileDependencyLocator/]: Failed to load resource META-INF/jarjar/metadata.json from Lunar-forge-1.20.1-0.2.7.jar, it does not contain dependency information.
[26Jul2026 05:21:11.730] [main/DEBUG] [net.minecraftforge.fml.loading.moddiscovery.AbstractJarFileDependencyLocator/]: Failed to load resource META-INF/jarjar/metadata.json from [1.20.1] SecurityCraft v1.10.1.jar, it does not contain dependency information.
[26Jul2026 05:21:11.730] [main/DEBUG] [net.minecraftforge.fml.loading.moddiscovery.AbstractJarFileDependencyLocator/]: Failed to load resource META-INF/jarjar/metadata.json from YungsBetterStrongholds-1.20-Forge-4.0.3.jar, it does not contain dependency information.
[26Jul2026 05:21:11.730] [main/DEBUG] [net.minecraftforge.fml.loading.moddiscovery.AbstractJarFileDependencyLocator/]: Failed to load resource META-INF/jarjar/metadata.json from OnlyLooking-1.20.1-4.1.1.jar, it does not contain dependency information.
[26Jul2026 05:21:11.730] [main/DEBUG] [net.minecraftforge.fml.loading.moddiscovery.AbstractJarFileDependencyLocator/]: Failed to load resource META-INF/jarjar/metadata.json from MoogsVoyagerStructures-1.20-5.0.21.jar, it does not contain dependency information.
[26Jul2026 05:21:11.730] [main/DEBUG] [net.minecraftforge.fml.loading.moddiscovery.AbstractJarFileDependencyLocator/]: Failed to load resource META-INF/jarjar/metadata.json from architectury-9.2.14-forge.jar, it does not contain dependency information.
[26Jul2026 05:21:11.730] [main/DEBUG] [net.minecraftforge.fml.loading.moddiscovery.AbstractJarFileDependencyLocator/]: Failed to load resource META-INF/jarjar/metadata.json from tru.e-ending-v1.1.0c.jar, it does not contain dependency information.
[26Jul2026 05:21:11.731] [main/DEBUG] [net.minecraftforge.fml.loading.moddiscovery.AbstractJarFileDependencyLocator/]: Failed to load resource META-INF/jarjar/metadata.json from lootr-forge-1.20-0.7.35.94.jar, it does not contain dependency information.
[26Jul2026 05:21:11.731] [main/DEBUG] [net.minecraftforge.fml.loading.moddiscovery.AbstractJarFileDependencyLocator/]: Failed to load resource META-INF/jarjar/metadata.json from ferritecore-6.0.1-forge.jar, it does not contain dependency information.
[26Jul2026 05:21:11.731] [main/DEBUG] [net.minecraftforge.fml.loading.moddiscovery.AbstractJarFileDependencyLocator/]: Failed to load resource META-INF/jarjar/metadata.json from AI-Improvements-1.20-0.5.2.jar, it does not contain dependency information.
[26Jul2026 05:21:11.731] [main/DEBUG] [net.minecraftforge.fml.loading.moddiscovery.AbstractJarFileDependencyLocator/]: Failed to load resource META-INF/jarjar/metadata.json from cupboard-1.20.1-2.7.jar, it does not contain dependency information.
[26Jul2026 05:21:11.731] [main/DEBUG] [net.minecraftforge.fml.loading.moddiscovery.AbstractJarFileDependencyLocator/]: Failed to load resource META-INF/jarjar/metadata.json from refurbished_furniture-forge-1.20.1-1.0.20.jar, it does not contain dependency information.
[26Jul2026 05:21:11.731] [main/DEBUG] [net.minecraftforge.fml.loading.moddiscovery.AbstractJarFileDependencyLocator/]: Failed to load resource META-INF/jarjar/metadata.json from easy_npc_config_ui-forge-1.20.1-6.25.0.jar, it does not contain dependency information.
[26Jul2026 05:21:11.731] [main/DEBUG] [net.minecraftforge.fml.loading.moddiscovery.AbstractJarFileDependencyLocator/]: Failed to load resource META-INF/jarjar/metadata.json from YungsBetterEndIsland-1.20-Forge-2.0.6.jar, it does not contain dependency information.
[26Jul2026 05:21:11.732] [main/DEBUG] [net.minecraftforge.fml.loading.moddiscovery.AbstractJarFileDependencyLocator/]: Failed to load resource META-INF/jarjar/metadata.json from Deep Dark Regrowth 1.2.6.1 - 1.20.1.jar, it does not contain dependency information.
[26Jul2026 05:21:11.732] [main/DEBUG] [net.minecraftforge.fml.loading.moddiscovery.AbstractJarFileDependencyLocator/]: Failed to load resource META-INF/jarjar/metadata.json from ColdSweat-2.4.jar, it does not contain dependency information.
[26Jul2026 05:21:11.732] [main/DEBUG] [net.minecraftforge.fml.loading.moddiscovery.AbstractJarFileDependencyLocator/]: Failed to load resource META-INF/jarjar/metadata.json from moogs_structure_lib-1.1.0-1.20-1.20.4-forge.jar, it does not contain dependency information.
[26Jul2026 05:21:11.732] [main/DEBUG] [net.minecraftforge.fml.loading.moddiscovery.AbstractJarFileDependencyLocator/]: Failed to load resource META-INF/jarjar/metadata.json from framework-forge-1.20.1-0.7.15.jar, it does not contain dependency information.
[26Jul2026 05:21:11.732] [main/DEBUG] [net.minecraftforge.fml.loading.moddiscovery.AbstractJarFileDependencyLocator/]: Failed to load resource META-INF/jarjar/metadata.json from Trials-Final.jar, it does not contain dependency information.
[26Jul2026 05:21:11.732] [main/DEBUG] [net.minecraftforge.fml.loading.moddiscovery.AbstractJarFileDependencyLocator/]: Failed to load resource META-INF/jarjar/metadata.json from cosmeticarmorreworked-1.20.1-v1a.jar, it does not contain dependency information.
[26Jul2026 05:21:11.732] [main/DEBUG] [net.minecraftforge.fml.loading.moddiscovery.AbstractJarFileDependencyLocator/]: Failed to load resource META-INF/jarjar/metadata.json from explosiveenhancement-1.1.0-1.20.1-client-and-server.jar, it does not contain dependency information.
[26Jul2026 05:21:11.732] [main/DEBUG] [net.minecraftforge.fml.loading.moddiscovery.AbstractJarFileDependencyLocator/]: Failed to load resource META-INF/jarjar/metadata.json from Luminous Nether V1.3.2 - Forge 1.20.1.jar, it does not contain dependency information.
[26Jul2026 05:21:11.733] [main/DEBUG] [net.minecraftforge.fml.loading.moddiscovery.AbstractJarFileDependencyLocator/]: Failed to load resource META-INF/jarjar/metadata.json from healingcampfire-1.20.1-6.2.jar, it does not contain dependency information.
[26Jul2026 05:21:11.733] [main/DEBUG] [net.minecraftforge.fml.loading.moddiscovery.AbstractJarFileDependencyLocator/]: Failed to load resource META-INF/jarjar/metadata.json from dedsafio3-0.0.9-forge-1.20.1 (1).jar, it does not contain dependency information.
[26Jul2026 05:21:11.733] [main/DEBUG] [net.minecraftforge.fml.loading.moddiscovery.AbstractJarFileDependencyLocator/]: Failed to load resource META-INF/jarjar/metadata.json from mclanguage-1.20.1-47.4.10.jar, it does not contain dependency information.
[26Jul2026 05:21:11.733] [main/DEBUG] [net.minecraftforge.fml.loading.moddiscovery.AbstractJarFileDependencyLocator/]: Failed to load resource META-INF/jarjar/metadata.json from javafmllanguage-1.20.1-47.4.10.jar, it does not contain dependency information.
[26Jul2026 05:21:11.733] [main/DEBUG] [net.minecraftforge.fml.loading.moddiscovery.AbstractJarFileDependencyLocator/]: Failed to load resource META-INF/jarjar/metadata.json from fmlcore-1.20.1-47.4.10.jar, it does not contain dependency information.
[26Jul2026 05:21:11.733] [main/DEBUG] [net.minecraftforge.fml.loading.moddiscovery.AbstractJarFileDependencyLocator/]: Failed to load resource META-INF/jarjar/metadata.json from lowcodelanguage-1.20.1-47.4.10.jar, it does not contain dependency information.
[26Jul2026 05:21:12.013] [main/DEBUG] [net.minecraftforge.fml.loading.moddiscovery.ModFileParser/LOADING]: Considering mod file candidate 
[26Jul2026 05:21:12.015] [main/DEBUG] [net.minecraftforge.fml.loading.moddiscovery.ModFileInfo/LOADING]: Found valid mod file midnightlib-1.4.2-forge.jar with {midnightlib} mods - versions {1.4.2}
[26Jul2026 05:21:12.093] [main/DEBUG] [net.minecraftforge.fml.loading.moddiscovery.ModFileParser/LOADING]: Considering mod file candidate 
[26Jul2026 05:21:12.094] [main/DEBUG] [net.minecraftforge.fml.loading.moddiscovery.ModFileInfo/LOADING]: Found valid mod file mixinextras-forge-0.3.6.jar with {mixinextras} mods - versions {0.3.6}
[26Jul2026 05:21:12.098] [main/DEBUG] [net.minecraftforge.fml.loading.moddiscovery.ModFileParser/LOADING]: Considering mod file candidate 
[26Jul2026 05:21:12.099] [main/DEBUG] [net.minecraftforge.fml.loading.moddiscovery.ModFileInfo/LOADING]: Found valid mod file puzzlesaccessapi-forge-20.1.1.jar with {puzzlesaccessapi} mods - versions {20.1.1}
[26Jul2026 05:21:12.102] [main/DEBUG] [net.minecraftforge.fml.loading.moddiscovery.ModFileParser/LOADING]: Considering mod file candidate 
[26Jul2026 05:21:12.103] [main/DEBUG] [net.minecraftforge.fml.loading.moddiscovery.ModFileInfo/LOADING]: Found valid mod file mixinextras-forge-0.4.1.jar with {mixinextras} mods - versions {0.4.1}
[26Jul2026 05:21:12.120] [main/DEBUG] [net.minecraftforge.fml.loading.moddiscovery.ModFileParser/LOADING]: Considering mod file candidate 
[26Jul2026 05:21:12.121] [main/DEBUG] [net.minecraftforge.fml.loading.moddiscovery.ModFileInfo/LOADING]: Found valid mod file mixinextras-forge-0.4.1.jar with {mixinextras} mods - versions {0.4.1}
[26Jul2026 05:21:12.162] [main/DEBUG] [net.minecraftforge.fml.loading.moddiscovery.ModFileParser/LOADING]: Considering mod file candidate 
[26Jul2026 05:21:12.163] [main/DEBUG] [net.minecraftforge.fml.loading.moddiscovery.ModFileInfo/LOADING]: Found valid mod file kffmod-4.12.0.jar with {kotlinforforge} mods - versions {4.12.0}
[26Jul2026 05:21:12.178] [main/DEBUG] [net.minecraftforge.fml.loading.moddiscovery.ModFileParser/LOADING]: Considering mod file candidate 
[26Jul2026 05:21:12.180] [main/DEBUG] [net.minecraftforge.fml.loading.moddiscovery.ModFileInfo/LOADING]: Found valid mod file mixinextras-forge-0.3.5.jar with {mixinextras} mods - versions {0.3.5}
[26Jul2026 05:21:12.183] [main/DEBUG] [net.minecraftforge.fml.loading.moddiscovery.ModFileParser/LOADING]: Considering mod file candidate 
[26Jul2026 05:21:12.184] [main/DEBUG] [net.minecraftforge.fml.loading.moddiscovery.ModFileInfo/LOADING]: Found valid mod file mixinextras-forge-0.4.1.jar with {mixinextras} mods - versions {0.4.1}
[26Jul2026 05:21:12.323] [main/DEBUG] [net.minecraftforge.fml.loading.moddiscovery.ModFileParser/LOADING]: Considering mod file candidate 
[26Jul2026 05:21:12.323] [main/DEBUG] [net.minecraftforge.fml.loading.moddiscovery.ModFileInfo/LOADING]: Found valid mod file resourcefullib-forge-1.20.1-2.1.20.jar with {resourcefullib} mods - versions {2.1.20}
[26Jul2026 05:21:12.333] [main/DEBUG] [net.minecraftforge.fml.loading.moddiscovery.ModFileParser/LOADING]: Considering mod file candidate 
[26Jul2026 05:21:12.334] [main/DEBUG] [net.minecraftforge.fml.loading.moddiscovery.ModFileInfo/LOADING]: Found valid mod file puzzlesapi-forge-8.1.6.jar with {puzzlesapi} mods - versions {8.1.6}
[26Jul2026 05:21:12.346] [main/DEBUG] [net.minecraftforge.fml.loading.moddiscovery.ModFileParser/LOADING]: Considering mod file candidate 
[26Jul2026 05:21:12.347] [main/DEBUG] [net.minecraftforge.fml.loading.moddiscovery.ModFileInfo/LOADING]: Found valid mod file mixinextras-forge-0.3.6.jar with {mixinextras} mods - versions {0.3.6}
[26Jul2026 05:21:12.348] [main/DEBUG] [net.minecraftforge.fml.loading.moddiscovery.AbstractJarFileDependencyLocator/]: Failed to load resource META-INF/jarjar/metadata.json from midnightlib-1.4.2-forge.jar, it does not contain dependency information.
[26Jul2026 05:21:12.353] [main/DEBUG] [net.minecraftforge.fml.loading.moddiscovery.AbstractJarFileDependencyLocator/]: Failed to load resource META-INF/jarjar/metadata.json from puzzlesaccessapi-forge-20.1.1.jar, it does not contain dependency information.
[26Jul2026 05:21:12.374] [main/DEBUG] [net.minecraftforge.fml.loading.moddiscovery.AbstractJarFileDependencyLocator/]: Failed to load resource META-INF/jarjar/metadata.json from jankson-1.2.3.jar, it does not contain dependency information.
[26Jul2026 05:21:12.380] [main/DEBUG] [net.minecraftforge.fml.loading.moddiscovery.AbstractJarFileDependencyLocator/]: Failed to load resource META-INF/jarjar/metadata.json from common-image-3.12.0.jar, it does not contain dependency information.
[26Jul2026 05:21:12.380] [main/DEBUG] [net.minecraftforge.fml.loading.moddiscovery.AbstractJarFileDependencyLocator/]: Failed to load resource META-INF/jarjar/metadata.json from common-io-3.12.0.jar, it does not contain dependency information.
[26Jul2026 05:21:12.381] [main/DEBUG] [net.minecraftforge.fml.loading.moddiscovery.AbstractJarFileDependencyLocator/]: Failed to load resource META-INF/jarjar/metadata.json from common-lang-3.12.0.jar, it does not contain dependency information.
[26Jul2026 05:21:12.381] [main/DEBUG] [net.minecraftforge.fml.loading.moddiscovery.AbstractJarFileDependencyLocator/]: Failed to load resource META-INF/jarjar/metadata.json from imageio-core-3.12.0.jar, it does not contain dependency information.
[26Jul2026 05:21:12.381] [main/DEBUG] [net.minecraftforge.fml.loading.moddiscovery.AbstractJarFileDependencyLocator/]: Failed to load resource META-INF/jarjar/metadata.json from imageio-metadata-3.12.0.jar, it does not contain dependency information.
[26Jul2026 05:21:12.381] [main/DEBUG] [net.minecraftforge.fml.loading.moddiscovery.AbstractJarFileDependencyLocator/]: Failed to load resource META-INF/jarjar/metadata.json from imageio-webp-3.12.0.jar, it does not contain dependency information.
[26Jul2026 05:21:12.381] [main/DEBUG] [net.minecraftforge.fml.loading.moddiscovery.AbstractJarFileDependencyLocator/]: Failed to load resource META-INF/jarjar/metadata.json from gson-0.2.1.jar, it does not contain dependency information.
[26Jul2026 05:21:12.381] [main/DEBUG] [net.minecraftforge.fml.loading.moddiscovery.AbstractJarFileDependencyLocator/]: Failed to load resource META-INF/jarjar/metadata.json from json-0.2.1.jar, it does not contain dependency information.
[26Jul2026 05:21:12.382] [main/DEBUG] [net.minecraftforge.fml.loading.moddiscovery.AbstractJarFileDependencyLocator/]: Failed to load resource META-INF/jarjar/metadata.json from kfflang-4.12.0.jar, it does not contain dependency information.
[26Jul2026 05:21:12.382] [main/DEBUG] [net.minecraftforge.fml.loading.moddiscovery.AbstractJarFileDependencyLocator/]: Failed to load resource META-INF/jarjar/metadata.json from kfflib-4.12.0.jar, it does not contain dependency information.
[26Jul2026 05:21:12.382] [main/DEBUG] [net.minecraftforge.fml.loading.moddiscovery.AbstractJarFileDependencyLocator/]: Failed to load resource META-INF/jarjar/metadata.json from kffmod-4.12.0.jar, it does not contain dependency information.
[26Jul2026 05:21:12.382] [main/DEBUG] [net.minecraftforge.fml.loading.moddiscovery.AbstractJarFileDependencyLocator/]: Failed to load resource META-INF/jarjar/metadata.json from yabn-1.0.3.jar, it does not contain dependency information.
[26Jul2026 05:21:12.382] [main/DEBUG] [net.minecraftforge.fml.loading.moddiscovery.AbstractJarFileDependencyLocator/]: Failed to load resource META-INF/jarjar/metadata.json from bytecodecs-1.0.2.jar, it does not contain dependency information.
[26Jul2026 05:21:12.382] [main/DEBUG] [net.minecraftforge.fml.loading.moddiscovery.AbstractJarFileDependencyLocator/]: Failed to load resource META-INF/jarjar/metadata.json from mclib-20.jar, it does not contain dependency information.
[26Jul2026 05:21:12.394] [main/DEBUG] [net.minecraftforge.fml.loading.moddiscovery.AbstractJarFileDependencyLocator/]: Failed to load resource META-INF/jarjar/metadata.json from luaj-core-3.0.8-figura.jar, it does not contain dependency information.
[26Jul2026 05:21:12.394] [main/DEBUG] [net.minecraftforge.fml.loading.moddiscovery.AbstractJarFileDependencyLocator/]: Failed to load resource META-INF/jarjar/metadata.json from luaj-jse-3.0.8-figura.jar, it does not contain dependency information.
[26Jul2026 05:21:12.465] [main/DEBUG] [net.minecraftforge.fml.loading.moddiscovery.ModFileParser/LOADING]: Considering mod file candidate 
[26Jul2026 05:21:12.466] [main/DEBUG] [net.minecraftforge.fml.loading.moddiscovery.ModFileInfo/LOADING]: Found valid mod file puzzlesaccessapi-forge-8.0.9.jar with {puzzlesaccessapi} mods - versions {8.0.9}
[26Jul2026 05:21:12.486] [main/DEBUG] [net.minecraftforge.fml.loading.moddiscovery.AbstractJarFileDependencyLocator/]: Failed to load resource META-INF/jarjar/metadata.json from MixinExtras-0.3.6.jar, it does not contain dependency information.
[26Jul2026 05:21:12.486] [main/DEBUG] [net.minecraftforge.fml.loading.moddiscovery.AbstractJarFileDependencyLocator/]: Failed to load resource META-INF/jarjar/metadata.json from MixinExtras-0.4.1.jar, it does not contain dependency information.
[26Jul2026 05:21:12.487] [main/DEBUG] [net.minecraftforge.fml.loading.moddiscovery.AbstractJarFileDependencyLocator/]: Failed to load resource META-INF/jarjar/metadata.json from MixinExtras-0.5.0.jar, it does not contain dependency information.
[26Jul2026 05:21:12.487] [main/DEBUG] [net.minecraftforge.fml.loading.moddiscovery.AbstractJarFileDependencyLocator/]: Failed to load resource META-INF/jarjar/metadata.json from MixinExtras-0.4.1.jar, it does not contain dependency information.
[26Jul2026 05:21:12.487] [main/DEBUG] [net.minecraftforge.fml.loading.moddiscovery.AbstractJarFileDependencyLocator/]: Failed to load resource META-INF/jarjar/metadata.json from MixinExtras-0.3.5.jar, it does not contain dependency information.
[26Jul2026 05:21:12.487] [main/DEBUG] [net.minecraftforge.fml.loading.moddiscovery.AbstractJarFileDependencyLocator/]: Failed to load resource META-INF/jarjar/metadata.json from MixinExtras-0.4.1.jar, it does not contain dependency information.
[26Jul2026 05:21:12.487] [main/DEBUG] [net.minecraftforge.fml.loading.moddiscovery.AbstractJarFileDependencyLocator/]: Failed to load resource META-INF/jarjar/metadata.json from MixinExtras-0.5.0.jar, it does not contain dependency information.
[26Jul2026 05:21:12.488] [main/DEBUG] [net.minecraftforge.fml.loading.moddiscovery.AbstractJarFileDependencyLocator/]: Failed to load resource META-INF/jarjar/metadata.json from MixinExtras-0.5.0.jar, it does not contain dependency information.
[26Jul2026 05:21:12.488] [main/DEBUG] [net.minecraftforge.fml.loading.moddiscovery.AbstractJarFileDependencyLocator/]: Failed to load resource META-INF/jarjar/metadata.json from yabn-1.0.3.jar, it does not contain dependency information.
[26Jul2026 05:21:12.488] [main/DEBUG] [net.minecraftforge.fml.loading.moddiscovery.AbstractJarFileDependencyLocator/]: Failed to load resource META-INF/jarjar/metadata.json from bytecodecs-1.0.2.jar, it does not contain dependency information.
[26Jul2026 05:21:12.488] [main/DEBUG] [net.minecraftforge.fml.loading.moddiscovery.AbstractJarFileDependencyLocator/]: Failed to load resource META-INF/jarjar/metadata.json from MixinExtras-0.5.0.jar, it does not contain dependency information.
[26Jul2026 05:21:12.488] [main/DEBUG] [net.minecraftforge.fml.loading.moddiscovery.AbstractJarFileDependencyLocator/]: Failed to load resource META-INF/jarjar/metadata.json from MixinExtras-0.3.6.jar, it does not contain dependency information.
[26Jul2026 05:21:12.561] [main/DEBUG] [net.minecraftforge.fml.loading.moddiscovery.ModFileParser/LOADING]: Considering mod file candidate 
[26Jul2026 05:21:12.562] [main/DEBUG] [net.minecraftforge.fml.loading.moddiscovery.ModFileInfo/LOADING]: Found valid mod file puzzlesapi-forge-8.1.6.jar with {puzzlesapi} mods - versions {8.1.6}
[26Jul2026 05:21:12.576] [main/DEBUG] [net.minecraftforge.fml.loading.moddiscovery.ModFileParser/LOADING]: Considering mod file candidate 
[26Jul2026 05:21:12.577] [main/DEBUG] [net.minecraftforge.fml.loading.moddiscovery.ModFileInfo/LOADING]: Found valid mod file puzzlesaccessapi-forge-20.1.1.jar with {puzzlesaccessapi} mods - versions {20.1.1}
[26Jul2026 05:21:12.581] [main/DEBUG] [net.minecraftforge.fml.loading.moddiscovery.ModFileParser/LOADING]: Considering mod file candidate 
[26Jul2026 05:21:12.582] [main/DEBUG] [net.minecraftforge.fml.loading.moddiscovery.ModFileInfo/LOADING]: Found valid mod file midnightlib-1.4.2-forge.jar with {midnightlib} mods - versions {1.4.2}
[26Jul2026 05:21:12.584] [main/DEBUG] [net.minecraftforge.fml.loading.moddiscovery.ModFileParser/LOADING]: Considering mod file candidate 
[26Jul2026 05:21:12.585] [main/DEBUG] [net.minecraftforge.fml.loading.moddiscovery.ModFileInfo/LOADING]: Found valid mod file kffmod-4.12.0.jar with {kotlinforforge} mods - versions {4.12.0}
[26Jul2026 05:21:12.591] [main/DEBUG] [net.minecraftforge.fml.loading.moddiscovery.ModFileParser/LOADING]: Considering mod file candidate 
[26Jul2026 05:21:12.592] [main/DEBUG] [net.minecraftforge.fml.loading.moddiscovery.ModFileInfo/LOADING]: Found valid mod file resourcefullib-forge-1.20.1-2.1.20.jar with {resourcefullib} mods - versions {2.1.20}
[26Jul2026 05:21:12.596] [main/WARN] [net.minecraftforge.jarjar.selection.JarSelector/]: Attempted to select a dependency jar for JarJar which was passed in as source: resourcefullib. Using Mod File: /workspaces/enderdeath/servidor_minecraft/mods/resourcefullib-forge-1.20.1-2.1.29.jar
[26Jul2026 05:21:12.597] [main/INFO] [net.minecraftforge.fml.loading.moddiscovery.JarInJarDependencyLocator/]: Found 22 dependencies adding them to mods collection
[26Jul2026 05:21:12.600] [main/DEBUG] [net.minecraftforge.fml.loading.moddiscovery.ModFileParser/LOADING]: Considering mod file candidate /workspaces/enderdeath/servidor_minecraft/mods/easy_npc-forge-1.20.1-6.25.0.jar
[26Jul2026 05:21:12.600] [main/DEBUG] [net.minecraftforge.fml.loading.moddiscovery.ModFileInfo/LOADING]: Found valid mod file easy_npc-forge-1.20.1-6.25.0.jar with {easy_npc} mods - versions {6.25.0}
[26Jul2026 05:21:12.603] [main/DEBUG] [net.minecraftforge.fml.loading.moddiscovery.ModFile/LOADING]: Loading mod file /workspaces/enderdeath/servidor_minecraft/mods/easy_npc-forge-1.20.1-6.25.0.jar with languages [LanguageSpec[languageName=javafml, acceptedVersions=[47,)]]
[26Jul2026 05:21:12.604] [main/DEBUG] [net.minecraftforge.fml.loading.moddiscovery.ModFileParser/LOADING]: Considering mod file candidate /workspaces/enderdeath/servidor_minecraft/mods/EasyAnvils-v8.0.2-1.20.1-Forge.jar
[26Jul2026 05:21:12.604] [main/DEBUG] [net.minecraftforge.fml.loading.moddiscovery.ModFileInfo/LOADING]: Found valid mod file EasyAnvils-v8.0.2-1.20.1-Forge.jar with {easyanvils} mods - versions {8.0.2}
[26Jul2026 05:21:12.605] [main/DEBUG] [net.minecraftforge.fml.loading.moddiscovery.ModFile/LOADING]: Loading mod file /workspaces/enderdeath/servidor_minecraft/mods/EasyAnvils-v8.0.2-1.20.1-Forge.jar with languages [LanguageSpec[languageName=javafml, acceptedVersions=[47,)]]
[26Jul2026 05:21:12.605] [main/DEBUG] [net.minecraftforge.fml.loading.moddiscovery.ModFileParser/LOADING]: Considering mod file candidate /workspaces/enderdeath/servidor_minecraft/mods/supermartijn642configlib-1.1.8-forge-mc1.20.jar
[26Jul2026 05:21:12.605] [main/DEBUG] [net.minecraftforge.fml.loading.moddiscovery.ModFileInfo/LOADING]: Found valid mod file supermartijn642configlib-1.1.8-forge-mc1.20.jar with {supermartijn642configlib} mods - versions {1.1.8}
[26Jul2026 05:21:12.606] [main/DEBUG] [net.minecraftforge.fml.loading.moddiscovery.ModFile/LOADING]: Loading mod file /workspaces/enderdeath/servidor_minecraft/mods/supermartijn642configlib-1.1.8-forge-mc1.20.jar with languages [LanguageSpec[languageName=javafml, acceptedVersions=[46,)]]
[26Jul2026 05:21:12.606] [main/DEBUG] [net.minecraftforge.fml.loading.moddiscovery.ModFileParser/LOADING]: Considering mod file candidate /workspaces/enderdeath/servidor_minecraft/mods/Jadens-Nether-Expansion-2.3.5.jar
[26Jul2026 05:21:12.606] [main/DEBUG] [net.minecraftforge.fml.loading.moddiscovery.ModFileInfo/LOADING]: Found valid mod file Jadens-Nether-Expansion-2.3.5.jar with {netherexp} mods - versions {2.3.5}
[26Jul2026 05:21:12.606] [main/DEBUG] [net.minecraftforge.fml.loading.moddiscovery.ModFile/LOADING]: Loading mod file /workspaces/enderdeath/servidor_minecraft/mods/Jadens-Nether-Expansion-2.3.5.jar with languages [LanguageSpec[languageName=javafml, acceptedVersions=[47,)]]
[26Jul2026 05:21:12.607] [main/DEBUG] [net.minecraftforge.fml.loading.moddiscovery.ModFileParser/LOADING]: Considering mod file candidate /workspaces/enderdeath/servidor_minecraft/mods/geckolib-forge-1.20.1-4.8.2.jar
[26Jul2026 05:21:12.607] [main/DEBUG] [net.minecraftforge.fml.loading.moddiscovery.ModFileInfo/LOADING]: Found valid mod file geckolib-forge-1.20.1-4.8.2.jar with {geckolib} mods - versions {4.8.2}
[26Jul2026 05:21:12.607] [main/DEBUG] [net.minecraftforge.fml.loading.moddiscovery.ModFile/LOADING]: Loading mod file /workspaces/enderdeath/servidor_minecraft/mods/geckolib-forge-1.20.1-4.8.2.jar with languages [LanguageSpec[languageName=javafml, acceptedVersions=[47,)]]
[26Jul2026 05:21:12.607] [main/DEBUG] [net.minecraftforge.fml.loading.moddiscovery.ModFileParser/LOADING]: Considering mod file candidate /workspaces/enderdeath/servidor_minecraft/mods/player-animation-lib-forge-1.0.2-rc1+1.20.jar
[26Jul2026 05:21:12.608] [main/DEBUG] [net.minecraftforge.fml.loading.moddiscovery.ModFileInfo/LOADING]: Found valid mod file player-animation-lib-forge-1.0.2-rc1+1.20.jar with {playeranimator} mods - versions {1.0.2-rc1+1.20}
[26Jul2026 05:21:12.608] [main/DEBUG] [net.minecraftforge.fml.loading.moddiscovery.ModFile/LOADING]: Loading mod file /workspaces/enderdeath/servidor_minecraft/mods/player-animation-lib-forge-1.0.2-rc1+1.20.jar with languages [LanguageSpec[languageName=javafml, acceptedVersions=[46.0.0,)]]
[26Jul2026 05:21:12.608] [main/DEBUG] [net.minecraftforge.fml.loading.moddiscovery.ModFileParser/LOADING]: Considering mod file candidate /workspaces/enderdeath/servidor_minecraft/mods/naturalist-5.0pre5+forge-1.20.1.jar
[26Jul2026 05:21:12.609] [main/DEBUG] [net.minecraftforge.fml.loading.moddiscovery.ModFileInfo/LOADING]: Found valid mod file naturalist-5.0pre5+forge-1.20.1.jar with {naturalist} mods - versions {5.0pre5}
[26Jul2026 05:21:12.609] [main/DEBUG] [net.minecraftforge.fml.loading.moddiscovery.ModFile/LOADING]: Loading mod file /workspaces/enderdeath/servidor_minecraft/mods/naturalist-5.0pre5+forge-1.20.1.jar with languages [LanguageSpec[languageName=javafml, acceptedVersions=[41,)]]
[26Jul2026 05:21:12.609] [main/DEBUG] [net.minecraftforge.fml.loading.moddiscovery.ModFileParser/LOADING]: Considering mod file candidate /workspaces/enderdeath/servidor_minecraft/mods/incontrol-1.20-9.4.6.jar
[26Jul2026 05:21:12.609] [main/DEBUG] [net.minecraftforge.fml.loading.moddiscovery.ModFileInfo/LOADING]: Found valid mod file incontrol-1.20-9.4.6.jar with {incontrol} mods - versions {1.20-9.4.6}
[26Jul2026 05:21:12.610] [main/DEBUG] [net.minecraftforge.fml.loading.moddiscovery.ModFile/LOADING]: Loading mod file /workspaces/enderdeath/servidor_minecraft/mods/incontrol-1.20-9.4.6.jar with languages [LanguageSpec[languageName=javafml, acceptedVersions=[47,)]]
[26Jul2026 05:21:12.610] [main/DEBUG] [net.minecraftforge.fml.loading.moddiscovery.ModFileParser/LOADING]: Considering mod file candidate /workspaces/enderdeath/servidor_minecraft/mods/connectivity-1.20.1-7.2.jar
[26Jul2026 05:21:12.610] [main/DEBUG] [net.minecraftforge.fml.loading.moddiscovery.ModFileInfo/LOADING]: Found valid mod file connectivity-1.20.1-7.2.jar with {connectivity} mods - versions {1.20.1-7.2}
[26Jul2026 05:21:12.611] [main/DEBUG] [net.minecraftforge.fml.loading.moddiscovery.ModFile/LOADING]: Loading mod file /workspaces/enderdeath/servidor_minecraft/mods/connectivity-1.20.1-7.2.jar with languages [LanguageSpec[languageName=javafml, acceptedVersions=[28,)]]
[26Jul2026 05:21:12.611] [main/DEBUG] [net.minecraftforge.fml.loading.moddiscovery.ModFileParser/LOADING]: Considering mod file candidate /workspaces/enderdeath/servidor_minecraft/mods/citadel-2.6.2-1.20.1.jar
[26Jul2026 05:21:12.611] [main/DEBUG] [net.minecraftforge.fml.loading.moddiscovery.ModFileInfo/LOADING]: Found valid mod file citadel-2.6.2-1.20.1.jar with {citadel} mods - versions {2.6.2}
[26Jul2026 05:21:12.611] [main/DEBUG] [net.minecraftforge.fml.loading.moddiscovery.ModFile/LOADING]: Loading mod file /workspaces/enderdeath/servidor_minecraft/mods/citadel-2.6.2-1.20.1.jar with languages [LanguageSpec[languageName=javafml, acceptedVersions=[47,)]]
[26Jul2026 05:21:12.612] [main/DEBUG] [net.minecraftforge.fml.loading.moddiscovery.ModFileParser/LOADING]: Considering mod file candidate /workspaces/enderdeath/servidor_minecraft/mods/LuminousTag V1.1 - Forge 1.20.1.jar
[26Jul2026 05:21:12.612] [main/DEBUG] [net.minecraftforge.fml.loading.moddiscovery.ModFileInfo/LOADING]: Found valid mod file LuminousTag V1.1 - Forge 1.20.1.jar with {luminoustag} mods - versions {1.1}
[26Jul2026 05:21:12.612] [main/DEBUG] [net.minecraftforge.fml.loading.moddiscovery.ModFile/LOADING]: Loading mod file /workspaces/enderdeath/servidor_minecraft/mods/LuminousTag V1.1 - Forge 1.20.1.jar with languages [LanguageSpec[languageName=javafml, acceptedVersions=[47,)]]
[26Jul2026 05:21:12.612] [main/DEBUG] [net.minecraftforge.fml.loading.moddiscovery.ModFileParser/LOADING]: Considering mod file candidate /workspaces/enderdeath/servidor_minecraft/mods/modernfix-forge-5.25.1+mc1.20.1.jar
[26Jul2026 05:21:12.613] [main/DEBUG] [net.minecraftforge.fml.loading.moddiscovery.ModFileInfo/LOADING]: Found valid mod file modernfix-forge-5.25.1+mc1.20.1.jar with {modernfix} mods - versions {5.25.1+mc1.20.1}
[26Jul2026 05:21:12.613] [main/DEBUG] [net.minecraftforge.fml.loading.moddiscovery.ModFile/LOADING]: Loading mod file /workspaces/enderdeath/servidor_minecraft/mods/modernfix-forge-5.25.1+mc1.20.1.jar with languages [LanguageSpec[languageName=javafml, acceptedVersions=[46,)]]
[26Jul2026 05:21:12.613] [main/DEBUG] [net.minecraftforge.fml.loading.moddiscovery.ModFileParser/LOADING]: Considering mod file candidate /workspaces/enderdeath/servidor_minecraft/mods/Placebo-1.20.1-8.6.3.jar
[26Jul2026 05:21:12.614] [main/DEBUG] [net.minecraftforge.fml.loading.moddiscovery.ModFileInfo/LOADING]: Found valid mod file Placebo-1.20.1-8.6.3.jar with {placebo} mods - versions {8.6.3}
[26Jul2026 05:21:12.614] [main/DEBUG] [net.minecraftforge.fml.loading.moddiscovery.ModFile/LOADING]: Loading mod file /workspaces/enderdeath/servidor_minecraft/mods/Placebo-1.20.1-8.6.3.jar with languages [LanguageSpec[languageName=javafml, acceptedVersions=[32,)]]
[26Jul2026 05:21:12.617] [main/DEBUG] [net.minecraftforge.fml.loading.moddiscovery.ModFileParser/LOADING]: Found coremod placebo_get_ench_level_event with Javascript path coremods/get_ench_level_event.js
[26Jul2026 05:21:12.617] [main/DEBUG] [net.minecraftforge.fml.loading.moddiscovery.ModFileParser/LOADING]: Found coremod placebo_get_ench_level_event_specific with Javascript path coremods/get_ench_level_event_specific.js
[26Jul2026 05:21:12.617] [main/DEBUG] [net.minecraftforge.fml.loading.moddiscovery.ModFile/LOADING]: Found coremod coremods/get_ench_level_event.js
[26Jul2026 05:21:12.617] [main/DEBUG] [net.minecraftforge.fml.loading.moddiscovery.ModFile/LOADING]: Found coremod coremods/get_ench_level_event_specific.js
[26Jul2026 05:21:12.617] [main/DEBUG] [net.minecraftforge.fml.loading.moddiscovery.ModFileParser/LOADING]: Considering mod file candidate /workspaces/enderdeath/servidor_minecraft/mods/YungsApi-1.20-Forge-4.0.6.jar
[26Jul2026 05:21:12.618] [main/DEBUG] [net.minecraftforge.fml.loading.moddiscovery.ModFileInfo/LOADING]: Found valid mod file YungsApi-1.20-Forge-4.0.6.jar with {yungsapi} mods - versions {1.20-Forge-4.0.6}
[26Jul2026 05:21:12.618] [main/DEBUG] [net.minecraftforge.fml.loading.moddiscovery.ModFile/LOADING]: Loading mod file /workspaces/enderdeath/servidor_minecraft/mods/YungsApi-1.20-Forge-4.0.6.jar with languages [LanguageSpec[languageName=javafml, acceptedVersions=[46,)]]
[26Jul2026 05:21:12.618] [main/DEBUG] [net.minecraftforge.fml.loading.moddiscovery.ModFileParser/LOADING]: Considering mod file candidate /workspaces/enderdeath/servidor_minecraft/mods/Bookshelf-Forge-1.20.1-20.2.13.jar
[26Jul2026 05:21:12.619] [main/DEBUG] [net.minecraftforge.fml.loading.moddiscovery.ModFileInfo/LOADING]: Found valid mod file Bookshelf-Forge-1.20.1-20.2.13.jar with {bookshelf} mods - versions {20.2.13}
[26Jul2026 05:21:12.619] [main/DEBUG] [net.minecraftforge.fml.loading.moddiscovery.ModFile/LOADING]: Loading mod file /workspaces/enderdeath/servidor_minecraft/mods/Bookshelf-Forge-1.20.1-20.2.13.jar with languages [LanguageSpec[languageName=javafml, acceptedVersions=[47,)]]
[26Jul2026 05:21:12.619] [main/DEBUG] [net.minecraftforge.fml.loading.moddiscovery.ModFileParser/LOADING]: Considering mod file candidate /workspaces/enderdeath/servidor_minecraft/mods/cloth-config-11.1.136-forge.jar
[26Jul2026 05:21:12.619] [main/DEBUG] [net.minecraftforge.fml.loading.moddiscovery.ModFileInfo/LOADING]: Found valid mod file cloth-config-11.1.136-forge.jar with {cloth_config} mods - versions {11.1.136}
[26Jul2026 05:21:12.619] [main/DEBUG] [net.minecraftforge.fml.loading.moddiscovery.ModFile/LOADING]: Loading mod file /workspaces/enderdeath/servidor_minecraft/mods/cloth-config-11.1.136-forge.jar with languages [LanguageSpec[languageName=javafml, acceptedVersions=[34,)]]
[26Jul2026 05:21:12.619] [main/DEBUG] [net.minecraftforge.fml.loading.moddiscovery.ModFileParser/LOADING]: Considering mod file candidate /workspaces/enderdeath/servidor_minecraft/mods/ftb-teams-forge-2001.3.0.jar
[26Jul2026 05:21:12.620] [main/DEBUG] [net.minecraftforge.fml.loading.moddiscovery.ModFileInfo/LOADING]: Found valid mod file ftb-teams-forge-2001.3.0.jar with {ftbteams} mods - versions {2001.3.0}
[26Jul2026 05:21:12.620] [main/DEBUG] [net.minecraftforge.fml.loading.moddiscovery.ModFile/LOADING]: Loading mod file /workspaces/enderdeath/servidor_minecraft/mods/ftb-teams-forge-2001.3.0.jar with languages [LanguageSpec[languageName=javafml, acceptedVersions=[47,)]]
[26Jul2026 05:21:12.620] [main/DEBUG] [net.minecraftforge.fml.loading.moddiscovery.ModFileParser/LOADING]: Considering mod file candidate /workspaces/enderdeath/servidor_minecraft/mods/raidsenhanced-1.0.2-1.20.1.jar
[26Jul2026 05:21:12.621] [main/DEBUG] [net.minecraftforge.fml.loading.moddiscovery.ModFileInfo/LOADING]: Found valid mod file raidsenhanced-1.0.2-1.20.1.jar with {raidsenhanced} mods - versions {1.0.2}
[26Jul2026 05:21:12.621] [main/DEBUG] [net.minecraftforge.fml.loading.moddiscovery.ModFile/LOADING]: Loading mod file /workspaces/enderdeath/servidor_minecraft/mods/raidsenhanced-1.0.2-1.20.1.jar with languages [LanguageSpec[languageName=javafml, acceptedVersions=[47,)]]
[26Jul2026 05:21:12.621] [main/DEBUG] [net.minecraftforge.fml.loading.moddiscovery.ModFileParser/LOADING]: Considering mod file candidate /workspaces/enderdeath/servidor_minecraft/mods/konkrete_forge_1.8.0_MC_1.20-1.20.1.jar
[26Jul2026 05:21:12.622] [main/DEBUG] [net.minecraftforge.fml.loading.moddiscovery.ModFileInfo/LOADING]: Found valid mod file konkrete_forge_1.8.0_MC_1.20-1.20.1.jar with {konkrete} mods - versions {1.8.0}
[26Jul2026 05:21:12.622] [main/DEBUG] [net.minecraftforge.fml.loading.moddiscovery.ModFile/LOADING]: Loading mod file /workspaces/enderdeath/servidor_minecraft/mods/konkrete_forge_1.8.0_MC_1.20-1.20.1.jar with languages [LanguageSpec[languageName=javafml, acceptedVersions=[46,)]]
[26Jul2026 05:21:12.622] [main/DEBUG] [net.minecraftforge.fml.loading.moddiscovery.ModFileParser/LOADING]: Considering mod file candidate /workspaces/enderdeath/servidor_minecraft/mods/justlevelingfork-1.2.1.jar
[26Jul2026 05:21:12.623] [main/DEBUG] [net.minecraftforge.fml.loading.moddiscovery.ModFileInfo/LOADING]: Found valid mod file justlevelingfork-1.2.1.jar with {justlevelingfork} mods - versions {1.2.1}
[26Jul2026 05:21:12.623] [main/DEBUG] [net.minecraftforge.fml.loading.moddiscovery.ModFile/LOADING]: Loading mod file /workspaces/enderdeath/servidor_minecraft/mods/justlevelingfork-1.2.1.jar with languages [LanguageSpec[languageName=javafml, acceptedVersions=[47,)]]
[26Jul2026 05:21:12.623] [main/DEBUG] [net.minecraftforge.fml.loading.moddiscovery.ModFileParser/LOADING]: Considering mod file candidate /workspaces/enderdeath/servidor_minecraft/mods/FarmersDelight-1.20.1-1.2.9.jar
[26Jul2026 05:21:12.624] [main/DEBUG] [net.minecraftforge.fml.loading.moddiscovery.ModFileInfo/LOADING]: Found valid mod file FarmersDelight-1.20.1-1.2.9.jar with {farmersdelight} mods - versions {1.20.1-1.2.9}
[26Jul2026 05:21:12.624] [main/DEBUG] [net.minecraftforge.fml.loading.moddiscovery.ModFile/LOADING]: Loading mod file /workspaces/enderdeath/servidor_minecraft/mods/FarmersDelight-1.20.1-1.2.9.jar with languages [LanguageSpec[languageName=javafml, acceptedVersions=[46,)]]
[26Jul2026 05:21:12.624] [main/DEBUG] [net.minecraftforge.fml.loading.moddiscovery.ModFileParser/LOADING]: Considering mod file candidate /workspaces/enderdeath/servidor_minecraft/mods/copperagebackport-forge-1.20.1-0.1.4.jar
[26Jul2026 05:21:12.625] [main/DEBUG] [net.minecraftforge.fml.loading.moddiscovery.ModFileInfo/LOADING]: Found valid mod file copperagebackport-forge-1.20.1-0.1.4.jar with {copperagebackport} mods - versions {0.1.4}
[26Jul2026 05:21:12.625] [main/DEBUG] [net.minecraftforge.fml.loading.moddiscovery.ModFile/LOADING]: Loading mod file /workspaces/enderdeath/servidor_minecraft/mods/copperagebackport-forge-1.20.1-0.1.4.jar with languages [LanguageSpec[languageName=javafml, acceptedVersions=[47,)]]
[26Jul2026 05:21:12.625] [main/DEBUG] [net.minecraftforge.fml.loading.moddiscovery.ModFileParser/LOADING]: Considering mod file candidate /workspaces/enderdeath/servidor_minecraft/mods/handcrafted-forge-1.20.1-3.0.6.jar
[26Jul2026 05:21:12.626] [main/DEBUG] [net.minecraftforge.fml.loading.moddiscovery.ModFileInfo/LOADING]: Found valid mod file handcrafted-forge-1.20.1-3.0.6.jar with {handcrafted} mods - versions {3.0.6}
[26Jul2026 05:21:12.626] [main/DEBUG] [net.minecraftforge.fml.loading.moddiscovery.ModFile/LOADING]: Loading mod file /workspaces/enderdeath/servidor_minecraft/mods/handcrafted-forge-1.20.1-3.0.6.jar with languages [LanguageSpec[languageName=javafml, acceptedVersions=[47,)]]
[26Jul2026 05:21:12.626] [main/DEBUG] [net.minecraftforge.fml.loading.moddiscovery.ModFileParser/LOADING]: Considering mod file candidate /workspaces/enderdeath/servidor_minecraft/mods/endersdelight-forge-1.20.1-1.1.3.jar
[26Jul2026 05:21:12.626] [main/DEBUG] [net.minecraftforge.fml.loading.moddiscovery.ModFileInfo/LOADING]: Found valid mod file endersdelight-forge-1.20.1-1.1.3.jar with {endersdelight} mods - versions {1.1.3}
[26Jul2026 05:21:12.627] [main/DEBUG] [net.minecraftforge.fml.loading.moddiscovery.ModFile/LOADING]: Loading mod file /workspaces/enderdeath/servidor_minecraft/mods/endersdelight-forge-1.20.1-1.1.3.jar with languages [LanguageSpec[languageName=javafml, acceptedVersions=[47,)]]
[26Jul2026 05:21:12.627] [main/DEBUG] [net.minecraftforge.fml.loading.moddiscovery.ModFileParser/LOADING]: Considering mod file candidate /workspaces/enderdeath/servidor_minecraft/mods/Jupiter-2.2.2-forge.jar
[26Jul2026 05:21:12.627] [main/DEBUG] [net.minecraftforge.fml.loading.moddiscovery.ModFileInfo/LOADING]: Found valid mod file Jupiter-2.2.2-forge.jar with {jupiter} mods - versions {2.2.2}
[26Jul2026 05:21:12.628] [main/DEBUG] [net.minecraftforge.fml.loading.moddiscovery.ModFile/LOADING]: Loading mod file /workspaces/enderdeath/servidor_minecraft/mods/Jupiter-2.2.2-forge.jar with languages [LanguageSpec[languageName=javafml, acceptedVersions=[47,)]]
[26Jul2026 05:21:12.628] [main/DEBUG] [net.minecraftforge.fml.loading.moddiscovery.ModFileParser/LOADING]: Considering mod file candidate /workspaces/enderdeath/servidor_minecraft/mods/supermartijn642corelib-1.1.21-forge-mc1.20.1.jar
[26Jul2026 05:21:12.628] [main/DEBUG] [net.minecraftforge.fml.loading.moddiscovery.ModFileInfo/LOADING]: Found valid mod file supermartijn642corelib-1.1.21-forge-mc1.20.1.jar with {supermartijn642corelib} mods - versions {1.1.21}
[26Jul2026 05:21:12.629] [main/DEBUG] [net.minecraftforge.fml.loading.moddiscovery.ModFile/LOADING]: Loading mod file /workspaces/enderdeath/servidor_minecraft/mods/supermartijn642corelib-1.1.21-forge-mc1.20.1.jar with languages [LanguageSpec[languageName=javafml, acceptedVersions=[46,)]]
[26Jul2026 05:21:12.629] [main/DEBUG] [net.minecraftforge.fml.loading.moddiscovery.ModFileParser/LOADING]: Considering mod file candidate /workspaces/enderdeath/servidor_minecraft/mods/resourcefulconfig-forge-1.20.1-2.1.3.jar
[26Jul2026 05:21:12.629] [main/DEBUG] [net.minecraftforge.fml.loading.moddiscovery.ModFileInfo/LOADING]: Found valid mod file resourcefulconfig-forge-1.20.1-2.1.3.jar with {resourcefulconfig} mods - versions {2.1.3}
[26Jul2026 05:21:12.629] [main/DEBUG] [net.minecraftforge.fml.loading.moddiscovery.ModFile/LOADING]: Loading mod file /workspaces/enderdeath/servidor_minecraft/mods/resourcefulconfig-forge-1.20.1-2.1.3.jar with languages [LanguageSpec[languageName=javafml, acceptedVersions=[46,)]]
[26Jul2026 05:21:12.630] [main/DEBUG] [net.minecraftforge.fml.loading.moddiscovery.ModFileParser/LOADING]: Considering mod file candidate /workspaces/enderdeath/servidor_minecraft/mods/lionfishapi-2.7.jar
[26Jul2026 05:21:12.630] [main/DEBUG] [net.minecraftforge.fml.loading.moddiscovery.ModFileInfo/LOADING]: Found valid mod file lionfishapi-2.7.jar with {lionfishapi} mods - versions {2.7}
[26Jul2026 05:21:12.630] [main/DEBUG] [net.minecraftforge.fml.loading.moddiscovery.ModFile/LOADING]: Loading mod file /workspaces/enderdeath/servidor_minecraft/mods/lionfishapi-2.7.jar with languages [LanguageSpec[languageName=javafml, acceptedVersions=[47,)]]
[26Jul2026 05:21:12.630] [main/DEBUG] [net.minecraftforge.fml.loading.moddiscovery.ModFileParser/LOADING]: Considering mod file candidate /workspaces/enderdeath/servidor_minecraft/mods/curios-forge-5.14.1+1.20.1.jar
[26Jul2026 05:21:12.631] [main/DEBUG] [net.minecraftforge.fml.loading.moddiscovery.ModFileInfo/LOADING]: Found valid mod file curios-forge-5.14.1+1.20.1.jar with {curios} mods - versions {5.14.1+1.20.1}
[26Jul2026 05:21:12.631] [main/DEBUG] [net.minecraftforge.fml.loading.moddiscovery.ModFile/LOADING]: Loading mod file /workspaces/enderdeath/servidor_minecraft/mods/curios-forge-5.14.1+1.20.1.jar with languages [LanguageSpec[languageName=javafml, acceptedVersions=[41,)]]
[26Jul2026 05:21:12.631] [main/DEBUG] [net.minecraftforge.fml.loading.moddiscovery.ModFileParser/LOADING]: Considering mod file candidate /workspaces/enderdeath/servidor_minecraft/mods/L_Enders_Cataclysm-3.07.jar
[26Jul2026 05:21:12.632] [main/DEBUG] [net.minecraftforge.fml.loading.moddiscovery.ModFileInfo/LOADING]: Found valid mod file L_Enders_Cataclysm-3.07.jar with {cataclysm} mods - versions {3.07}
[26Jul2026 05:21:12.632] [main/DEBUG] [net.minecraftforge.fml.loading.moddiscovery.ModFile/LOADING]: Loading mod file /workspaces/enderdeath/servidor_minecraft/mods/L_Enders_Cataclysm-3.07.jar with languages [LanguageSpec[languageName=javafml, acceptedVersions=[47,)]]
[26Jul2026 05:21:12.632] [main/DEBUG] [net.minecraftforge.fml.loading.moddiscovery.ModFileParser/LOADING]: Considering mod file candidate /workspaces/enderdeath/servidor_minecraft/mods/collective-1.20.1-8.13.jar
[26Jul2026 05:21:12.633] [main/DEBUG] [net.minecraftforge.fml.loading.moddiscovery.ModFileInfo/LOADING]: Found valid mod file collective-1.20.1-8.13.jar with {collective} mods - versions {8.13}
[26Jul2026 05:21:12.633] [main/DEBUG] [net.minecraftforge.fml.loading.moddiscovery.ModFile/LOADING]: Loading mod file /workspaces/enderdeath/servidor_minecraft/mods/collective-1.20.1-8.13.jar with languages [LanguageSpec[languageName=javafml, acceptedVersions=*]]
[26Jul2026 05:21:12.633] [main/DEBUG] [net.minecraftforge.fml.loading.moddiscovery.ModFileParser/LOADING]: Considering mod file candidate /workspaces/enderdeath/servidor_minecraft/mods/CerbonsAPI-Forge-1.20.1-1.1.0.jar
[26Jul2026 05:21:12.634] [main/DEBUG] [net.minecraftforge.fml.loading.moddiscovery.ModFileInfo/LOADING]: Found valid mod file CerbonsAPI-Forge-1.20.1-1.1.0.jar with {cerbons_api} mods - versions {1.1.0}
[26Jul2026 05:21:12.634] [main/DEBUG] [net.minecraftforge.fml.loading.moddiscovery.ModFile/LOADING]: Loading mod file /workspaces/enderdeath/servidor_minecraft/mods/CerbonsAPI-Forge-1.20.1-1.1.0.jar with languages [LanguageSpec[languageName=javafml, acceptedVersions=[47,)]]
[26Jul2026 05:21:12.634] [main/DEBUG] [net.minecraftforge.fml.loading.moddiscovery.ModFileParser/LOADING]: Considering mod file candidate /workspaces/enderdeath/servidor_minecraft/mods/YungsBetterStrongholds-1.20-Forge-4.0.3.jar
[26Jul2026 05:21:12.634] [main/DEBUG] [net.minecraftforge.fml.loading.moddiscovery.ModFileInfo/LOADING]: Found valid mod file YungsBetterStrongholds-1.20-Forge-4.0.3.jar with {betterstrongholds} mods - versions {1.20-Forge-4.0.3}
[26Jul2026 05:21:12.634] [main/DEBUG] [net.minecraftforge.fml.loading.moddiscovery.ModFile/LOADING]: Loading mod file /workspaces/enderdeath/servidor_minecraft/mods/YungsBetterStrongholds-1.20-Forge-4.0.3.jar with languages [LanguageSpec[languageName=javafml, acceptedVersions=[46,)]]
[26Jul2026 05:21:12.634] [main/DEBUG] [net.minecraftforge.fml.loading.moddiscovery.ModFileParser/LOADING]: Considering mod file candidate /workspaces/enderdeath/servidor_minecraft/mods/resourcefullib-forge-1.20.1-2.1.29.jar
[26Jul2026 05:21:12.635] [main/DEBUG] [net.minecraftforge.fml.loading.moddiscovery.ModFileInfo/LOADING]: Found valid mod file resourcefullib-forge-1.20.1-2.1.29.jar with {resourcefullib} mods - versions {2.1.29}
[26Jul2026 05:21:12.635] [main/DEBUG] [net.minecraftforge.fml.loading.moddiscovery.ModFile/LOADING]: Loading mod file /workspaces/enderdeath/servidor_minecraft/mods/resourcefullib-forge-1.20.1-2.1.29.jar with languages [LanguageSpec[languageName=javafml, acceptedVersions=[46,)]]
[26Jul2026 05:21:12.635] [main/DEBUG] [net.minecraftforge.fml.loading.moddiscovery.ModFileParser/LOADING]: Considering mod file candidate /workspaces/enderdeath/servidor_minecraft/mods/OnlyLooking-1.20.1-4.1.1.jar
[26Jul2026 05:21:12.636] [main/DEBUG] [net.minecraftforge.fml.loading.moddiscovery.ModFileInfo/LOADING]: Found valid mod file OnlyLooking-1.20.1-4.1.1.jar with {onlylooking} mods - versions {1.20.1-4.1.1}
[26Jul2026 05:21:12.636] [main/DEBUG] [net.minecraftforge.fml.loading.moddiscovery.ModFile/LOADING]: Loading mod file /workspaces/enderdeath/servidor_minecraft/mods/OnlyLooking-1.20.1-4.1.1.jar with languages [LanguageSpec[languageName=javafml, acceptedVersions=[43,)]]
[26Jul2026 05:21:12.636] [main/DEBUG] [net.minecraftforge.fml.loading.moddiscovery.ModFileParser/LOADING]: Considering mod file candidate /workspaces/enderdeath/servidor_minecraft/mods/architectury-9.2.14-forge.jar
[26Jul2026 05:21:12.637] [main/DEBUG] [net.minecraftforge.fml.loading.moddiscovery.ModFileInfo/LOADING]: Found valid mod file architectury-9.2.14-forge.jar with {architectury} mods - versions {9.2.14}
[26Jul2026 05:21:12.637] [main/DEBUG] [net.minecraftforge.fml.loading.moddiscovery.ModFile/LOADING]: Loading mod file /workspaces/enderdeath/servidor_minecraft/mods/architectury-9.2.14-forge.jar with languages [LanguageSpec[languageName=javafml, acceptedVersions=[46,)]]
[26Jul2026 05:21:12.637] [main/DEBUG] [net.minecraftforge.fml.loading.moddiscovery.ModFileParser/LOADING]: Considering mod file candidate /workspaces/enderdeath/servidor_minecraft/mods/AI-Improvements-1.20-0.5.2.jar
[26Jul2026 05:21:12.637] [main/DEBUG] [net.minecraftforge.fml.loading.moddiscovery.ModFileInfo/LOADING]: Found valid mod file AI-Improvements-1.20-0.5.2.jar with {aiimprovements} mods - versions {0.5.2}
[26Jul2026 05:21:12.638] [main/DEBUG] [net.minecraftforge.fml.loading.moddiscovery.ModFile/LOADING]: Loading mod file /workspaces/enderdeath/servidor_minecraft/mods/AI-Improvements-1.20-0.5.2.jar with languages [LanguageSpec[languageName=javafml, acceptedVersions=[46,)]]
[26Jul2026 05:21:12.638] [main/DEBUG] [net.minecraftforge.fml.loading.moddiscovery.ModFileParser/LOADING]: Considering mod file candidate /workspaces/enderdeath/servidor_minecraft/mods/tru.e-ending-v1.1.0c.jar
[26Jul2026 05:21:12.638] [main/DEBUG] [net.minecraftforge.fml.loading.moddiscovery.ModFileInfo/LOADING]: Found valid mod file tru.e-ending-v1.1.0c.jar with {mr_limesplatus_ending} mods - versions {1-v1.1.0c}
[26Jul2026 05:21:12.638] [main/DEBUG] [net.minecraftforge.fml.loading.moddiscovery.ModFile/LOADING]: Loading mod file /workspaces/enderdeath/servidor_minecraft/mods/tru.e-ending-v1.1.0c.jar with languages [LanguageSpec[languageName=lowcodefml, acceptedVersions=[40,)]]
[26Jul2026 05:21:12.638] [main/DEBUG] [net.minecraftforge.fml.loading.moddiscovery.ModFileParser/LOADING]: Considering mod file candidate /workspaces/enderdeath/servidor_minecraft/mods/cupboard-1.20.1-2.7.jar
[26Jul2026 05:21:12.639] [main/DEBUG] [net.minecraftforge.fml.loading.moddiscovery.ModFileInfo/LOADING]: Found valid mod file cupboard-1.20.1-2.7.jar with {cupboard} mods - versions {1.20.1-2.7}
[26Jul2026 05:21:12.639] [main/DEBUG] [net.minecraftforge.fml.loading.moddiscovery.ModFile/LOADING]: Loading mod file /workspaces/enderdeath/servidor_minecraft/mods/cupboard-1.20.1-2.7.jar with languages [LanguageSpec[languageName=javafml, acceptedVersions=[36,)]]
[26Jul2026 05:21:12.639] [main/DEBUG] [net.minecraftforge.fml.loading.moddiscovery.ModFileParser/LOADING]: Considering mod file candidate /workspaces/enderdeath/servidor_minecraft/mods/easy_npc_config_ui-forge-1.20.1-6.25.0.jar
[26Jul2026 05:21:12.640] [main/DEBUG] [net.minecraftforge.fml.loading.moddiscovery.ModFileInfo/LOADING]: Found valid mod file easy_npc_config_ui-forge-1.20.1-6.25.0.jar with {easy_npc_config_ui} mods - versions {6.25.0}
[26Jul2026 05:21:12.640] [main/DEBUG] [net.minecraftforge.fml.loading.moddiscovery.ModFile/LOADING]: Loading mod file /workspaces/enderdeath/servidor_minecraft/mods/easy_npc_config_ui-forge-1.20.1-6.25.0.jar with languages [LanguageSpec[languageName=javafml, acceptedVersions=[47,)]]
[26Jul2026 05:21:12.640] [main/DEBUG] [net.minecraftforge.fml.loading.moddiscovery.ModFileParser/LOADING]: Considering mod file candidate /workspaces/enderdeath/servidor_minecraft/mods/refurbished_furniture-forge-1.20.1-1.0.20.jar
[26Jul2026 05:21:12.641] [main/DEBUG] [net.minecraftforge.fml.loading.moddiscovery.ModFileInfo/LOADING]: Found valid mod file refurbished_furniture-forge-1.20.1-1.0.20.jar with {refurbished_furniture} mods - versions {1.0.20}
[26Jul2026 05:21:12.641] [main/DEBUG] [net.minecraftforge.fml.loading.moddiscovery.ModFile/LOADING]: Loading mod file /workspaces/enderdeath/servidor_minecraft/mods/refurbished_furniture-forge-1.20.1-1.0.20.jar with languages [LanguageSpec[languageName=javafml, acceptedVersions=[39,)]]
[26Jul2026 05:21:12.641] [main/DEBUG] [net.minecraftforge.fml.loading.moddiscovery.ModFileParser/LOADING]: Considering mod file candidate /workspaces/enderdeath/servidor_minecraft/mods/YungsBetterEndIsland-1.20-Forge-2.0.6.jar
[26Jul2026 05:21:12.642] [main/DEBUG] [net.minecraftforge.fml.loading.moddiscovery.ModFileInfo/LOADING]: Found valid mod file YungsBetterEndIsland-1.20-Forge-2.0.6.jar with {betterendisland} mods - versions {1.20-Forge-2.0.6}
[26Jul2026 05:21:12.642] [main/DEBUG] [net.minecraftforge.fml.loading.moddiscovery.ModFile/LOADING]: Loading mod file /workspaces/enderdeath/servidor_minecraft/mods/YungsBetterEndIsland-1.20-Forge-2.0.6.jar with languages [LanguageSpec[languageName=javafml, acceptedVersions=[46,)]]
[26Jul2026 05:21:12.642] [main/DEBUG] [net.minecraftforge.fml.loading.moddiscovery.ModFileParser/LOADING]: Considering mod file candidate /workspaces/enderdeath/servidor_minecraft/mods/moogs_structure_lib-1.1.0-1.20-1.20.4-forge.jar
[26Jul2026 05:21:12.642] [main/DEBUG] [net.minecraftforge.fml.loading.moddiscovery.ModFileInfo/LOADING]: Found valid mod file moogs_structure_lib-1.1.0-1.20-1.20.4-forge.jar with {moogs_structures} mods - versions {1.1.0-1.20-1.20.4}
[26Jul2026 05:21:12.642] [main/DEBUG] [net.minecraftforge.fml.loading.moddiscovery.ModFile/LOADING]: Loading mod file /workspaces/enderdeath/servidor_minecraft/mods/moogs_structure_lib-1.1.0-1.20-1.20.4-forge.jar with languages [LanguageSpec[languageName=javafml, acceptedVersions=[46,)]]
[26Jul2026 05:21:12.643] [main/DEBUG] [net.minecraftforge.fml.loading.moddiscovery.ModFileParser/LOADING]: Considering mod file candidate /workspaces/enderdeath/servidor_minecraft/mods/framework-forge-1.20.1-0.7.15.jar
[26Jul2026 05:21:12.643] [main/DEBUG] [net.minecraftforge.fml.loading.moddiscovery.ModFileInfo/LOADING]: Found valid mod file framework-forge-1.20.1-0.7.15.jar with {framework} mods - versions {0.7.15}
[26Jul2026 05:21:12.643] [main/DEBUG] [net.minecraftforge.fml.loading.moddiscovery.ModFile/LOADING]: Loading mod file /workspaces/enderdeath/servidor_minecraft/mods/framework-forge-1.20.1-0.7.15.jar with languages [LanguageSpec[languageName=javafml, acceptedVersions=[39,)]]
[26Jul2026 05:21:12.643] [main/DEBUG] [net.minecraftforge.fml.loading.moddiscovery.ModFileParser/LOADING]: Considering mod file candidate /workspaces/enderdeath/servidor_minecraft/mods/Trials-Final.jar
[26Jul2026 05:21:12.644] [main/DEBUG] [net.minecraftforge.fml.loading.moddiscovery.ModFileInfo/LOADING]: Found valid mod file Trials-Final.jar with {trials} mods - versions {2.3.4}
[26Jul2026 05:21:12.644] [main/DEBUG] [net.minecraftforge.fml.loading.moddiscovery.ModFile/LOADING]: Loading mod file /workspaces/enderdeath/servidor_minecraft/mods/Trials-Final.jar with languages [LanguageSpec[languageName=javafml, acceptedVersions=[47,)]]
[26Jul2026 05:21:12.644] [main/DEBUG] [net.minecraftforge.fml.loading.moddiscovery.ModFileParser/LOADING]: Considering mod file candidate /workspaces/enderdeath/servidor_minecraft/mods/EasyShulkerBoxes-v8.0.2-1.20.1-Forge.jar
[26Jul2026 05:21:12.644] [main/DEBUG] [net.minecraftforge.fml.loading.moddiscovery.ModFileInfo/LOADING]: Found valid mod file EasyShulkerBoxes-v8.0.2-1.20.1-Forge.jar with {easyshulkerboxes} mods - versions {8.0.2}
[26Jul2026 05:21:12.645] [main/DEBUG] [net.minecraftforge.fml.loading.moddiscovery.ModFile/LOADING]: Loading mod file /workspaces/enderdeath/servidor_minecraft/mods/EasyShulkerBoxes-v8.0.2-1.20.1-Forge.jar with languages [LanguageSpec[languageName=javafml, acceptedVersions=[47,)]]
[26Jul2026 05:21:12.645] [main/DEBUG] [net.minecraftforge.fml.loading.moddiscovery.ModFileParser/LOADING]: Considering mod file candidate /workspaces/enderdeath/servidor_minecraft/mods/Luminous Nether V1.3.2 - Forge 1.20.1.jar
[26Jul2026 05:21:12.645] [main/DEBUG] [net.minecraftforge.fml.loading.moddiscovery.ModFileInfo/LOADING]: Found valid mod file Luminous Nether V1.3.2 - Forge 1.20.1.jar with {luminous_nether} mods - versions {1.3.2}
[26Jul2026 05:21:12.645] [main/DEBUG] [net.minecraftforge.fml.loading.moddiscovery.ModFile/LOADING]: Loading mod file /workspaces/enderdeath/servidor_minecraft/mods/Luminous Nether V1.3.2 - Forge 1.20.1.jar with languages [LanguageSpec[languageName=javafml, acceptedVersions=[47,)]]
[26Jul2026 05:21:12.646] [main/DEBUG] [net.minecraftforge.fml.loading.moddiscovery.ModFileParser/LOADING]: Considering mod file candidate 
[26Jul2026 05:21:12.646] [main/DEBUG] [net.minecraftforge.fml.loading.moddiscovery.ModFileInfo/LOADING]: Found valid mod file puzzlesapi-forge-8.1.6.jar with {puzzlesapi} mods - versions {8.1.6}
[26Jul2026 05:21:12.646] [main/DEBUG] [net.minecraftforge.fml.loading.moddiscovery.ModFile/LOADING]: Loading mod file  with languages [LanguageSpec[languageName=javafml, acceptedVersions=[47,)]]
[26Jul2026 05:21:12.646] [main/DEBUG] [net.minecraftforge.fml.loading.moddiscovery.ModFileParser/LOADING]: Considering mod file candidate /workspaces/enderdeath/servidor_minecraft/mods/ftb-library-forge-2001.2.10.jar
[26Jul2026 05:21:12.647] [main/DEBUG] [net.minecraftforge.fml.loading.moddiscovery.ModFileInfo/LOADING]: Found valid mod file ftb-library-forge-2001.2.10.jar with {ftblibrary} mods - versions {2001.2.10}
[26Jul2026 05:21:12.647] [main/DEBUG] [net.minecraftforge.fml.loading.moddiscovery.ModFile/LOADING]: Loading mod file /workspaces/enderdeath/servidor_minecraft/mods/ftb-library-forge-2001.2.10.jar with languages [LanguageSpec[languageName=javafml, acceptedVersions=[47,)]]
[26Jul2026 05:21:12.647] [main/DEBUG] [net.minecraftforge.fml.loading.moddiscovery.ModFileParser/LOADING]: Considering mod file candidate /workspaces/enderdeath/servidor_minecraft/mods/MutantMonsters-v8.0.8-1.20.1-Forge.jar
[26Jul2026 05:21:12.648] [main/DEBUG] [net.minecraftforge.fml.loading.moddiscovery.ModFileInfo/LOADING]: Found valid mod file MutantMonsters-v8.0.8-1.20.1-Forge.jar with {mutantmonsters} mods - versions {8.0.8}
[26Jul2026 05:21:12.648] [main/DEBUG] [net.minecraftforge.fml.loading.moddiscovery.ModFile/LOADING]: Loading mod file /workspaces/enderdeath/servidor_minecraft/mods/MutantMonsters-v8.0.8-1.20.1-Forge.jar with languages [LanguageSpec[languageName=javafml, acceptedVersions=[47,)]]
[26Jul2026 05:21:12.648] [main/DEBUG] [net.minecraftforge.fml.loading.moddiscovery.ModFileParser/LOADING]: Considering mod file candidate /workspaces/enderdeath/servidor_minecraft/mods/formationsnether-1.0.5.jar
[26Jul2026 05:21:12.649] [main/DEBUG] [net.minecraftforge.fml.loading.moddiscovery.ModFileInfo/LOADING]: Found valid mod file formationsnether-1.0.5.jar with {formationsnether} mods - versions {1.0.5}
[26Jul2026 05:21:12.649] [main/DEBUG] [net.minecraftforge.fml.loading.moddiscovery.ModFile/LOADING]: Loading mod file /workspaces/enderdeath/servidor_minecraft/mods/formationsnether-1.0.5.jar with languages [LanguageSpec[languageName=lowcodefml, acceptedVersions=[2,)]]
[26Jul2026 05:21:12.649] [main/DEBUG] [net.minecraftforge.fml.loading.moddiscovery.ModFileParser/LOADING]: Considering mod file candidate /workspaces/enderdeath/servidor_minecraft/mods/ElysiumAPI-1.20.1-1.1.3.jar
[26Jul2026 05:21:12.650] [main/DEBUG] [net.minecraftforge.fml.loading.moddiscovery.ModFileInfo/LOADING]: Found valid mod file ElysiumAPI-1.20.1-1.1.3.jar with {elysium_api} mods - versions {1.1.3}
[26Jul2026 05:21:12.650] [main/DEBUG] [net.minecraftforge.fml.loading.moddiscovery.ModFile/LOADING]: Loading mod file /workspaces/enderdeath/servidor_minecraft/mods/ElysiumAPI-1.20.1-1.1.3.jar with languages [LanguageSpec[languageName=javafml, acceptedVersions=[47,)]]
[26Jul2026 05:21:12.650] [main/DEBUG] [net.minecraftforge.fml.loading.moddiscovery.ModFileParser/LOADING]: Considering mod file candidate /workspaces/enderdeath/servidor_minecraft/mods/EasyMagic-v8.0.1-1.20.1-Forge.jar
[26Jul2026 05:21:12.650] [main/DEBUG] [net.minecraftforge.fml.loading.moddiscovery.ModFileInfo/LOADING]: Found valid mod file EasyMagic-v8.0.1-1.20.1-Forge.jar with {easymagic} mods - versions {8.0.1}
[26Jul2026 05:21:12.651] [main/DEBUG] [net.minecraftforge.fml.loading.moddiscovery.ModFile/LOADING]: Loading mod file /workspaces/enderdeath/servidor_minecraft/mods/EasyMagic-v8.0.1-1.20.1-Forge.jar with languages [LanguageSpec[languageName=javafml, acceptedVersions=[47,)]]
[26Jul2026 05:21:12.651] [main/DEBUG] [net.minecraftforge.fml.loading.moddiscovery.ModFileParser/LOADING]: Considering mod file candidate /workspaces/enderdeath/servidor_minecraft/mods/jei-1.20.1-forge-15.20.0.130.jar
[26Jul2026 05:21:12.651] [main/DEBUG] [net.minecraftforge.fml.loading.moddiscovery.ModFileInfo/LOADING]: Found valid mod file jei-1.20.1-forge-15.20.0.130.jar with {jei} mods - versions {15.20.0.130}
[26Jul2026 05:21:12.652] [main/DEBUG] [net.minecraftforge.fml.loading.moddiscovery.ModFile/LOADING]: Loading mod file /workspaces/enderdeath/servidor_minecraft/mods/jei-1.20.1-forge-15.20.0.130.jar with languages [LanguageSpec[languageName=javafml, acceptedVersions=[47,)]]
[26Jul2026 05:21:12.652] [main/DEBUG] [net.minecraftforge.fml.loading.moddiscovery.ModFileParser/LOADING]: Considering mod file candidate /workspaces/enderdeath/servidor_minecraft/mods/deltaboxlib-forge-2.2.0+1.20.1.jar
[26Jul2026 05:21:12.652] [main/DEBUG] [net.minecraftforge.fml.loading.moddiscovery.ModFileInfo/LOADING]: Found valid mod file deltaboxlib-forge-2.2.0+1.20.1.jar with {deltaboxlib} mods - versions {2.2.0}
[26Jul2026 05:21:12.652] [main/DEBUG] [net.minecraftforge.fml.loading.moddiscovery.ModFile/LOADING]: Loading mod file /workspaces/enderdeath/servidor_minecraft/mods/deltaboxlib-forge-2.2.0+1.20.1.jar with languages [LanguageSpec[languageName=javafml, acceptedVersions=[4,)]]
[26Jul2026 05:21:12.653] [main/DEBUG] [net.minecraftforge.fml.loading.moddiscovery.ModFileParser/LOADING]: Considering mod file candidate /workspaces/enderdeath/servidor_minecraft/mods/fragmentum-forge-1.20.1-1.0.5.jar
[26Jul2026 05:21:12.653] [main/DEBUG] [net.minecraftforge.fml.loading.moddiscovery.ModFileInfo/LOADING]: Found valid mod file fragmentum-forge-1.20.1-1.0.5.jar with {fragmentum} mods - versions {1.0.5}
[26Jul2026 05:21:12.653] [main/DEBUG] [net.minecraftforge.fml.loading.moddiscovery.ModFile/LOADING]: Loading mod file /workspaces/enderdeath/servidor_minecraft/mods/fragmentum-forge-1.20.1-1.0.5.jar with languages [LanguageSpec[languageName=javafml, acceptedVersions=[47,)]]
[26Jul2026 05:21:12.653] [main/DEBUG] [net.minecraftforge.fml.loading.moddiscovery.ModFileParser/LOADING]: Considering mod file candidate /workspaces/enderdeath/servidor_minecraft/mods/FastSuite-1.20.1-5.1.0.jar
[26Jul2026 05:21:12.654] [main/DEBUG] [net.minecraftforge.fml.loading.moddiscovery.ModFileInfo/LOADING]: Found valid mod file FastSuite-1.20.1-5.1.0.jar with {fastsuite} mods - versions {5.1.0}
[26Jul2026 05:21:12.654] [main/DEBUG] [net.minecraftforge.fml.loading.moddiscovery.ModFile/LOADING]: Loading mod file /workspaces/enderdeath/servidor_minecraft/mods/FastSuite-1.20.1-5.1.0.jar with languages [LanguageSpec[languageName=javafml, acceptedVersions=[32,)]]
[26Jul2026 05:21:12.655] [main/DEBUG] [net.minecraftforge.fml.loading.moddiscovery.ModFileParser/LOADING]: Considering mod file candidate /workspaces/enderdeath/servidor_minecraft/mods/fastasyncworldsave-1.20.1-2.6.jar
[26Jul2026 05:21:12.655] [main/DEBUG] [net.minecraftforge.fml.loading.moddiscovery.ModFileInfo/LOADING]: Found valid mod file fastasyncworldsave-1.20.1-2.6.jar with {fastasyncworldsave} mods - versions {1.20.1-2.6}
[26Jul2026 05:21:12.656] [main/DEBUG] [net.minecraftforge.fml.loading.moddiscovery.ModFile/LOADING]: Loading mod file /workspaces/enderdeath/servidor_minecraft/mods/fastasyncworldsave-1.20.1-2.6.jar with languages [LanguageSpec[languageName=javafml, acceptedVersions=[36,)]]
[26Jul2026 05:21:12.656] [main/DEBUG] [net.minecraftforge.fml.loading.moddiscovery.ModFileParser/LOADING]: Considering mod file candidate /workspaces/enderdeath/servidor_minecraft/mods/alternate_current-mc1.20-1.7.0.jar
[26Jul2026 05:21:12.656] [main/DEBUG] [net.minecraftforge.fml.loading.moddiscovery.ModFileInfo/LOADING]: Found valid mod file alternate_current-mc1.20-1.7.0.jar with {alternate_current} mods - versions {1.7.0}
[26Jul2026 05:21:12.657] [main/DEBUG] [net.minecraftforge.fml.loading.moddiscovery.ModFile/LOADING]: Loading mod file /workspaces/enderdeath/servidor_minecraft/mods/alternate_current-mc1.20-1.7.0.jar with languages [LanguageSpec[languageName=javafml, acceptedVersions=[47,)]]
[26Jul2026 05:21:12.657] [main/DEBUG] [net.minecraftforge.fml.loading.moddiscovery.ModFileParser/LOADING]: Considering mod file candidate /workspaces/enderdeath/servidor_minecraft/mods/Icterine-forge-1.20.0-1-1.3.0.jar
[26Jul2026 05:21:12.657] [main/DEBUG] [net.minecraftforge.fml.loading.moddiscovery.ModFileInfo/LOADING]: Found valid mod file Icterine-forge-1.20.0-1-1.3.0.jar with {icterine} mods - versions {1.3.0}
[26Jul2026 05:21:12.657] [main/DEBUG] [net.minecraftforge.fml.loading.moddiscovery.ModFile/LOADING]: Loading mod file /workspaces/enderdeath/servidor_minecraft/mods/Icterine-forge-1.20.0-1-1.3.0.jar with languages [LanguageSpec[languageName=javafml, acceptedVersions=[46,)]]
[26Jul2026 05:21:12.657] [main/DEBUG] [net.minecraftforge.fml.loading.moddiscovery.ModFileParser/LOADING]: Considering mod file candidate /workspaces/enderdeath/servidor_minecraft/mods/BetterTotemOfUndying-Forge-1.20.4-2.1.1.jar
[26Jul2026 05:21:12.658] [main/DEBUG] [net.minecraftforge.fml.loading.moddiscovery.ModFileInfo/LOADING]: Found valid mod file BetterTotemOfUndying-Forge-1.20.4-2.1.1.jar with {better_totem_of_undying} mods - versions {2.1.1}
[26Jul2026 05:21:12.658] [main/DEBUG] [net.minecraftforge.fml.loading.moddiscovery.ModFile/LOADING]: Loading mod file /workspaces/enderdeath/servidor_minecraft/mods/BetterTotemOfUndying-Forge-1.20.4-2.1.1.jar with languages [LanguageSpec[languageName=javafml, acceptedVersions=[47,)]]
[26Jul2026 05:21:12.658] [main/DEBUG] [net.minecraftforge.fml.loading.moddiscovery.ModFileParser/LOADING]: Considering mod file candidate 
[26Jul2026 05:21:12.658] [main/DEBUG] [net.minecraftforge.fml.loading.moddiscovery.ModFileInfo/LOADING]: Found valid mod file midnightlib-1.4.2-forge.jar with {midnightlib} mods - versions {1.4.2}
[26Jul2026 05:21:12.658] [main/DEBUG] [net.minecraftforge.fml.loading.moddiscovery.ModFile/LOADING]: Loading mod file  with languages [LanguageSpec[languageName=javafml, acceptedVersions=[43,)]]
[26Jul2026 05:21:12.659] [main/DEBUG] [net.minecraftforge.fml.loading.moddiscovery.ModFileParser/LOADING]: Considering mod file candidate /workspaces/enderdeath/servidor_minecraft/mods/tact-1.5.2+1.20.1.jar
[26Jul2026 05:21:12.659] [main/DEBUG] [net.minecraftforge.fml.loading.moddiscovery.ModFileInfo/LOADING]: Found valid mod file tact-1.5.2+1.20.1.jar with {tact} mods - versions {1.5.2}
[26Jul2026 05:21:12.659] [main/DEBUG] [net.minecraftforge.fml.loading.moddiscovery.ModFile/LOADING]: Loading mod file /workspaces/enderdeath/servidor_minecraft/mods/tact-1.5.2+1.20.1.jar with languages [LanguageSpec[languageName=javafml, acceptedVersions=[47,)]]
[26Jul2026 05:21:12.659] [main/DEBUG] [net.minecraftforge.fml.loading.moddiscovery.ModFileParser/LOADING]: Considering mod file candidate 
[26Jul2026 05:21:12.661] [main/DEBUG] [net.minecraftforge.fml.loading.moddiscovery.ModFileInfo/LOADING]: Found valid mod file puzzlesaccessapi-forge-20.1.1.jar with {puzzlesaccessapi} mods - versions {20.1.1}
[26Jul2026 05:21:12.661] [main/DEBUG] [net.minecraftforge.fml.loading.moddiscovery.ModFile/LOADING]: Loading mod file  with languages [LanguageSpec[languageName=javafml, acceptedVersions=*]]
[26Jul2026 05:21:12.661] [main/DEBUG] [net.minecraftforge.fml.loading.moddiscovery.ModFileParser/LOADING]: Considering mod file candidate /workspaces/enderdeath/servidor_minecraft/mods/formations-1.0.4-forge-mc1.20.2.jar
[26Jul2026 05:21:12.662] [main/DEBUG] [net.minecraftforge.fml.loading.moddiscovery.ModFileInfo/LOADING]: Found valid mod file formations-1.0.4-forge-mc1.20.2.jar with {formations} mods - versions {1.0.4}
[26Jul2026 05:21:12.662] [main/DEBUG] [net.minecraftforge.fml.loading.moddiscovery.ModFile/LOADING]: Loading mod file /workspaces/enderdeath/servidor_minecraft/mods/formations-1.0.4-forge-mc1.20.2.jar with languages [LanguageSpec[languageName=javafml, acceptedVersions=[46,)]]
[26Jul2026 05:21:12.662] [main/DEBUG] [net.minecraftforge.fml.loading.moddiscovery.ModFileParser/LOADING]: Considering mod file candidate /workspaces/enderdeath/servidor_minecraft/mods/Luminous V1.5.2 - Forge 1.20.1.jar
[26Jul2026 05:21:12.662] [main/DEBUG] [net.minecraftforge.fml.loading.moddiscovery.ModFileInfo/LOADING]: Found valid mod file Luminous V1.5.2 - Forge 1.20.1.jar with {luminousworld} mods - versions {1.5.2}
[26Jul2026 05:21:12.663] [main/DEBUG] [net.minecraftforge.fml.loading.moddiscovery.ModFile/LOADING]: Loading mod file /workspaces/enderdeath/servidor_minecraft/mods/Luminous V1.5.2 - Forge 1.20.1.jar with languages [LanguageSpec[languageName=javafml, acceptedVersions=[47,)]]
[26Jul2026 05:21:12.663] [main/DEBUG] [net.minecraftforge.fml.loading.moddiscovery.ModFileParser/LOADING]: Considering mod file candidate /workspaces/enderdeath/servidor_minecraft/libraries/net/minecraftforge/forge/1.20.1-47.4.10/forge-1.20.1-47.4.10-universal.jar
[26Jul2026 05:21:12.663] [main/DEBUG] [net.minecraftforge.fml.loading.moddiscovery.ModFileInfo/LOADING]: Found valid mod file forge-1.20.1-47.4.10-universal.jar with {forge} mods - versions {47.4.10}
[26Jul2026 05:21:12.663] [main/DEBUG] [net.minecraftforge.fml.loading.moddiscovery.ModFile/LOADING]: Loading mod file /workspaces/enderdeath/servidor_minecraft/libraries/net/minecraftforge/forge/1.20.1-47.4.10/forge-1.20.1-47.4.10-universal.jar with languages [LanguageSpec[languageName=javafml, acceptedVersions=[24,]]]
[26Jul2026 05:21:12.664] [main/DEBUG] [net.minecraftforge.fml.loading.moddiscovery.ModFileParser/LOADING]: Found coremod field_to_method with Javascript path coremods/field_to_method.js
[26Jul2026 05:21:12.664] [main/DEBUG] [net.minecraftforge.fml.loading.moddiscovery.ModFileParser/LOADING]: Found coremod field_to_instanceof with Javascript path coremods/field_to_instanceof.js
[26Jul2026 05:21:12.664] [main/DEBUG] [net.minecraftforge.fml.loading.moddiscovery.ModFileParser/LOADING]: Found coremod add_bouncer_method with Javascript path coremods/add_bouncer_method.js
[26Jul2026 05:21:12.664] [main/DEBUG] [net.minecraftforge.fml.loading.moddiscovery.ModFileParser/LOADING]: Found coremod method_redirector with Javascript path coremods/method_redirector.js
[26Jul2026 05:21:12.664] [main/DEBUG] [net.minecraftforge.fml.loading.moddiscovery.ModFile/LOADING]: Found coremod coremods/field_to_method.js
[26Jul2026 05:21:12.664] [main/DEBUG] [net.minecraftforge.fml.loading.moddiscovery.ModFile/LOADING]: Found coremod coremods/field_to_instanceof.js
[26Jul2026 05:21:12.664] [main/DEBUG] [net.minecraftforge.fml.loading.moddiscovery.ModFile/LOADING]: Found coremod coremods/add_bouncer_method.js
[26Jul2026 05:21:12.664] [main/DEBUG] [net.minecraftforge.fml.loading.moddiscovery.ModFile/LOADING]: Found coremod coremods/method_redirector.js
[26Jul2026 05:21:12.665] [main/DEBUG] [net.minecraftforge.fml.loading.moddiscovery.ModFileParser/LOADING]: Considering mod file candidate /workspaces/enderdeath/servidor_minecraft/mods/friendsandfoes-forge-mc1.20.1-3.0.9.jar
[26Jul2026 05:21:12.665] [main/DEBUG] [net.minecraftforge.fml.loading.moddiscovery.ModFileInfo/LOADING]: Found valid mod file friendsandfoes-forge-mc1.20.1-3.0.9.jar with {friendsandfoes} mods - versions {3.0.9}
[26Jul2026 05:21:12.665] [main/DEBUG] [net.minecraftforge.fml.loading.moddiscovery.ModFile/LOADING]: Loading mod file /workspaces/enderdeath/servidor_minecraft/mods/friendsandfoes-forge-mc1.20.1-3.0.9.jar with languages [LanguageSpec[languageName=javafml, acceptedVersions=*]]
[26Jul2026 05:21:12.665] [main/DEBUG] [net.minecraftforge.fml.loading.moddiscovery.ModFileInfo/LOADING]: Found valid mod file server-1.20.1-20230612.114412-srg.jar with {minecraft} mods - versions {1.20.1}
[26Jul2026 05:21:12.665] [main/DEBUG] [net.minecraftforge.fml.loading.moddiscovery.ModFile/LOADING]: Loading mod file /workspaces/enderdeath/servidor_minecraft/libraries/net/minecraft/server/1.20.1-20230612.114412/server-1.20.1-20230612.114412-srg.jar with languages [LanguageSpec[languageName=minecraft, acceptedVersions=1]]
[26Jul2026 05:21:12.666] [main/DEBUG] [net.minecraftforge.fml.loading.moddiscovery.ModFileParser/LOADING]: Considering mod file candidate /workspaces/enderdeath/servidor_minecraft/mods/alexscaves-2.0.2.jar
[26Jul2026 05:21:12.666] [main/DEBUG] [net.minecraftforge.fml.loading.moddiscovery.ModFileInfo/LOADING]: Found valid mod file alexscaves-2.0.2.jar with {alexscaves} mods - versions {2.0.2}
[26Jul2026 05:21:12.666] [main/DEBUG] [net.minecraftforge.fml.loading.moddiscovery.ModFile/LOADING]: Loading mod file /workspaces/enderdeath/servidor_minecraft/mods/alexscaves-2.0.2.jar with languages [LanguageSpec[languageName=javafml, acceptedVersions=[46,)]]
[26Jul2026 05:21:12.667] [main/DEBUG] [net.minecraftforge.fml.loading.moddiscovery.ModFileParser/LOADING]: Considering mod file candidate /workspaces/enderdeath/servidor_minecraft/mods/endermanoverhaul-forge-1.20.1-1.0.4.jar
[26Jul2026 05:21:12.667] [main/DEBUG] [net.minecraftforge.fml.loading.moddiscovery.ModFileInfo/LOADING]: Found valid mod file endermanoverhaul-forge-1.20.1-1.0.4.jar with {endermanoverhaul} mods - versions {1.0.4}
[26Jul2026 05:21:12.667] [main/DEBUG] [net.minecraftforge.fml.loading.moddiscovery.ModFile/LOADING]: Loading mod file /workspaces/enderdeath/servidor_minecraft/mods/endermanoverhaul-forge-1.20.1-1.0.4.jar with languages [LanguageSpec[languageName=javafml, acceptedVersions=[47,)]]
[26Jul2026 05:21:12.667] [main/DEBUG] [net.minecraftforge.fml.loading.moddiscovery.ModFileParser/LOADING]: Considering mod file candidate /workspaces/enderdeath/servidor_minecraft/mods/moonlight-1.20-2.16.16-forge.jar
[26Jul2026 05:21:12.668] [main/DEBUG] [net.minecraftforge.fml.loading.moddiscovery.ModFileInfo/LOADING]: Found valid mod file moonlight-1.20-2.16.16-forge.jar with {moonlight} mods - versions {1.20-2.16.16}
[26Jul2026 05:21:12.668] [main/DEBUG] [net.minecraftforge.fml.loading.moddiscovery.ModFile/LOADING]: Loading mod file /workspaces/enderdeath/servidor_minecraft/mods/moonlight-1.20-2.16.16-forge.jar with languages [LanguageSpec[languageName=javafml, acceptedVersions=[40,)]]
[26Jul2026 05:21:12.668] [main/DEBUG] [net.minecraftforge.fml.loading.moddiscovery.ModFileParser/LOADING]: Considering mod file candidate /workspaces/enderdeath/servidor_minecraft/mods/TerraBlender-forge-1.20.1-3.0.1.10.jar
[26Jul2026 05:21:12.669] [main/DEBUG] [net.minecraftforge.fml.loading.moddiscovery.ModFileInfo/LOADING]: Found valid mod file TerraBlender-forge-1.20.1-3.0.1.10.jar with {terrablender} mods - versions {3.0.1.10}
[26Jul2026 05:21:12.672] [main/DEBUG] [net.minecraftforge.fml.loading.moddiscovery.ModFile/LOADING]: Loading mod file /workspaces/enderdeath/servidor_minecraft/mods/TerraBlender-forge-1.20.1-3.0.1.10.jar with languages [LanguageSpec[languageName=javafml, acceptedVersions=[47,)]]
[26Jul2026 05:21:12.672] [main/DEBUG] [net.minecraftforge.fml.loading.moddiscovery.ModFileParser/LOADING]: Considering mod file candidate /workspaces/enderdeath/servidor_minecraft/mods/ftb-quests-forge-2001.4.16.jar
[26Jul2026 05:21:12.672] [main/DEBUG] [net.minecraftforge.fml.loading.moddiscovery.ModFileInfo/LOADING]: Found valid mod file ftb-quests-forge-2001.4.16.jar with {ftbquests} mods - versions {2001.4.16}
[26Jul2026 05:21:12.672] [main/DEBUG] [net.minecraftforge.fml.loading.moddiscovery.ModFile/LOADING]: Loading mod file /workspaces/enderdeath/servidor_minecraft/mods/ftb-quests-forge-2001.4.16.jar with languages [LanguageSpec[languageName=javafml, acceptedVersions=[39,)]]
[26Jul2026 05:21:12.672] [main/DEBUG] [net.minecraftforge.fml.loading.moddiscovery.ModFileParser/LOADING]: Considering mod file candidate /workspaces/enderdeath/servidor_minecraft/mods/musicbox-forge-2.0.2+1.20.1.jar
[26Jul2026 05:21:12.673] [main/DEBUG] [net.minecraftforge.fml.loading.moddiscovery.ModFileInfo/LOADING]: Found valid mod file musicbox-forge-2.0.2+1.20.1.jar with {musicbox} mods - versions {2.0.2}
[26Jul2026 05:21:12.673] [main/DEBUG] [net.minecraftforge.fml.loading.moddiscovery.ModFile/LOADING]: Loading mod file /workspaces/enderdeath/servidor_minecraft/mods/musicbox-forge-2.0.2+1.20.1.jar with languages [LanguageSpec[languageName=javafml, acceptedVersions=[4,)]]
[26Jul2026 05:21:12.673] [main/DEBUG] [net.minecraftforge.fml.loading.moddiscovery.ModFileParser/LOADING]: Considering mod file candidate /workspaces/enderdeath/servidor_minecraft/mods/fdlib-1.0.9-1.20.1.jar
[26Jul2026 05:21:12.676] [main/DEBUG] [net.minecraftforge.fml.loading.moddiscovery.ModFileInfo/LOADING]: Found valid mod file fdlib-1.0.9-1.20.1.jar with {fdlib} mods - versions {1.0.9}
[26Jul2026 05:21:12.676] [main/DEBUG] [net.minecraftforge.fml.loading.moddiscovery.ModFile/LOADING]: Loading mod file /workspaces/enderdeath/servidor_minecraft/mods/fdlib-1.0.9-1.20.1.jar with languages [LanguageSpec[languageName=javafml, acceptedVersions=[47,)]]
[26Jul2026 05:21:12.676] [main/DEBUG] [net.minecraftforge.fml.loading.moddiscovery.ModFileParser/LOADING]: Considering mod file candidate /workspaces/enderdeath/servidor_minecraft/mods/mofus_broken_constellation-0.9.0-forge-1.20.1.jar
[26Jul2026 05:21:12.676] [main/DEBUG] [net.minecraftforge.fml.loading.moddiscovery.ModFileInfo/LOADING]: Found valid mod file mofus_broken_constellation-0.9.0-forge-1.20.1.jar with {mofus_better_end_} mods - versions {1.0.0}
[26Jul2026 05:21:12.676] [main/DEBUG] [net.minecraftforge.fml.loading.moddiscovery.ModFile/LOADING]: Loading mod file /workspaces/enderdeath/servidor_minecraft/mods/mofus_broken_constellation-0.9.0-forge-1.20.1.jar with languages [LanguageSpec[languageName=javafml, acceptedVersions=[47,)]]
[26Jul2026 05:21:12.676] [main/DEBUG] [net.minecraftforge.fml.loading.moddiscovery.ModFileParser/LOADING]: Considering mod file candidate /workspaces/enderdeath/servidor_minecraft/mods/CreativeCore_FORGE_v2.12.32_mc1.20.1.jar
[26Jul2026 05:21:12.677] [main/DEBUG] [net.minecraftforge.fml.loading.moddiscovery.ModFileInfo/LOADING]: Found valid mod file CreativeCore_FORGE_v2.12.32_mc1.20.1.jar with {creativecore} mods - versions {2.12.32}
[26Jul2026 05:21:12.677] [main/DEBUG] [net.minecraftforge.fml.loading.moddiscovery.ModFile/LOADING]: Loading mod file /workspaces/enderdeath/servidor_minecraft/mods/CreativeCore_FORGE_v2.12.32_mc1.20.1.jar with languages [LanguageSpec[languageName=javafml, acceptedVersions=[46,)]]
[26Jul2026 05:21:12.677] [main/DEBUG] [net.minecraftforge.fml.loading.moddiscovery.ModFileParser/LOADING]: Considering mod file candidate /workspaces/enderdeath/servidor_minecraft/mods/Platform-forge-1.20.1-1.3.2.jar
[26Jul2026 05:21:12.677] [main/DEBUG] [net.minecraftforge.fml.loading.moddiscovery.ModFileInfo/LOADING]: Found valid mod file Platform-forge-1.20.1-1.3.2.jar with {platform} mods - versions {1.3.2}
[26Jul2026 05:21:12.677] [main/DEBUG] [net.minecraftforge.fml.loading.moddiscovery.ModFile/LOADING]: Loading mod file /workspaces/enderdeath/servidor_minecraft/mods/Platform-forge-1.20.1-1.3.2.jar with languages [LanguageSpec[languageName=javafml, acceptedVersions=[39,)]]
[26Jul2026 05:21:12.679] [main/DEBUG] [net.minecraftforge.fml.loading.moddiscovery.ModFileParser/LOADING]: Considering mod file candidate /workspaces/enderdeath/servidor_minecraft/mods/movingelevators-1.4.12-forge-mc1.20.1.jar
[26Jul2026 05:21:12.680] [main/DEBUG] [net.minecraftforge.fml.loading.moddiscovery.ModFileInfo/LOADING]: Found valid mod file movingelevators-1.4.12-forge-mc1.20.1.jar with {movingelevators} mods - versions {1.4.12}
[26Jul2026 05:21:12.680] [main/DEBUG] [net.minecraftforge.fml.loading.moddiscovery.ModFile/LOADING]: Loading mod file /workspaces/enderdeath/servidor_minecraft/mods/movingelevators-1.4.12-forge-mc1.20.1.jar with languages [LanguageSpec[languageName=javafml, acceptedVersions=[46,)]]
[26Jul2026 05:21:12.680] [main/DEBUG] [net.minecraftforge.fml.loading.moddiscovery.ModFileParser/LOADING]: Considering mod file candidate /workspaces/enderdeath/servidor_minecraft/mods/easy_npc_bundle-forge-1.20.1-6.25.0.jar
[26Jul2026 05:21:12.681] [main/DEBUG] [net.minecraftforge.fml.loading.moddiscovery.ModFileInfo/LOADING]: Found valid mod file easy_npc_bundle-forge-1.20.1-6.25.0.jar with {easy_npc_bundle} mods - versions {6.25.0}
[26Jul2026 05:21:12.681] [main/DEBUG] [net.minecraftforge.fml.loading.moddiscovery.ModFile/LOADING]: Loading mod file /workspaces/enderdeath/servidor_minecraft/mods/easy_npc_bundle-forge-1.20.1-6.25.0.jar with languages [LanguageSpec[languageName=javafml, acceptedVersions=[47,)]]
[26Jul2026 05:21:12.681] [main/DEBUG] [net.minecraftforge.fml.loading.moddiscovery.ModFileParser/LOADING]: Considering mod file candidate 
[26Jul2026 05:21:12.682] [main/DEBUG] [net.minecraftforge.fml.loading.moddiscovery.ModFileInfo/LOADING]: Found valid mod file kffmod-4.12.0.jar with {kotlinforforge} mods - versions {4.12.0}
[26Jul2026 05:21:12.682] [main/DEBUG] [net.minecraftforge.fml.loading.moddiscovery.ModFile/LOADING]: Loading mod file  with languages [LanguageSpec[languageName=kotlinforforge, acceptedVersions=[4,)]]
[26Jul2026 05:21:12.682] [main/DEBUG] [net.minecraftforge.fml.loading.moddiscovery.ModFileParser/LOADING]: Considering mod file candidate /workspaces/enderdeath/servidor_minecraft/mods/Iceberg-1.20.1-forge-1.1.25.jar
[26Jul2026 05:21:12.682] [main/DEBUG] [net.minecraftforge.fml.loading.moddiscovery.ModFileInfo/LOADING]: Found valid mod file Iceberg-1.20.1-forge-1.1.25.jar with {iceberg} mods - versions {1.1.25}
[26Jul2026 05:21:12.682] [main/DEBUG] [net.minecraftforge.fml.loading.moddiscovery.ModFile/LOADING]: Loading mod file /workspaces/enderdeath/servidor_minecraft/mods/Iceberg-1.20.1-forge-1.1.25.jar with languages [LanguageSpec[languageName=javafml, acceptedVersions=[47,)]]
[26Jul2026 05:21:12.683] [main/DEBUG] [net.minecraftforge.fml.loading.moddiscovery.ModFileParser/LOADING]: Considering mod file candidate /workspaces/enderdeath/servidor_minecraft/mods/[1.20.1] SecurityCraft v1.10.1.jar
[26Jul2026 05:21:12.683] [main/DEBUG] [net.minecraftforge.fml.loading.moddiscovery.ModFileInfo/LOADING]: Found valid mod file [1.20.1] SecurityCraft v1.10.1.jar with {securitycraft} mods - versions {1.10.1}
[26Jul2026 05:21:12.684] [main/DEBUG] [net.minecraftforge.fml.loading.moddiscovery.ModFile/LOADING]: Loading mod file /workspaces/enderdeath/servidor_minecraft/mods/[1.20.1] SecurityCraft v1.10.1.jar with languages [LanguageSpec[languageName=javafml, acceptedVersions=[46,)]]
[26Jul2026 05:21:12.684] [main/DEBUG] [net.minecraftforge.fml.loading.moddiscovery.ModFileParser/LOADING]: Considering mod file candidate /workspaces/enderdeath/servidor_minecraft/mods/Lunar-forge-1.20.1-0.2.7.jar
[26Jul2026 05:21:12.684] [main/DEBUG] [net.minecraftforge.fml.loading.moddiscovery.ModFileInfo/LOADING]: Found valid mod file Lunar-forge-1.20.1-0.2.7.jar with {lunar} mods - versions {0.2.7}
[26Jul2026 05:21:12.685] [main/DEBUG] [net.minecraftforge.fml.loading.moddiscovery.ModFile/LOADING]: Loading mod file /workspaces/enderdeath/servidor_minecraft/mods/Lunar-forge-1.20.1-0.2.7.jar with languages [LanguageSpec[languageName=javafml, acceptedVersions=[47,)]]
[26Jul2026 05:21:12.687] [main/DEBUG] [net.minecraftforge.fml.loading.moddiscovery.ModFileParser/LOADING]: Considering mod file candidate /workspaces/enderdeath/servidor_minecraft/mods/BetterTridents-v8.0.1-1.20.1-Forge.jar
[26Jul2026 05:21:12.687] [main/DEBUG] [net.minecraftforge.fml.loading.moddiscovery.ModFileInfo/LOADING]: Found valid mod file BetterTridents-v8.0.1-1.20.1-Forge.jar with {bettertridents} mods - versions {8.0.1}
[26Jul2026 05:21:12.687] [main/DEBUG] [net.minecraftforge.fml.loading.moddiscovery.ModFile/LOADING]: Loading mod file /workspaces/enderdeath/servidor_minecraft/mods/BetterTridents-v8.0.1-1.20.1-Forge.jar with languages [LanguageSpec[languageName=javafml, acceptedVersions=[47,)]]
[26Jul2026 05:21:12.687] [main/DEBUG] [net.minecraftforge.fml.loading.moddiscovery.ModFileParser/LOADING]: Considering mod file candidate /workspaces/enderdeath/servidor_minecraft/mods/creeperoverhaul-3.0.2-forge.jar
[26Jul2026 05:21:12.688] [main/DEBUG] [net.minecraftforge.fml.loading.moddiscovery.ModFileInfo/LOADING]: Found valid mod file creeperoverhaul-3.0.2-forge.jar with {creeperoverhaul} mods - versions {3.0.2}
[26Jul2026 05:21:12.688] [main/DEBUG] [net.minecraftforge.fml.loading.moddiscovery.ModFile/LOADING]: Loading mod file /workspaces/enderdeath/servidor_minecraft/mods/creeperoverhaul-3.0.2-forge.jar with languages [LanguageSpec[languageName=javafml, acceptedVersions=[46,)]]
[26Jul2026 05:21:12.688] [main/DEBUG] [net.minecraftforge.fml.loading.moddiscovery.ModFileParser/LOADING]: Considering mod file candidate /workspaces/enderdeath/servidor_minecraft/mods/MoogsVoyagerStructures-1.20-5.0.21.jar
[26Jul2026 05:21:12.688] [main/DEBUG] [net.minecraftforge.fml.loading.moddiscovery.ModFileInfo/LOADING]: Found valid mod file MoogsVoyagerStructures-1.20-5.0.21.jar with {mvs} mods - versions {5.0.21}
[26Jul2026 05:21:12.691] [main/DEBUG] [net.minecraftforge.fml.loading.moddiscovery.ModFile/LOADING]: Loading mod file /workspaces/enderdeath/servidor_minecraft/mods/MoogsVoyagerStructures-1.20-5.0.21.jar with languages [LanguageSpec[languageName=lowcodefml, acceptedVersions=[40,)]]
[26Jul2026 05:21:12.691] [main/DEBUG] [net.minecraftforge.fml.loading.moddiscovery.ModFileParser/LOADING]: Considering mod file candidate /workspaces/enderdeath/servidor_minecraft/mods/ferritecore-6.0.1-forge.jar
[26Jul2026 05:21:12.691] [main/DEBUG] [net.minecraftforge.fml.loading.moddiscovery.ModFileInfo/LOADING]: Found valid mod file ferritecore-6.0.1-forge.jar with {ferritecore} mods - versions {6.0.1}
[26Jul2026 05:21:12.691] [main/DEBUG] [net.minecraftforge.fml.loading.moddiscovery.ModFile/LOADING]: Loading mod file /workspaces/enderdeath/servidor_minecraft/mods/ferritecore-6.0.1-forge.jar with languages [LanguageSpec[languageName=javafml, acceptedVersions=[28,)]]
[26Jul2026 05:21:12.691] [main/DEBUG] [net.minecraftforge.fml.loading.moddiscovery.ModFileParser/LOADING]: Considering mod file candidate /workspaces/enderdeath/servidor_minecraft/mods/lootr-forge-1.20-0.7.35.94.jar
[26Jul2026 05:21:12.692] [main/DEBUG] [net.minecraftforge.fml.loading.moddiscovery.ModFileInfo/LOADING]: Found valid mod file lootr-forge-1.20-0.7.35.94.jar with {lootr} mods - versions {0.7.35.94}
[26Jul2026 05:21:12.692] [main/DEBUG] [net.minecraftforge.fml.loading.moddiscovery.ModFile/LOADING]: Loading mod file /workspaces/enderdeath/servidor_minecraft/mods/lootr-forge-1.20-0.7.35.94.jar with languages [LanguageSpec[languageName=javafml, acceptedVersions=[44,)]]
[26Jul2026 05:21:12.692] [main/DEBUG] [net.minecraftforge.fml.loading.moddiscovery.ModFileParser/LOADING]: Considering mod file candidate /workspaces/enderdeath/servidor_minecraft/mods/yet_another_config_lib_v3-3.6.6+1.20.1-forge.jar
[26Jul2026 05:21:12.692] [main/DEBUG] [net.minecraftforge.fml.loading.moddiscovery.ModFileInfo/LOADING]: Found valid mod file yet_another_config_lib_v3-3.6.6+1.20.1-forge.jar with {yet_another_config_lib_v3} mods - versions {3.6.6+1.20.1-forge}
[26Jul2026 05:21:12.692] [main/DEBUG] [net.minecraftforge.fml.loading.moddiscovery.ModFile/LOADING]: Loading mod file /workspaces/enderdeath/servidor_minecraft/mods/yet_another_config_lib_v3-3.6.6+1.20.1-forge.jar with languages [LanguageSpec[languageName=javafml, acceptedVersions=[46,)]]
[26Jul2026 05:21:12.692] [main/DEBUG] [net.minecraftforge.fml.loading.moddiscovery.ModFileParser/LOADING]: Considering mod file candidate /workspaces/enderdeath/servidor_minecraft/mods/ColdSweat-2.4.jar
[26Jul2026 05:21:12.693] [main/DEBUG] [net.minecraftforge.fml.loading.moddiscovery.ModFileInfo/LOADING]: Found valid mod file ColdSweat-2.4.jar with {cold_sweat} mods - versions {2.4}
[26Jul2026 05:21:12.695] [main/DEBUG] [net.minecraftforge.fml.loading.moddiscovery.ModFile/LOADING]: Loading mod file /workspaces/enderdeath/servidor_minecraft/mods/ColdSweat-2.4.jar with languages [LanguageSpec[languageName=javafml, acceptedVersions=[40,)]]
[26Jul2026 05:21:12.695] [main/DEBUG] [net.minecraftforge.fml.loading.moddiscovery.ModFileParser/LOADING]: Considering mod file candidate /workspaces/enderdeath/servidor_minecraft/mods/Deep Dark Regrowth 1.2.6.1 - 1.20.1.jar
[26Jul2026 05:21:12.695] [main/DEBUG] [net.minecraftforge.fml.loading.moddiscovery.ModFileInfo/LOADING]: Found valid mod file Deep Dark Regrowth 1.2.6.1 - 1.20.1.jar with {deep_dark_regrowth} mods - versions {1.2.6.1}
[26Jul2026 05:21:12.695] [main/DEBUG] [net.minecraftforge.fml.loading.moddiscovery.ModFile/LOADING]: Loading mod file /workspaces/enderdeath/servidor_minecraft/mods/Deep Dark Regrowth 1.2.6.1 - 1.20.1.jar with languages [LanguageSpec[languageName=javafml, acceptedVersions=[47,)]]
[26Jul2026 05:21:12.695] [main/DEBUG] [net.minecraftforge.fml.loading.moddiscovery.ModFileParser/LOADING]: Considering mod file candidate /workspaces/enderdeath/servidor_minecraft/mods/PuzzlesLib-v8.1.33-1.20.1-Forge.jar
[26Jul2026 05:21:12.696] [main/DEBUG] [net.minecraftforge.fml.loading.moddiscovery.ModFileInfo/LOADING]: Found valid mod file PuzzlesLib-v8.1.33-1.20.1-Forge.jar with {puzzleslib} mods - versions {8.1.33}
[26Jul2026 05:21:12.696] [main/DEBUG] [net.minecraftforge.fml.loading.moddiscovery.ModFile/LOADING]: Loading mod file /workspaces/enderdeath/servidor_minecraft/mods/PuzzlesLib-v8.1.33-1.20.1-Forge.jar with languages [LanguageSpec[languageName=javafml, acceptedVersions=[47,)]]
[26Jul2026 05:21:12.696] [main/DEBUG] [net.minecraftforge.fml.loading.moddiscovery.ModFileParser/LOADING]: Considering mod file candidate /workspaces/enderdeath/servidor_minecraft/mods/cosmeticarmorreworked-1.20.1-v1a.jar
[26Jul2026 05:21:12.696] [main/DEBUG] [net.minecraftforge.fml.loading.moddiscovery.ModFileInfo/LOADING]: Found valid mod file cosmeticarmorreworked-1.20.1-v1a.jar with {cosmeticarmorreworked} mods - versions {1.20.1-v1a}
[26Jul2026 05:21:12.696] [main/DEBUG] [net.minecraftforge.fml.loading.moddiscovery.ModFile/LOADING]: Loading mod file /workspaces/enderdeath/servidor_minecraft/mods/cosmeticarmorreworked-1.20.1-v1a.jar with languages [LanguageSpec[languageName=javafml, acceptedVersions=[47,)]]
[26Jul2026 05:21:12.696] [main/DEBUG] [net.minecraftforge.fml.loading.moddiscovery.ModFileParser/LOADING]: Considering mod file candidate /workspaces/enderdeath/servidor_minecraft/mods/explosiveenhancement-1.1.0-1.20.1-client-and-server.jar
[26Jul2026 05:21:12.697] [main/DEBUG] [net.minecraftforge.fml.loading.moddiscovery.ModFileInfo/LOADING]: Found valid mod file explosiveenhancement-1.1.0-1.20.1-client-and-server.jar with {explosiveenhancement} mods - versions {1.1.0}
[26Jul2026 05:21:12.697] [main/DEBUG] [net.minecraftforge.fml.loading.moddiscovery.ModFile/LOADING]: Loading mod file /workspaces/enderdeath/servidor_minecraft/mods/explosiveenhancement-1.1.0-1.20.1-client-and-server.jar with languages [LanguageSpec[languageName=javafml, acceptedVersions=[47,)]]
[26Jul2026 05:21:12.697] [main/DEBUG] [net.minecraftforge.fml.loading.moddiscovery.ModFileParser/LOADING]: Considering mod file candidate /workspaces/enderdeath/servidor_minecraft/mods/healingcampfire-1.20.1-6.2.jar
[26Jul2026 05:21:12.698] [main/DEBUG] [net.minecraftforge.fml.loading.moddiscovery.ModFileInfo/LOADING]: Found valid mod file healingcampfire-1.20.1-6.2.jar with {healingcampfire} mods - versions {6.2}
[26Jul2026 05:21:12.698] [main/DEBUG] [net.minecraftforge.fml.loading.moddiscovery.ModFile/LOADING]: Loading mod file /workspaces/enderdeath/servidor_minecraft/mods/healingcampfire-1.20.1-6.2.jar with languages [LanguageSpec[languageName=javafml, acceptedVersions=*]]
[26Jul2026 05:21:12.698] [main/DEBUG] [net.minecraftforge.fml.loading.moddiscovery.ModFileParser/LOADING]: Considering mod file candidate /workspaces/enderdeath/servidor_minecraft/mods/dedsafio3-0.0.9-forge-1.20.1 (1).jar
[26Jul2026 05:21:12.698] [main/DEBUG] [net.minecraftforge.fml.loading.moddiscovery.ModFileInfo/LOADING]: Found valid mod file dedsafio3-0.0.9-forge-1.20.1 (1).jar with {dedsafio3} mods - versions {0.0.9}
[26Jul2026 05:21:12.698] [main/DEBUG] [net.minecraftforge.fml.loading.moddiscovery.ModFile/LOADING]: Loading mod file /workspaces/enderdeath/servidor_minecraft/mods/dedsafio3-0.0.9-forge-1.20.1 (1).jar with languages [LanguageSpec[languageName=javafml, acceptedVersions=[47,)]]
[26Jul2026 05:21:12.699] [main/DEBUG] [net.minecraftforge.fml.loading.moddiscovery.ModFileParser/LOADING]: Considering mod file candidate /workspaces/enderdeath/servidor_minecraft/mods/cristellib-1.1.6-forge.jar
[26Jul2026 05:21:12.699] [main/DEBUG] [net.minecraftforge.fml.loading.moddiscovery.ModFileInfo/LOADING]: Found valid mod file cristellib-1.1.6-forge.jar with {cristellib} mods - versions {1.1.6}
[26Jul2026 05:21:12.699] [main/DEBUG] [net.minecraftforge.fml.loading.moddiscovery.ModFile/LOADING]: Loading mod file /workspaces/enderdeath/servidor_minecraft/mods/cristellib-1.1.6-forge.jar with languages [LanguageSpec[languageName=javafml, acceptedVersions=[47,)]]
[26Jul2026 05:21:12.699] [main/DEBUG] [net.minecraftforge.fml.loading.moddiscovery.ModFile/LOADING]: Loading mod file  with languages []
[26Jul2026 05:21:12.699] [main/DEBUG] [net.minecraftforge.fml.loading.moddiscovery.ModFile/LOADING]: Loading mod file  with languages []
[26Jul2026 05:21:12.699] [main/DEBUG] [net.minecraftforge.fml.loading.moddiscovery.ModFile/LOADING]: Loading mod file  with languages []
[26Jul2026 05:21:12.699] [main/DEBUG] [net.minecraftforge.fml.loading.moddiscovery.ModFile/LOADING]: Loading mod file  with languages []
[26Jul2026 05:21:12.699] [main/DEBUG] [net.minecraftforge.fml.loading.moddiscovery.ModFile/LOADING]: Loading mod file  with languages []
[26Jul2026 05:21:12.700] [main/DEBUG] [net.minecraftforge.fml.loading.moddiscovery.ModFile/LOADING]: Loading mod file  with languages []
[26Jul2026 05:21:12.700] [main/DEBUG] [net.minecraftforge.fml.loading.moddiscovery.ModFile/LOADING]: Loading mod file  with languages []
[26Jul2026 05:21:12.700] [main/DEBUG] [net.minecraftforge.fml.loading.moddiscovery.ModFile/LOADING]: Loading mod file  with languages []
[26Jul2026 05:21:12.700] [main/DEBUG] [net.minecraftforge.fml.loading.moddiscovery.ModFile/LOADING]: Loading mod file  with languages []
[26Jul2026 05:21:12.700] [main/DEBUG] [net.minecraftforge.fml.loading.moddiscovery.ModFile/LOADING]: Loading mod file  with languages []
[26Jul2026 05:21:12.700] [main/DEBUG] [net.minecraftforge.fml.loading.moddiscovery.ModFile/LOADING]: Loading mod file  with languages []
[26Jul2026 05:21:12.700] [main/DEBUG] [net.minecraftforge.fml.loading.moddiscovery.ModFile/LOADING]: Loading mod file  with languages []
[26Jul2026 05:21:12.700] [main/DEBUG] [net.minecraftforge.fml.loading.moddiscovery.ModFile/LOADING]: Loading mod file  with languages []
[26Jul2026 05:21:12.700] [main/DEBUG] [net.minecraftforge.fml.loading.moddiscovery.ModFile/LOADING]: Loading mod file  with languages []
[26Jul2026 05:21:12.700] [main/DEBUG] [net.minecraftforge.fml.loading.moddiscovery.ModFile/LOADING]: Loading mod file  with languages []
[26Jul2026 05:21:12.700] [main/DEBUG] [net.minecraftforge.fml.loading.moddiscovery.ModFile/LOADING]: Loading mod file  with languages []
[26Jul2026 05:21:12.701] [main/DEBUG] [net.minecraftforge.fml.loading.moddiscovery.ModFile/LOADING]: Loading mod file  with languages []
[26Jul2026 05:21:12.701] [main/DEBUG] [net.minecraftforge.fml.loading.moddiscovery.ModFile/LOADING]: Loading mod file  with languages []
[26Jul2026 05:21:12.701] [main/DEBUG] [net.minecraftforge.fml.loading.moddiscovery.ModFile/LOADING]: Loading mod file  with languages []
[26Jul2026 05:21:12.701] [main/DEBUG] [net.minecraftforge.fml.loading.moddiscovery.ModFile/LOADING]: Loading mod file  with languages []
[26Jul2026 05:21:12.701] [main/DEBUG] [net.minecraftforge.fml.loading.moddiscovery.ModFile/LOADING]: Loading mod file  with languages []
[26Jul2026 05:21:12.701] [main/DEBUG] [net.minecraftforge.fml.loading.moddiscovery.ModFile/LOADING]: Loading mod file  with languages []
[26Jul2026 05:21:12.701] [main/DEBUG] [net.minecraftforge.fml.loading.moddiscovery.ModFile/LOADING]: Loading mod file  with languages []
[26Jul2026 05:21:12.701] [main/DEBUG] [net.minecraftforge.fml.loading.moddiscovery.ModFile/LOADING]: Loading mod file  with languages []
[26Jul2026 05:21:12.701] [main/DEBUG] [net.minecraftforge.fml.loading.moddiscovery.ModFile/LOADING]: Loading mod file  with languages []
[26Jul2026 05:21:12.701] [main/DEBUG] [net.minecraftforge.fml.loading.moddiscovery.ModFile/LOADING]: Loading mod file  with languages []
[26Jul2026 05:21:12.701] [main/DEBUG] [net.minecraftforge.fml.loading.moddiscovery.ModFile/LOADING]: Loading mod file  with languages []
[26Jul2026 05:21:12.701] [main/DEBUG] [net.minecraftforge.fml.loading.moddiscovery.ModFile/LOADING]: Loading mod file  with languages []
[26Jul2026 05:21:12.702] [main/DEBUG] [net.minecraftforge.fml.loading.moddiscovery.ModFile/LOADING]: Loading mod file  with languages []
[26Jul2026 05:21:12.702] [main/DEBUG] [net.minecraftforge.fml.loading.moddiscovery.ModFile/LOADING]: Loading mod file  with languages []
[26Jul2026 05:21:12.702] [main/DEBUG] [net.minecraftforge.fml.loading.moddiscovery.ModFile/LOADING]: Loading mod file  with languages []
[26Jul2026 05:21:12.702] [main/DEBUG] [net.minecraftforge.fml.loading.moddiscovery.ModFile/LOADING]: Loading mod file  with languages []
[26Jul2026 05:21:12.702] [main/DEBUG] [net.minecraftforge.fml.loading.moddiscovery.ModFile/LOADING]: Loading mod file  with languages []
[26Jul2026 05:21:12.702] [main/DEBUG] [net.minecraftforge.fml.loading.moddiscovery.ModFile/LOADING]: Loading mod file  with languages []
[26Jul2026 05:21:12.703] [main/DEBUG] [cpw.mods.modlauncher.TransformationServiceDecorator/MODLAUNCHER]: End scan trigger - transformation service fml
[26Jul2026 05:21:12.727] [main/DEBUG] [net.minecraftforge.fml.loading.LanguageLoadingProvider/CORE]: Found 4 language providers
[26Jul2026 05:21:12.729] [main/DEBUG] [net.minecraftforge.fml.loading.LanguageLoadingProvider/CORE]: Found language provider minecraft, version 1.0
[26Jul2026 05:21:12.729] [main/DEBUG] [net.minecraftforge.fml.loading.LanguageLoadingProvider/CORE]: Found language provider kotlinforforge, version 4.12.0
[26Jul2026 05:21:12.731] [main/DEBUG] [net.minecraftforge.fml.loading.LanguageLoadingProvider/CORE]: Found language provider javafml, version 47
[26Jul2026 05:21:12.731] [main/DEBUG] [net.minecraftforge.fml.loading.LanguageLoadingProvider/CORE]: Found language provider lowcodefml, version 47
[26Jul2026 05:21:12.741] [main/DEBUG] [net.minecraftforge.fml.loading.UniqueModListBuilder/]: Found 2 mods for first modid org.quiltmc.parsers.json, selecting most recent based on version data
[26Jul2026 05:21:12.741] [main/DEBUG] [net.minecraftforge.fml.loading.UniqueModListBuilder/]: Selected file json-0.2.1.jar for modid org.quiltmc.parsers.json with version 0.0NONE
[26Jul2026 05:21:12.742] [main/DEBUG] [net.minecraftforge.fml.loading.UniqueModListBuilder/]: Found 2 mods for first modid mclib, selecting most recent based on version data
[26Jul2026 05:21:12.742] [main/DEBUG] [net.minecraftforge.fml.loading.UniqueModListBuilder/]: Selected file mclib-20.jar for modid mclib with version 0.0NONE
[26Jul2026 05:21:12.742] [main/DEBUG] [net.minecraftforge.fml.loading.UniqueModListBuilder/]: Found 2 mods for first modid mixinextras, selecting most recent based on version data
[26Jul2026 05:21:12.742] [main/DEBUG] [net.minecraftforge.fml.loading.UniqueModListBuilder/]: Selected file mixinextras-forge-0.5.0.jar for modid mixinextras with version 0.5.0
[26Jul2026 05:21:12.742] [main/DEBUG] [net.minecraftforge.fml.loading.UniqueModListBuilder/]: Found 2 mods for first modid com.twelvemonkeys.imageio.webp, selecting most recent based on version data
[26Jul2026 05:21:12.742] [main/DEBUG] [net.minecraftforge.fml.loading.UniqueModListBuilder/]: Selected file imageio-webp-3.12.0.jar for modid com.twelvemonkeys.imageio.webp with version 3.12.0
[26Jul2026 05:21:12.743] [main/DEBUG] [net.minecraftforge.fml.loading.UniqueModListBuilder/]: Found 2 mods for first modid com.twelvemonkeys.common.lang, selecting most recent based on version data
[26Jul2026 05:21:12.743] [main/DEBUG] [net.minecraftforge.fml.loading.UniqueModListBuilder/]: Selected file common-lang-3.12.0.jar for modid com.twelvemonkeys.common.lang with version 3.12.0
[26Jul2026 05:21:12.743] [main/DEBUG] [net.minecraftforge.fml.loading.UniqueModListBuilder/]: Found 2 mods for first modid com.twelvemonkeys.imageio.metadata, selecting most recent based on version data
[26Jul2026 05:21:12.743] [main/DEBUG] [net.minecraftforge.fml.loading.UniqueModListBuilder/]: Selected file imageio-metadata-3.12.0.jar for modid com.twelvemonkeys.imageio.metadata with version 3.12.0
[26Jul2026 05:21:12.743] [main/DEBUG] [net.minecraftforge.fml.loading.UniqueModListBuilder/]: Found 2 mods for first modid luaj.jse.figura, selecting most recent based on version data
[26Jul2026 05:21:12.743] [main/DEBUG] [net.minecraftforge.fml.loading.UniqueModListBuilder/]: Selected file luaj-jse-3.0.8-figura.jar for modid luaj.jse.figura with version 0.0NONE
[26Jul2026 05:21:12.743] [main/DEBUG] [net.minecraftforge.fml.loading.UniqueModListBuilder/]: Found 2 mods for first modid yabn, selecting most recent based on version data
[26Jul2026 05:21:12.743] [main/DEBUG] [net.minecraftforge.fml.loading.UniqueModListBuilder/]: Selected file yabn-1.0.3.jar for modid yabn with version 0.0NONE
[26Jul2026 05:21:12.743] [main/DEBUG] [net.minecraftforge.fml.loading.UniqueModListBuilder/]: Found 2 mods for first modid org.quiltmc.parsers.gson, selecting most recent based on version data
[26Jul2026 05:21:12.743] [main/DEBUG] [net.minecraftforge.fml.loading.UniqueModListBuilder/]: Selected file gson-0.2.1.jar for modid org.quiltmc.parsers.gson with version 0.0NONE
[26Jul2026 05:21:12.743] [main/DEBUG] [net.minecraftforge.fml.loading.UniqueModListBuilder/]: Found 2 mods for first modid luaj.core.figura, selecting most recent based on version data
[26Jul2026 05:21:12.743] [main/DEBUG] [net.minecraftforge.fml.loading.UniqueModListBuilder/]: Selected file luaj-core-3.0.8-figura.jar for modid luaj.core.figura with version 0.0NONE
[26Jul2026 05:21:12.743] [main/DEBUG] [net.minecraftforge.fml.loading.UniqueModListBuilder/]: Found 2 mods for first modid bytecodecs, selecting most recent based on version data
[26Jul2026 05:21:12.743] [main/DEBUG] [net.minecraftforge.fml.loading.UniqueModListBuilder/]: Selected file bytecodecs-1.0.2.jar for modid bytecodecs with version 0.0NONE
[26Jul2026 05:21:12.743] [main/DEBUG] [net.minecraftforge.fml.loading.UniqueModListBuilder/]: Found 2 mods for first modid jankson, selecting most recent based on version data
[26Jul2026 05:21:12.744] [main/DEBUG] [net.minecraftforge.fml.loading.UniqueModListBuilder/]: Selected file jankson-1.2.3.jar for modid jankson with version 0.0NONE
[26Jul2026 05:21:12.744] [main/DEBUG] [net.minecraftforge.fml.loading.UniqueModListBuilder/]: Found 2 mods for first modid com.twelvemonkeys.common.image, selecting most recent based on version data
[26Jul2026 05:21:12.744] [main/DEBUG] [net.minecraftforge.fml.loading.UniqueModListBuilder/]: Selected file common-image-3.12.0.jar for modid com.twelvemonkeys.common.image with version 3.12.0
[26Jul2026 05:21:12.744] [main/DEBUG] [net.minecraftforge.fml.loading.UniqueModListBuilder/]: Found 2 mods for first modid com.twelvemonkeys.imageio.core, selecting most recent based on version data
[26Jul2026 05:21:12.745] [main/DEBUG] [net.minecraftforge.fml.loading.UniqueModListBuilder/]: Selected file imageio-core-3.12.0.jar for modid com.twelvemonkeys.imageio.core with version 3.12.0
[26Jul2026 05:21:12.745] [main/DEBUG] [net.minecraftforge.fml.loading.UniqueModListBuilder/]: Found 2 mods for first modid thedarkcolour.kotlinforforge.kfflib, selecting most recent based on version data
[26Jul2026 05:21:12.745] [main/DEBUG] [net.minecraftforge.fml.loading.UniqueModListBuilder/]: Selected file kfflib-4.12.0.jar for modid thedarkcolour.kotlinforforge.kfflib with version 4.12.0
[26Jul2026 05:21:12.745] [main/DEBUG] [net.minecraftforge.fml.loading.UniqueModListBuilder/]: Found 2 mods for first modid com.twelvemonkeys.common.io, selecting most recent based on version data
[26Jul2026 05:21:12.745] [main/DEBUG] [net.minecraftforge.fml.loading.UniqueModListBuilder/]: Selected file common-io-3.12.0.jar for modid com.twelvemonkeys.common.io with version 3.12.0
[26Jul2026 05:21:12.745] [main/DEBUG] [net.minecraftforge.fml.loading.UniqueModListBuilder/]: Found 2 mods for first modid MixinExtras, selecting most recent based on version data
[26Jul2026 05:21:12.745] [main/DEBUG] [net.minecraftforge.fml.loading.UniqueModListBuilder/]: Selected file MixinExtras-0.5.0.jar for modid MixinExtras with version 0.5.0
[26Jul2026 05:21:12.747] [main/DEBUG] [net.minecraftforge.fml.loading.ModSorter/]: Configured system mods: [minecraft, forge]
[26Jul2026 05:21:12.748] [main/DEBUG] [net.minecraftforge.fml.loading.ModSorter/]: Found system mod: minecraft
[26Jul2026 05:21:12.748] [main/DEBUG] [net.minecraftforge.fml.loading.ModSorter/]: Found system mod: forge
[26Jul2026 05:21:12.752] [main/DEBUG] [net.minecraftforge.fml.loading.ModSorter/LOADING]: Found 225 mod requirements (211 mandatory, 14 optional)
[26Jul2026 05:21:12.754] [main/DEBUG] [net.minecraftforge.fml.loading.ModSorter/LOADING]: Found 0 mod requirements missing (0 mandatory, 0 optional)
[26Jul2026 05:21:13.928] [main/DEBUG] [cpw.mods.modlauncher.TransformationServicesHandler/MODLAUNCHER]: Transformation services loading transformers
[26Jul2026 05:21:13.929] [main/DEBUG] [cpw.mods.modlauncher.TransformationServiceDecorator/MODLAUNCHER]: Initializing transformers for transformation service mixin
[26Jul2026 05:21:13.929] [main/DEBUG] [cpw.mods.modlauncher.TransformationServiceDecorator/MODLAUNCHER]: Initialized transformers for transformation service mixin
[26Jul2026 05:21:13.929] [main/DEBUG] [cpw.mods.modlauncher.TransformationServiceDecorator/MODLAUNCHER]: Initializing transformers for transformation service fml
[26Jul2026 05:21:13.929] [main/DEBUG] [net.minecraftforge.fml.loading.FMLServiceProvider/CORE]: Loading coremod transformers
[26Jul2026 05:21:13.929] [main/DEBUG] [net.minecraftforge.coremod.CoreModEngine/COREMOD]: Loading CoreMod from coremods/get_ench_level_event.js
[26Jul2026 05:21:14.645] [main/DEBUG] [net.minecraftforge.coremod.CoreModEngine/COREMOD]: CoreMod loaded successfully
[26Jul2026 05:21:14.648] [main/DEBUG] [net.minecraftforge.coremod.CoreModEngine/COREMOD]: Loading CoreMod from coremods/get_ench_level_event_specific.js
[26Jul2026 05:21:14.724] [main/DEBUG] [net.minecraftforge.coremod.CoreModEngine/COREMOD]: CoreMod loaded successfully
[26Jul2026 05:21:14.724] [main/DEBUG] [net.minecraftforge.coremod.CoreModEngine/COREMOD]: Loading CoreMod from coremods/field_to_method.js
[26Jul2026 05:21:14.933] [main/DEBUG] [net.minecraftforge.coremod.CoreModEngine/COREMOD]: CoreMod loaded successfully
[26Jul2026 05:21:14.933] [main/DEBUG] [net.minecraftforge.coremod.CoreModEngine/COREMOD]: Loading CoreMod from coremods/field_to_instanceof.js
[26Jul2026 05:21:15.081] [main/DEBUG] [net.minecraftforge.coremod.CoreModEngine/COREMOD]: CoreMod loaded successfully
[26Jul2026 05:21:15.083] [main/DEBUG] [net.minecraftforge.coremod.CoreModEngine/COREMOD]: Loading CoreMod from coremods/add_bouncer_method.js
[26Jul2026 05:21:15.164] [main/DEBUG] [net.minecraftforge.coremod.CoreModEngine/COREMOD]: CoreMod loaded successfully
[26Jul2026 05:21:15.164] [main/DEBUG] [net.minecraftforge.coremod.CoreModEngine/COREMOD]: Loading CoreMod from coremods/method_redirector.js
[26Jul2026 05:21:15.404] [main/DEBUG] [net.minecraftforge.coremod.CoreModEngine/COREMOD]: CoreMod loaded successfully
[26Jul2026 05:21:15.457] [main/DEBUG] [cpw.mods.modlauncher.TransformStore/MODLAUNCHER]: Adding transformer net.minecraftforge.coremod.transformer.CoreModClassTransformer@4fc165f6 to Target : CLASS {Lnet/minecraft/world/level/biome/Biome;} {} {V}
[26Jul2026 05:21:15.463] [main/DEBUG] [cpw.mods.modlauncher.TransformStore/MODLAUNCHER]: Adding transformer net.minecraftforge.coremod.transformer.CoreModClassTransformer@19fd43da to Target : CLASS {Lnet/minecraft/world/level/levelgen/structure/Structure;} {} {V}
[26Jul2026 05:21:15.466] [main/DEBUG] [cpw.mods.modlauncher.TransformStore/MODLAUNCHER]: Adding transformer net.minecraftforge.coremod.transformer.CoreModClassTransformer@115dcaea to Target : CLASS {Lnet/minecraft/world/effect/MobEffectInstance;} {} {V}
[26Jul2026 05:21:15.466] [main/DEBUG] [cpw.mods.modlauncher.TransformStore/MODLAUNCHER]: Adding transformer net.minecraftforge.coremod.transformer.CoreModClassTransformer@cfd1075 to Target : CLASS {Lnet/minecraft/world/level/block/LiquidBlock;} {} {V}
[26Jul2026 05:21:15.466] [main/DEBUG] [cpw.mods.modlauncher.TransformStore/MODLAUNCHER]: Adding transformer net.minecraftforge.coremod.transformer.CoreModClassTransformer@45117dd to Target : CLASS {Lnet/minecraft/world/item/BucketItem;} {} {V}
[26Jul2026 05:21:15.466] [main/DEBUG] [cpw.mods.modlauncher.TransformStore/MODLAUNCHER]: Adding transformer net.minecraftforge.coremod.transformer.CoreModClassTransformer@7741771e to Target : CLASS {Lnet/minecraft/world/level/block/StairBlock;} {} {V}
[26Jul2026 05:21:15.466] [main/DEBUG] [cpw.mods.modlauncher.TransformStore/MODLAUNCHER]: Adding transformer net.minecraftforge.coremod.transformer.CoreModClassTransformer@834e986 to Target : CLASS {Lnet/minecraft/world/level/block/FlowerPotBlock;} {} {V}
[26Jul2026 05:21:15.466] [main/DEBUG] [cpw.mods.modlauncher.TransformStore/MODLAUNCHER]: Adding transformer net.minecraftforge.coremod.transformer.CoreModClassTransformer@6cae2e4d to Target : CLASS {Lnet/minecraft/world/item/ItemStack;} {} {V}
[26Jul2026 05:21:15.466] [main/DEBUG] [cpw.mods.modlauncher.TransformStore/MODLAUNCHER]: Adding transformer net.minecraftforge.coremod.transformer.CoreModClassTransformer@604d23fa to Target : CLASS {Lnet/minecraft/network/play/client/CClientSettingsPacket;} {} {V}
[26Jul2026 05:21:15.466] [main/DEBUG] [cpw.mods.modlauncher.TransformStore/MODLAUNCHER]: Adding transformer net.minecraftforge.coremod.transformer.CoreModClassTransformer@1cc8416a to Target : CLASS {Lnet/minecraft/world/level/levelgen/structure/structures/OceanMonumentPieces$OceanMonumentPiece;} {} {V}
[26Jul2026 05:21:15.466] [main/DEBUG] [cpw.mods.modlauncher.TransformStore/MODLAUNCHER]: Adding transformer net.minecraftforge.coremod.transformer.CoreModClassTransformer@1cc8416a to Target : CLASS {Lnet/minecraft/world/entity/npc/Villager;} {} {V}
[26Jul2026 05:21:15.466] [main/DEBUG] [cpw.mods.modlauncher.TransformStore/MODLAUNCHER]: Adding transformer net.minecraftforge.coremod.transformer.CoreModClassTransformer@1cc8416a to Target : CLASS {Lnet/minecraft/world/entity/monster/Evoker$EvokerSummonSpellGoal;} {} {V}
[26Jul2026 05:21:15.466] [main/DEBUG] [cpw.mods.modlauncher.TransformStore/MODLAUNCHER]: Adding transformer net.minecraftforge.coremod.transformer.CoreModClassTransformer@1cc8416a to Target : CLASS {Lnet/minecraft/world/entity/monster/ZombieVillager;} {} {V}
[26Jul2026 05:21:15.466] [main/DEBUG] [cpw.mods.modlauncher.TransformStore/MODLAUNCHER]: Adding transformer net.minecraftforge.coremod.transformer.CoreModClassTransformer@1cc8416a to Target : CLASS {Lnet/minecraft/world/entity/monster/Zombie;} {} {V}
[26Jul2026 05:21:15.471] [main/DEBUG] [cpw.mods.modlauncher.TransformStore/MODLAUNCHER]: Adding transformer net.minecraftforge.coremod.transformer.CoreModClassTransformer@1cc8416a to Target : CLASS {Lnet/minecraft/world/level/levelgen/structure/structures/OceanRuinPieces$OceanRuinPiece;} {} {V}
[26Jul2026 05:21:15.473] [main/DEBUG] [cpw.mods.modlauncher.TransformStore/MODLAUNCHER]: Adding transformer net.minecraftforge.coremod.transformer.CoreModClassTransformer@1cc8416a to Target : CLASS {Lnet/minecraft/world/entity/animal/horse/SkeletonTrapGoal;} {} {V}
[26Jul2026 05:21:15.473] [main/DEBUG] [cpw.mods.modlauncher.TransformStore/MODLAUNCHER]: Adding transformer net.minecraftforge.coremod.transformer.CoreModClassTransformer@1cc8416a to Target : CLASS {Lnet/minecraft/world/level/levelgen/PatrolSpawner;} {} {V}
[26Jul2026 05:21:15.473] [main/DEBUG] [cpw.mods.modlauncher.TransformStore/MODLAUNCHER]: Adding transformer net.minecraftforge.coremod.transformer.CoreModClassTransformer@1cc8416a to Target : CLASS {Lnet/minecraft/world/level/levelgen/structure/templatesystem/StructureTemplate;} {} {V}
[26Jul2026 05:21:15.473] [main/DEBUG] [cpw.mods.modlauncher.TransformStore/MODLAUNCHER]: Adding transformer net.minecraftforge.coremod.transformer.CoreModClassTransformer@1cc8416a to Target : CLASS {Lnet/minecraft/world/entity/animal/frog/Tadpole;} {} {V}
[26Jul2026 05:21:15.473] [main/DEBUG] [cpw.mods.modlauncher.TransformStore/MODLAUNCHER]: Adding transformer net.minecraftforge.coremod.transformer.CoreModClassTransformer@1cc8416a to Target : CLASS {Lnet/minecraft/world/entity/ai/village/VillageSiege;} {} {V}
[26Jul2026 05:21:15.473] [main/DEBUG] [cpw.mods.modlauncher.TransformStore/MODLAUNCHER]: Adding transformer net.minecraftforge.coremod.transformer.CoreModClassTransformer@1cc8416a to Target : CLASS {Lnet/minecraft/world/level/levelgen/structure/structures/WoodlandMansionPieces$WoodlandMansionPiece;} {} {V}
[26Jul2026 05:21:15.473] [main/DEBUG] [cpw.mods.modlauncher.TransformStore/MODLAUNCHER]: Adding transformer net.minecraftforge.coremod.transformer.CoreModClassTransformer@1cc8416a to Target : CLASS {Lnet/minecraft/world/level/NaturalSpawner;} {} {V}
[26Jul2026 05:21:15.473] [main/DEBUG] [cpw.mods.modlauncher.TransformStore/MODLAUNCHER]: Adding transformer net.minecraftforge.coremod.transformer.CoreModClassTransformer@1cc8416a to Target : CLASS {Lnet/minecraft/world/entity/monster/Strider;} {} {V}
[26Jul2026 05:21:15.473] [main/DEBUG] [cpw.mods.modlauncher.TransformStore/MODLAUNCHER]: Adding transformer net.minecraftforge.coremod.transformer.CoreModClassTransformer@1cc8416a to Target : CLASS {Lnet/minecraft/server/commands/SummonCommand;} {} {V}
[26Jul2026 05:21:15.473] [main/DEBUG] [cpw.mods.modlauncher.TransformStore/MODLAUNCHER]: Adding transformer net.minecraftforge.coremod.transformer.CoreModClassTransformer@1cc8416a to Target : CLASS {Lnet/minecraft/server/commands/RaidCommand;} {} {V}
[26Jul2026 05:21:15.474] [main/DEBUG] [cpw.mods.modlauncher.TransformStore/MODLAUNCHER]: Adding transformer net.minecraftforge.coremod.transformer.CoreModClassTransformer@1cc8416a to Target : CLASS {Lnet/minecraft/world/entity/raid/Raid;} {} {V}
[26Jul2026 05:21:15.476] [main/DEBUG] [cpw.mods.modlauncher.TransformStore/MODLAUNCHER]: Adding transformer net.minecraftforge.coremod.transformer.CoreModClassTransformer@1cc8416a to Target : CLASS {Lnet/minecraft/world/level/levelgen/PhantomSpawner;} {} {V}
[26Jul2026 05:21:15.476] [main/DEBUG] [cpw.mods.modlauncher.TransformStore/MODLAUNCHER]: Adding transformer net.minecraftforge.coremod.transformer.CoreModClassTransformer@1cc8416a to Target : CLASS {Lnet/minecraft/world/entity/EntityType;} {} {V}
[26Jul2026 05:21:15.476] [main/DEBUG] [cpw.mods.modlauncher.TransformStore/MODLAUNCHER]: Adding transformer net.minecraftforge.coremod.transformer.CoreModClassTransformer@1cc8416a to Target : CLASS {Lnet/minecraft/world/entity/monster/Spider;} {} {V}
[26Jul2026 05:21:15.476] [main/DEBUG] [cpw.mods.modlauncher.TransformStore/MODLAUNCHER]: Adding transformer net.minecraftforge.coremod.transformer.CoreModClassTransformer@1cc8416a to Target : CLASS {Lnet/minecraft/world/level/levelgen/structure/structures/SwampHutPiece;} {} {V}
[26Jul2026 05:21:15.476] [main/DEBUG] [cpw.mods.modlauncher.TransformStore/MODLAUNCHER]: Adding transformer net.minecraftforge.coremod.transformer.CoreModClassTransformer@1cc8416a to Target : CLASS {Lnet/minecraft/world/entity/npc/CatSpawner;} {} {V}
[26Jul2026 05:21:15.476] [main/DEBUG] [cpw.mods.modlauncher.TransformStore/MODLAUNCHER]: Adding transformer net.minecraftforge.coremod.transformer.CoreModMethodTransformer@2e5e6fc4 to Target : METHOD {Lnet/minecraftforge/common/extensions/IForgeItemStack;} {getAllEnchantments} {()Ljava/util/Map;}
[26Jul2026 05:21:15.477] [main/DEBUG] [cpw.mods.modlauncher.TransformStore/MODLAUNCHER]: Adding transformer net.minecraftforge.coremod.transformer.CoreModMethodTransformer@2785db06 to Target : METHOD {Lnet/minecraftforge/common/extensions/IForgeItemStack;} {getEnchantmentLevel} {(Lnet/minecraft/world/item/enchantment/Enchantment;)I}
[26Jul2026 05:21:15.479] [main/DEBUG] [cpw.mods.modlauncher.TransformationServiceDecorator/MODLAUNCHER]: Initialized transformers for transformation service fml
[26Jul2026 05:21:18.926] [main/DEBUG] [mixin/]: Processing prepare() for PlatformAgent[MixinPlatformAgentDefault:ModLauncher Root Container(ModLauncher:4f56a0a2)]
[26Jul2026 05:21:18.926] [main/DEBUG] [mixin/]: Processing launch tasks for PlatformAgent[MixinPlatformAgentDefault:ModLauncher Root Container(ModLauncher:4f56a0a2)]
[26Jul2026 05:21:18.926] [main/DEBUG] [mixin/]: Adding mixin platform agents for container SecureJarResource(easy_npc)
[26Jul2026 05:21:18.926] [main/DEBUG] [mixin/]: Instancing new MixinPlatformAgentMinecraftForge for SecureJarResource(easy_npc)
[26Jul2026 05:21:18.926] [main/DEBUG] [mixin/]: MixinPlatformAgentMinecraftForge rejected container SecureJarResource(easy_npc)
[26Jul2026 05:21:18.926] [main/DEBUG] [mixin/]: Instancing new MixinPlatformAgentDefault for SecureJarResource(easy_npc)
[26Jul2026 05:21:18.926] [main/DEBUG] [mixin/]: MixinPlatformAgentDefault accepted container SecureJarResource(easy_npc)
[26Jul2026 05:21:18.926] [main/DEBUG] [mixin/]: Processing prepare() for PlatformAgent[MixinPlatformAgentDefault:SecureJarResource(easy_npc)]
[26Jul2026 05:21:18.927] [main/DEBUG] [mixin/]: Registering mixin config: easy_npc.forge.mixins.json
[26Jul2026 05:21:18.956] [main/DEBUG] [mixin/]: Compatibility level JAVA_17 specified by easy_npc.forge.mixins.json is higher than the maximum level supported by this version of mixin (JAVA_13).
[26Jul2026 05:21:18.965] [main/INFO] [mixin/]: Compatibility level set to JAVA_17
[26Jul2026 05:21:18.966] [main/DEBUG] [mixin/]: Adding mixin platform agents for container SecureJarResource(easyanvils)
[26Jul2026 05:21:18.968] [main/DEBUG] [mixin/]: Instancing new MixinPlatformAgentMinecraftForge for SecureJarResource(easyanvils)
[26Jul2026 05:21:18.968] [main/DEBUG] [mixin/]: MixinPlatformAgentMinecraftForge rejected container SecureJarResource(easyanvils)
[26Jul2026 05:21:18.968] [main/DEBUG] [mixin/]: Instancing new MixinPlatformAgentDefault for SecureJarResource(easyanvils)
[26Jul2026 05:21:18.968] [main/DEBUG] [mixin/]: MixinPlatformAgentDefault accepted container SecureJarResource(easyanvils)
[26Jul2026 05:21:18.968] [main/DEBUG] [mixin/]: Processing prepare() for PlatformAgent[MixinPlatformAgentDefault:SecureJarResource(easyanvils)]
[26Jul2026 05:21:18.969] [main/DEBUG] [mixin/]: Registering mixin config: easyanvils.common.mixins.json
[26Jul2026 05:21:18.974] [main/DEBUG] [mixin/]: Registering mixin config: easyanvils.forge.mixins.json
[26Jul2026 05:21:18.978] [main/DEBUG] [mixin/]: Adding mixin platform agents for container SecureJarResource(supermartijn642configlib)
[26Jul2026 05:21:18.978] [main/DEBUG] [mixin/]: Instancing new MixinPlatformAgentMinecraftForge for SecureJarResource(supermartijn642configlib)
[26Jul2026 05:21:18.978] [main/DEBUG] [mixin/]: MixinPlatformAgentMinecraftForge rejected container SecureJarResource(supermartijn642configlib)
[26Jul2026 05:21:18.978] [main/DEBUG] [mixin/]: Instancing new MixinPlatformAgentDefault for SecureJarResource(supermartijn642configlib)
[26Jul2026 05:21:18.978] [main/DEBUG] [mixin/]: MixinPlatformAgentDefault accepted container SecureJarResource(supermartijn642configlib)
[26Jul2026 05:21:18.978] [main/DEBUG] [mixin/]: Processing prepare() for PlatformAgent[MixinPlatformAgentDefault:SecureJarResource(supermartijn642configlib)]
[26Jul2026 05:21:18.979] [main/DEBUG] [mixin/]: Adding mixin platform agents for container SecureJarResource(netherexp)
[26Jul2026 05:21:18.979] [main/DEBUG] [mixin/]: Instancing new MixinPlatformAgentMinecraftForge for SecureJarResource(netherexp)
[26Jul2026 05:21:18.979] [main/DEBUG] [mixin/]: MixinPlatformAgentMinecraftForge rejected container SecureJarResource(netherexp)
[26Jul2026 05:21:18.979] [main/DEBUG] [mixin/]: Instancing new MixinPlatformAgentDefault for SecureJarResource(netherexp)
[26Jul2026 05:21:18.979] [main/DEBUG] [mixin/]: MixinPlatformAgentDefault accepted container SecureJarResource(netherexp)
[26Jul2026 05:21:18.979] [main/DEBUG] [mixin/]: Processing prepare() for PlatformAgent[MixinPlatformAgentDefault:SecureJarResource(netherexp)]
[26Jul2026 05:21:18.979] [main/DEBUG] [mixin/]: Registering mixin config: mixins.netherexp.json
[26Jul2026 05:21:18.986] [main/DEBUG] [mixin/]: Adding mixin platform agents for container SecureJarResource(geckolib)
[26Jul2026 05:21:18.986] [main/DEBUG] [mixin/]: Instancing new MixinPlatformAgentMinecraftForge for SecureJarResource(geckolib)
[26Jul2026 05:21:18.986] [main/DEBUG] [mixin/]: MixinPlatformAgentMinecraftForge rejected container SecureJarResource(geckolib)
[26Jul2026 05:21:18.986] [main/DEBUG] [mixin/]: Instancing new MixinPlatformAgentDefault for SecureJarResource(geckolib)
[26Jul2026 05:21:18.986] [main/DEBUG] [mixin/]: MixinPlatformAgentDefault accepted container SecureJarResource(geckolib)
[26Jul2026 05:21:18.986] [main/DEBUG] [mixin/]: Processing prepare() for PlatformAgent[MixinPlatformAgentDefault:SecureJarResource(geckolib)]
[26Jul2026 05:21:18.986] [main/DEBUG] [mixin/]: Registering mixin config: geckolib.mixins.json
[26Jul2026 05:21:18.992] [main/DEBUG] [mixin/]: Adding mixin platform agents for container SecureJarResource(playeranimator)
[26Jul2026 05:21:18.993] [main/DEBUG] [mixin/]: Instancing new MixinPlatformAgentMinecraftForge for SecureJarResource(playeranimator)
[26Jul2026 05:21:18.994] [main/DEBUG] [mixin/]: MixinPlatformAgentMinecraftForge rejected container SecureJarResource(playeranimator)
[26Jul2026 05:21:18.994] [main/DEBUG] [mixin/]: Instancing new MixinPlatformAgentDefault for SecureJarResource(playeranimator)
[26Jul2026 05:21:18.994] [main/DEBUG] [mixin/]: MixinPlatformAgentDefault accepted container SecureJarResource(playeranimator)
[26Jul2026 05:21:18.994] [main/DEBUG] [mixin/]: Processing prepare() for PlatformAgent[MixinPlatformAgentDefault:SecureJarResource(playeranimator)]
[26Jul2026 05:21:18.994] [main/DEBUG] [mixin/]: Registering mixin config: playerAnimator-common.mixins.json
[26Jul2026 05:21:18.999] [main/DEBUG] [mixin/]: Compatibility level JAVA_16 specified by playerAnimator-common.mixins.json is higher than the maximum level supported by this version of mixin (JAVA_13).
[26Jul2026 05:21:19.000] [main/DEBUG] [mixin/]: Adding mixin platform agents for container SecureJarResource(naturalist)
[26Jul2026 05:21:19.000] [main/DEBUG] [mixin/]: Instancing new MixinPlatformAgentMinecraftForge for SecureJarResource(naturalist)
[26Jul2026 05:21:19.000] [main/DEBUG] [mixin/]: MixinPlatformAgentMinecraftForge rejected container SecureJarResource(naturalist)
[26Jul2026 05:21:19.000] [main/DEBUG] [mixin/]: Instancing new MixinPlatformAgentDefault for SecureJarResource(naturalist)
[26Jul2026 05:21:19.003] [main/DEBUG] [mixin/]: MixinPlatformAgentDefault accepted container SecureJarResource(naturalist)
[26Jul2026 05:21:19.003] [main/DEBUG] [mixin/]: Processing prepare() for PlatformAgent[MixinPlatformAgentDefault:SecureJarResource(naturalist)]
[26Jul2026 05:21:19.003] [main/DEBUG] [mixin/]: Registering mixin config: naturalist-common.mixins.json
[26Jul2026 05:21:19.005] [main/DEBUG] [mixin/]: Registering mixin config: naturalist.mixins.json
[26Jul2026 05:21:19.009] [main/DEBUG] [mixin/]: Adding mixin platform agents for container SecureJarResource(incontrol)
[26Jul2026 05:21:19.009] [main/DEBUG] [mixin/]: Instancing new MixinPlatformAgentMinecraftForge for SecureJarResource(incontrol)
[26Jul2026 05:21:19.009] [main/DEBUG] [mixin/]: MixinPlatformAgentMinecraftForge rejected container SecureJarResource(incontrol)
[26Jul2026 05:21:19.009] [main/DEBUG] [mixin/]: Instancing new MixinPlatformAgentDefault for SecureJarResource(incontrol)
[26Jul2026 05:21:19.009] [main/DEBUG] [mixin/]: MixinPlatformAgentDefault accepted container SecureJarResource(incontrol)
[26Jul2026 05:21:19.010] [main/DEBUG] [mixin/]: Processing prepare() for PlatformAgent[MixinPlatformAgentDefault:SecureJarResource(incontrol)]
[26Jul2026 05:21:19.010] [main/DEBUG] [mixin/]: Adding mixin platform agents for container SecureJarResource(connectivity)
[26Jul2026 05:21:19.011] [main/DEBUG] [mixin/]: Instancing new MixinPlatformAgentMinecraftForge for SecureJarResource(connectivity)
[26Jul2026 05:21:19.011] [main/DEBUG] [mixin/]: MixinPlatformAgentMinecraftForge rejected container SecureJarResource(connectivity)
[26Jul2026 05:21:19.011] [main/DEBUG] [mixin/]: Instancing new MixinPlatformAgentDefault for SecureJarResource(connectivity)
[26Jul2026 05:21:19.011] [main/DEBUG] [mixin/]: MixinPlatformAgentDefault accepted container SecureJarResource(connectivity)
[26Jul2026 05:21:19.011] [main/DEBUG] [mixin/]: Processing prepare() for PlatformAgent[MixinPlatformAgentDefault:SecureJarResource(connectivity)]
[26Jul2026 05:21:19.011] [main/DEBUG] [mixin/]: Registering mixin config: connectivity.mixins.json
[26Jul2026 05:21:19.017] [main/DEBUG] [mixin/]: Adding mixin platform agents for container SecureJarResource(placebo)
[26Jul2026 05:21:19.017] [main/DEBUG] [mixin/]: Instancing new MixinPlatformAgentMinecraftForge for SecureJarResource(placebo)
[26Jul2026 05:21:19.017] [main/DEBUG] [mixin/]: MixinPlatformAgentMinecraftForge rejected container SecureJarResource(placebo)
[26Jul2026 05:21:19.017] [main/DEBUG] [mixin/]: Instancing new MixinPlatformAgentDefault for SecureJarResource(placebo)
[26Jul2026 05:21:19.018] [main/DEBUG] [mixin/]: MixinPlatformAgentDefault accepted container SecureJarResource(placebo)
[26Jul2026 05:21:19.018] [main/DEBUG] [mixin/]: Processing prepare() for PlatformAgent[MixinPlatformAgentDefault:SecureJarResource(placebo)]
[26Jul2026 05:21:19.018] [main/DEBUG] [mixin/]: Registering mixin config: placebo.mixins.json
[26Jul2026 05:21:19.021] [main/DEBUG] [mixin/]: Adding mixin platform agents for container SecureJarResource(modernfix)
[26Jul2026 05:21:19.024] [main/DEBUG] [mixin/]: Instancing new MixinPlatformAgentMinecraftForge for SecureJarResource(modernfix)
[26Jul2026 05:21:19.024] [main/DEBUG] [mixin/]: MixinPlatformAgentMinecraftForge rejected container SecureJarResource(modernfix)
[26Jul2026 05:21:19.024] [main/DEBUG] [mixin/]: Instancing new MixinPlatformAgentDefault for SecureJarResource(modernfix)
[26Jul2026 05:21:19.024] [main/DEBUG] [mixin/]: MixinPlatformAgentDefault accepted container SecureJarResource(modernfix)
[26Jul2026 05:21:19.024] [main/DEBUG] [mixin/]: Processing prepare() for PlatformAgent[MixinPlatformAgentDefault:SecureJarResource(modernfix)]
[26Jul2026 05:21:19.024] [main/DEBUG] [mixin/]: Registering mixin config: modernfix-common.mixins.json
[26Jul2026 05:21:19.030] [main/DEBUG] [mixin/]: Registering mixin config: modernfix-forge.mixins.json
[26Jul2026 05:21:19.034] [main/DEBUG] [mixin/]: Adding mixin platform agents for container SecureJarResource(luminoustag)
[26Jul2026 05:21:19.034] [main/DEBUG] [mixin/]: Instancing new MixinPlatformAgentMinecraftForge for SecureJarResource(luminoustag)
[26Jul2026 05:21:19.035] [main/DEBUG] [mixin/]: MixinPlatformAgentMinecraftForge rejected container SecureJarResource(luminoustag)
[26Jul2026 05:21:19.035] [main/DEBUG] [mixin/]: Instancing new MixinPlatformAgentDefault for SecureJarResource(luminoustag)
[26Jul2026 05:21:19.035] [main/DEBUG] [mixin/]: MixinPlatformAgentDefault accepted container SecureJarResource(luminoustag)
[26Jul2026 05:21:19.035] [main/DEBUG] [mixin/]: Processing prepare() for PlatformAgent[MixinPlatformAgentDefault:SecureJarResource(luminoustag)]
[26Jul2026 05:21:19.035] [main/DEBUG] [mixin/]: Adding mixin platform agents for container SecureJarResource(citadel)
[26Jul2026 05:21:19.035] [main/DEBUG] [mixin/]: Instancing new MixinPlatformAgentMinecraftForge for SecureJarResource(citadel)
[26Jul2026 05:21:19.035] [main/DEBUG] [mixin/]: MixinPlatformAgentMinecraftForge rejected container SecureJarResource(citadel)
[26Jul2026 05:21:19.035] [main/DEBUG] [mixin/]: Instancing new MixinPlatformAgentDefault for SecureJarResource(citadel)
[26Jul2026 05:21:19.035] [main/DEBUG] [mixin/]: MixinPlatformAgentDefault accepted container SecureJarResource(citadel)
[26Jul2026 05:21:19.036] [main/DEBUG] [mixin/]: Processing prepare() for PlatformAgent[MixinPlatformAgentDefault:SecureJarResource(citadel)]
[26Jul2026 05:21:19.036] [main/DEBUG] [mixin/]: Registering mixin config: citadel.mixins.json
[26Jul2026 05:21:19.042] [main/DEBUG] [mixin/]: Adding mixin platform agents for container SecureJarResource(yungsapi)
[26Jul2026 05:21:19.042] [main/DEBUG] [mixin/]: Instancing new MixinPlatformAgentMinecraftForge for SecureJarResource(yungsapi)
[26Jul2026 05:21:19.043] [main/DEBUG] [mixin/]: MixinPlatformAgentMinecraftForge rejected container SecureJarResource(yungsapi)
[26Jul2026 05:21:19.043] [main/DEBUG] [mixin/]: Instancing new MixinPlatformAgentDefault for SecureJarResource(yungsapi)
[26Jul2026 05:21:19.043] [main/DEBUG] [mixin/]: MixinPlatformAgentDefault accepted container SecureJarResource(yungsapi)
[26Jul2026 05:21:19.043] [main/DEBUG] [mixin/]: Processing prepare() for PlatformAgent[MixinPlatformAgentDefault:SecureJarResource(yungsapi)]
[26Jul2026 05:21:19.043] [main/DEBUG] [mixin/]: Registering mixin config: yungsapi.mixins.json
[26Jul2026 05:21:19.046] [main/DEBUG] [mixin/]: Registering mixin config: yungsapi_forge.mixins.json
[26Jul2026 05:21:19.049] [main/DEBUG] [mixin/]: Adding mixin platform agents for container SecureJarResource(bookshelf)
[26Jul2026 05:21:19.049] [main/DEBUG] [mixin/]: Instancing new MixinPlatformAgentMinecraftForge for SecureJarResource(bookshelf)
[26Jul2026 05:21:19.049] [main/DEBUG] [mixin/]: MixinPlatformAgentMinecraftForge rejected container SecureJarResource(bookshelf)
[26Jul2026 05:21:19.049] [main/DEBUG] [mixin/]: Instancing new MixinPlatformAgentDefault for SecureJarResource(bookshelf)
[26Jul2026 05:21:19.050] [main/DEBUG] [mixin/]: MixinPlatformAgentDefault accepted container SecureJarResource(bookshelf)
[26Jul2026 05:21:19.050] [main/DEBUG] [mixin/]: Processing prepare() for PlatformAgent[MixinPlatformAgentDefault:SecureJarResource(bookshelf)]
[26Jul2026 05:21:19.050] [main/DEBUG] [mixin/]: Registering mixin config: bookshelf.common.mixins.json
[26Jul2026 05:21:19.054] [main/DEBUG] [mixin/]: Registering mixin config: bookshelf.forge.mixins.json
[26Jul2026 05:21:19.058] [main/DEBUG] [mixin/]: Adding mixin platform agents for container SecureJarResource(raidsenhanced)
[26Jul2026 05:21:19.058] [main/DEBUG] [mixin/]: Instancing new MixinPlatformAgentMinecraftForge for SecureJarResource(raidsenhanced)
[26Jul2026 05:21:19.058] [main/DEBUG] [mixin/]: MixinPlatformAgentMinecraftForge rejected container SecureJarResource(raidsenhanced)
[26Jul2026 05:21:19.058] [main/DEBUG] [mixin/]: Instancing new MixinPlatformAgentDefault for SecureJarResource(raidsenhanced)
[26Jul2026 05:21:19.058] [main/DEBUG] [mixin/]: MixinPlatformAgentDefault accepted container SecureJarResource(raidsenhanced)
[26Jul2026 05:21:19.058] [main/DEBUG] [mixin/]: Processing prepare() for PlatformAgent[MixinPlatformAgentDefault:SecureJarResource(raidsenhanced)]
[26Jul2026 05:21:19.058] [main/DEBUG] [mixin/]: Registering mixin config: raidsenhanced.mixins.json
[26Jul2026 05:21:19.061] [main/DEBUG] [mixin/]: Adding mixin platform agents for container SecureJarResource(cloth_config)
[26Jul2026 05:21:19.061] [main/DEBUG] [mixin/]: Instancing new MixinPlatformAgentMinecraftForge for SecureJarResource(cloth_config)
[26Jul2026 05:21:19.061] [main/DEBUG] [mixin/]: MixinPlatformAgentMinecraftForge rejected container SecureJarResource(cloth_config)
[26Jul2026 05:21:19.061] [main/DEBUG] [mixin/]: Instancing new MixinPlatformAgentDefault for SecureJarResource(cloth_config)
[26Jul2026 05:21:19.061] [main/DEBUG] [mixin/]: MixinPlatformAgentDefault accepted container SecureJarResource(cloth_config)
[26Jul2026 05:21:19.061] [main/DEBUG] [mixin/]: Processing prepare() for PlatformAgent[MixinPlatformAgentDefault:SecureJarResource(cloth_config)]
[26Jul2026 05:21:19.062] [main/DEBUG] [mixin/]: Adding mixin platform agents for container SecureJarResource(konkrete)
[26Jul2026 05:21:19.062] [main/DEBUG] [mixin/]: Instancing new MixinPlatformAgentMinecraftForge for SecureJarResource(konkrete)
[26Jul2026 05:21:19.062] [main/DEBUG] [mixin/]: MixinPlatformAgentMinecraftForge rejected container SecureJarResource(konkrete)
[26Jul2026 05:21:19.063] [main/DEBUG] [mixin/]: Instancing new MixinPlatformAgentDefault for SecureJarResource(konkrete)
[26Jul2026 05:21:19.063] [main/DEBUG] [mixin/]: MixinPlatformAgentDefault accepted container SecureJarResource(konkrete)
[26Jul2026 05:21:19.063] [main/DEBUG] [mixin/]: Processing prepare() for PlatformAgent[MixinPlatformAgentDefault:SecureJarResource(konkrete)]
[26Jul2026 05:21:19.063] [main/DEBUG] [mixin/]: Registering mixin config: konkrete.mixin.json
[26Jul2026 05:21:19.065] [main/DEBUG] [mixin/]: Adding mixin platform agents for container SecureJarResource(justlevelingfork)
[26Jul2026 05:21:19.065] [main/DEBUG] [mixin/]: Instancing new MixinPlatformAgentMinecraftForge for SecureJarResource(justlevelingfork)
[26Jul2026 05:21:19.066] [main/DEBUG] [mixin/]: MixinPlatformAgentMinecraftForge rejected container SecureJarResource(justlevelingfork)
[26Jul2026 05:21:19.066] [main/DEBUG] [mixin/]: Instancing new MixinPlatformAgentDefault for SecureJarResource(justlevelingfork)
[26Jul2026 05:21:19.066] [main/DEBUG] [mixin/]: MixinPlatformAgentDefault accepted container SecureJarResource(justlevelingfork)
[26Jul2026 05:21:19.066] [main/DEBUG] [mixin/]: Processing prepare() for PlatformAgent[MixinPlatformAgentDefault:SecureJarResource(justlevelingfork)]
[26Jul2026 05:21:19.066] [main/DEBUG] [mixin/]: Registering mixin config: justlevelingfork.mixins.json
[26Jul2026 05:21:19.070] [main/DEBUG] [mixin/]: Adding mixin platform agents for container SecureJarResource(farmersdelight)
[26Jul2026 05:21:19.071] [main/DEBUG] [mixin/]: Instancing new MixinPlatformAgentMinecraftForge for SecureJarResource(farmersdelight)
[26Jul2026 05:21:19.071] [main/DEBUG] [mixin/]: MixinPlatformAgentMinecraftForge rejected container SecureJarResource(farmersdelight)
[26Jul2026 05:21:19.071] [main/DEBUG] [mixin/]: Instancing new MixinPlatformAgentDefault for SecureJarResource(farmersdelight)
[26Jul2026 05:21:19.071] [main/DEBUG] [mixin/]: MixinPlatformAgentDefault accepted container SecureJarResource(farmersdelight)
[26Jul2026 05:21:19.071] [main/DEBUG] [mixin/]: Processing prepare() for PlatformAgent[MixinPlatformAgentDefault:SecureJarResource(farmersdelight)]
[26Jul2026 05:21:19.071] [main/DEBUG] [mixin/]: Registering mixin config: farmersdelight.mixins.json
[26Jul2026 05:21:19.076] [main/DEBUG] [mixin/]: Adding mixin platform agents for container SecureJarResource(copperagebackport)
[26Jul2026 05:21:19.076] [main/DEBUG] [mixin/]: Instancing new MixinPlatformAgentMinecraftForge for SecureJarResource(copperagebackport)
[26Jul2026 05:21:19.076] [main/DEBUG] [mixin/]: MixinPlatformAgentMinecraftForge rejected container SecureJarResource(copperagebackport)
[26Jul2026 05:21:19.076] [main/DEBUG] [mixin/]: Instancing new MixinPlatformAgentDefault for SecureJarResource(copperagebackport)
[26Jul2026 05:21:19.076] [main/DEBUG] [mixin/]: MixinPlatformAgentDefault accepted container SecureJarResource(copperagebackport)
[26Jul2026 05:21:19.076] [main/DEBUG] [mixin/]: Processing prepare() for PlatformAgent[MixinPlatformAgentDefault:SecureJarResource(copperagebackport)]
[26Jul2026 05:21:19.076] [main/DEBUG] [mixin/]: Registering mixin config: copperagebackport.forge.mixins.json
[26Jul2026 05:21:19.084] [main/ERROR] [mixin/]: Mixin config copperagebackport.forge.mixins.json does not specify "minVersion" property
[26Jul2026 05:21:19.087] [main/DEBUG] [mixin/]: Adding mixin platform agents for container SecureJarResource(handcrafted)
[26Jul2026 05:21:19.087] [main/DEBUG] [mixin/]: Instancing new MixinPlatformAgentMinecraftForge for SecureJarResource(handcrafted)
[26Jul2026 05:21:19.087] [main/DEBUG] [mixin/]: MixinPlatformAgentMinecraftForge rejected container SecureJarResource(handcrafted)
[26Jul2026 05:21:19.087] [main/DEBUG] [mixin/]: Instancing new MixinPlatformAgentDefault for SecureJarResource(handcrafted)
[26Jul2026 05:21:19.087] [main/DEBUG] [mixin/]: MixinPlatformAgentDefault accepted container SecureJarResource(handcrafted)
[26Jul2026 05:21:19.087] [main/DEBUG] [mixin/]: Processing prepare() for PlatformAgent[MixinPlatformAgentDefault:SecureJarResource(handcrafted)]
[26Jul2026 05:21:19.087] [main/DEBUG] [mixin/]: Registering mixin config: handcrafted-common.mixins.json
[26Jul2026 05:21:19.101] [main/DEBUG] [mixin/]: Registering mixin config: handcrafted.mixins.json
[26Jul2026 05:21:19.109] [main/DEBUG] [mixin/]: Adding mixin platform agents for container SecureJarResource(endersdelight)
[26Jul2026 05:21:19.109] [main/DEBUG] [mixin/]: Instancing new MixinPlatformAgentMinecraftForge for SecureJarResource(endersdelight)
[26Jul2026 05:21:19.109] [main/DEBUG] [mixin/]: MixinPlatformAgentMinecraftForge rejected container SecureJarResource(endersdelight)
[26Jul2026 05:21:19.109] [main/DEBUG] [mixin/]: Instancing new MixinPlatformAgentDefault for SecureJarResource(endersdelight)
[26Jul2026 05:21:19.109] [main/DEBUG] [mixin/]: MixinPlatformAgentDefault accepted container SecureJarResource(endersdelight)
[26Jul2026 05:21:19.109] [main/DEBUG] [mixin/]: Processing prepare() for PlatformAgent[MixinPlatformAgentDefault:SecureJarResource(endersdelight)]
[26Jul2026 05:21:19.109] [main/DEBUG] [mixin/]: Adding mixin platform agents for container SecureJarResource(jupiter)
[26Jul2026 05:21:19.110] [main/DEBUG] [mixin/]: Instancing new MixinPlatformAgentMinecraftForge for SecureJarResource(jupiter)
[26Jul2026 05:21:19.110] [main/DEBUG] [mixin/]: MixinPlatformAgentMinecraftForge rejected container SecureJarResource(jupiter)
[26Jul2026 05:21:19.110] [main/DEBUG] [mixin/]: Instancing new MixinPlatformAgentDefault for SecureJarResource(jupiter)
[26Jul2026 05:21:19.110] [main/DEBUG] [mixin/]: MixinPlatformAgentDefault accepted container SecureJarResource(jupiter)
[26Jul2026 05:21:19.110] [main/DEBUG] [mixin/]: Processing prepare() for PlatformAgent[MixinPlatformAgentDefault:SecureJarResource(jupiter)]
[26Jul2026 05:21:19.110] [main/DEBUG] [mixin/]: Adding mixin platform agents for container SecureJarResource(supermartijn642corelib)
[26Jul2026 05:21:19.110] [main/DEBUG] [mixin/]: Instancing new MixinPlatformAgentMinecraftForge for SecureJarResource(supermartijn642corelib)
[26Jul2026 05:21:19.110] [main/DEBUG] [mixin/]: MixinPlatformAgentMinecraftForge rejected container SecureJarResource(supermartijn642corelib)
[26Jul2026 05:21:19.110] [main/DEBUG] [mixin/]: Instancing new MixinPlatformAgentDefault for SecureJarResource(supermartijn642corelib)
[26Jul2026 05:21:19.111] [main/DEBUG] [mixin/]: MixinPlatformAgentDefault accepted container SecureJarResource(supermartijn642corelib)
[26Jul2026 05:21:19.111] [main/DEBUG] [mixin/]: Processing prepare() for PlatformAgent[MixinPlatformAgentDefault:SecureJarResource(supermartijn642corelib)]
[26Jul2026 05:21:19.111] [main/DEBUG] [mixin/]: Registering mixin config: supermartijn642corelib.mixins.json
[26Jul2026 05:21:19.116] [main/DEBUG] [mixin/]: Adding mixin platform agents for container SecureJarResource(resourcefulconfig)
[26Jul2026 05:21:19.117] [main/DEBUG] [mixin/]: Instancing new MixinPlatformAgentMinecraftForge for SecureJarResource(resourcefulconfig)
[26Jul2026 05:21:19.117] [main/DEBUG] [mixin/]: MixinPlatformAgentMinecraftForge rejected container SecureJarResource(resourcefulconfig)
[26Jul2026 05:21:19.117] [main/DEBUG] [mixin/]: Instancing new MixinPlatformAgentDefault for SecureJarResource(resourcefulconfig)
[26Jul2026 05:21:19.117] [main/DEBUG] [mixin/]: MixinPlatformAgentDefault accepted container SecureJarResource(resourcefulconfig)
[26Jul2026 05:21:19.119] [main/DEBUG] [mixin/]: Processing prepare() for PlatformAgent[MixinPlatformAgentDefault:SecureJarResource(resourcefulconfig)]
[26Jul2026 05:21:19.119] [main/DEBUG] [mixin/]: Adding mixin platform agents for container SecureJarResource(lionfishapi)
[26Jul2026 05:21:19.120] [main/DEBUG] [mixin/]: Instancing new MixinPlatformAgentMinecraftForge for SecureJarResource(lionfishapi)
[26Jul2026 05:21:19.120] [main/DEBUG] [mixin/]: MixinPlatformAgentMinecraftForge rejected container SecureJarResource(lionfishapi)
[26Jul2026 05:21:19.120] [main/DEBUG] [mixin/]: Instancing new MixinPlatformAgentDefault for SecureJarResource(lionfishapi)
[26Jul2026 05:21:19.120] [main/DEBUG] [mixin/]: MixinPlatformAgentDefault accepted container SecureJarResource(lionfishapi)
[26Jul2026 05:21:19.120] [main/DEBUG] [mixin/]: Processing prepare() for PlatformAgent[MixinPlatformAgentDefault:SecureJarResource(lionfishapi)]
[26Jul2026 05:21:19.120] [main/DEBUG] [mixin/]: Registering mixin config: lionfishapi.mixins.json
[26Jul2026 05:21:19.123] [main/DEBUG] [mixin/]: Adding mixin platform agents for container SecureJarResource(cataclysm)
[26Jul2026 05:21:19.124] [main/DEBUG] [mixin/]: Instancing new MixinPlatformAgentMinecraftForge for SecureJarResource(cataclysm)
[26Jul2026 05:21:19.124] [main/DEBUG] [mixin/]: MixinPlatformAgentMinecraftForge rejected container SecureJarResource(cataclysm)
[26Jul2026 05:21:19.124] [main/DEBUG] [mixin/]: Instancing new MixinPlatformAgentDefault for SecureJarResource(cataclysm)
[26Jul2026 05:21:19.124] [main/DEBUG] [mixin/]: MixinPlatformAgentDefault accepted container SecureJarResource(cataclysm)
[26Jul2026 05:21:19.124] [main/DEBUG] [mixin/]: Processing prepare() for PlatformAgent[MixinPlatformAgentDefault:SecureJarResource(cataclysm)]
[26Jul2026 05:21:19.124] [main/DEBUG] [mixin/]: Registering mixin config: lionfishapi.mixins.json
[26Jul2026 05:21:19.124] [main/DEBUG] [mixin/]: Registering mixin config: cataclysm.mixins.json
[26Jul2026 05:21:19.127] [main/DEBUG] [mixin/]: Adding mixin platform agents for container SecureJarResource(curios)
[26Jul2026 05:21:19.127] [main/DEBUG] [mixin/]: Instancing new MixinPlatformAgentMinecraftForge for SecureJarResource(curios)
[26Jul2026 05:21:19.127] [main/DEBUG] [mixin/]: MixinPlatformAgentMinecraftForge rejected container SecureJarResource(curios)
[26Jul2026 05:21:19.127] [main/DEBUG] [mixin/]: Instancing new MixinPlatformAgentDefault for SecureJarResource(curios)
[26Jul2026 05:21:19.127] [main/DEBUG] [mixin/]: MixinPlatformAgentDefault accepted container SecureJarResource(curios)
[26Jul2026 05:21:19.127] [main/DEBUG] [mixin/]: Processing prepare() for PlatformAgent[MixinPlatformAgentDefault:SecureJarResource(curios)]
[26Jul2026 05:21:19.127] [main/DEBUG] [mixin/]: Registering mixin config: curios.mixins.json
[26Jul2026 05:21:19.129] [main/DEBUG] [mixin/]: Adding mixin platform agents for container SecureJarResource(collective)
[26Jul2026 05:21:19.129] [main/DEBUG] [mixin/]: Instancing new MixinPlatformAgentMinecraftForge for SecureJarResource(collective)
[26Jul2026 05:21:19.130] [main/DEBUG] [mixin/]: MixinPlatformAgentMinecraftForge rejected container SecureJarResource(collective)
[26Jul2026 05:21:19.130] [main/DEBUG] [mixin/]: Instancing new MixinPlatformAgentDefault for SecureJarResource(collective)
[26Jul2026 05:21:19.130] [main/DEBUG] [mixin/]: MixinPlatformAgentDefault accepted container SecureJarResource(collective)
[26Jul2026 05:21:19.130] [main/DEBUG] [mixin/]: Processing prepare() for PlatformAgent[MixinPlatformAgentDefault:SecureJarResource(collective)]
[26Jul2026 05:21:19.130] [main/DEBUG] [mixin/]: Registering mixin config: collective_forge.mixins.json
[26Jul2026 05:21:19.132] [main/DEBUG] [mixin/]: Adding mixin platform agents for container SecureJarResource(cerbons_api)
[26Jul2026 05:21:19.132] [main/DEBUG] [mixin/]: Instancing new MixinPlatformAgentMinecraftForge for SecureJarResource(cerbons_api)
[26Jul2026 05:21:19.133] [main/DEBUG] [mixin/]: MixinPlatformAgentMinecraftForge rejected container SecureJarResource(cerbons_api)
[26Jul2026 05:21:19.133] [main/DEBUG] [mixin/]: Instancing new MixinPlatformAgentDefault for SecureJarResource(cerbons_api)
[26Jul2026 05:21:19.133] [main/DEBUG] [mixin/]: MixinPlatformAgentDefault accepted container SecureJarResource(cerbons_api)
[26Jul2026 05:21:19.133] [main/DEBUG] [mixin/]: Processing prepare() for PlatformAgent[MixinPlatformAgentDefault:SecureJarResource(cerbons_api)]
[26Jul2026 05:21:19.133] [main/DEBUG] [mixin/]: Registering mixin config: cerbons_api.mixins.json
[26Jul2026 05:21:19.136] [main/DEBUG] [mixin/]: Registering mixin config: cerbons_api-common.mixins.json
[26Jul2026 05:21:19.140] [main/DEBUG] [mixin/]: Adding mixin platform agents for container SecureJarResource(betterstrongholds)
[26Jul2026 05:21:19.140] [main/DEBUG] [mixin/]: Instancing new MixinPlatformAgentMinecraftForge for SecureJarResource(betterstrongholds)
[26Jul2026 05:21:19.140] [main/DEBUG] [mixin/]: MixinPlatformAgentMinecraftForge rejected container SecureJarResource(betterstrongholds)
[26Jul2026 05:21:19.140] [main/DEBUG] [mixin/]: Instancing new MixinPlatformAgentDefault for SecureJarResource(betterstrongholds)
[26Jul2026 05:21:19.140] [main/DEBUG] [mixin/]: MixinPlatformAgentDefault accepted container SecureJarResource(betterstrongholds)
[26Jul2026 05:21:19.140] [main/DEBUG] [mixin/]: Processing prepare() for PlatformAgent[MixinPlatformAgentDefault:SecureJarResource(betterstrongholds)]
[26Jul2026 05:21:19.140] [main/DEBUG] [mixin/]: Registering mixin config: betterstrongholds.mixins.json
[26Jul2026 05:21:19.147] [main/DEBUG] [mixin/]: Registering mixin config: betterstrongholds_forge.mixins.json
[26Jul2026 05:21:19.149] [main/DEBUG] [mixin/]: Adding mixin platform agents for container SecureJarResource(resourcefullib)
[26Jul2026 05:21:19.151] [main/DEBUG] [mixin/]: Instancing new MixinPlatformAgentMinecraftForge for SecureJarResource(resourcefullib)
[26Jul2026 05:21:19.151] [main/DEBUG] [mixin/]: MixinPlatformAgentMinecraftForge rejected container SecureJarResource(resourcefullib)
[26Jul2026 05:21:19.151] [main/DEBUG] [mixin/]: Instancing new MixinPlatformAgentDefault for SecureJarResource(resourcefullib)
[26Jul2026 05:21:19.151] [main/DEBUG] [mixin/]: MixinPlatformAgentDefault accepted container SecureJarResource(resourcefullib)
[26Jul2026 05:21:19.151] [main/DEBUG] [mixin/]: Processing prepare() for PlatformAgent[MixinPlatformAgentDefault:SecureJarResource(resourcefullib)]
[26Jul2026 05:21:19.151] [main/DEBUG] [mixin/]: Adding mixin platform agents for container SecureJarResource(onlylooking)
[26Jul2026 05:21:19.151] [main/DEBUG] [mixin/]: Instancing new MixinPlatformAgentMinecraftForge for SecureJarResource(onlylooking)
[26Jul2026 05:21:19.151] [main/DEBUG] [mixin/]: MixinPlatformAgentMinecraftForge rejected container SecureJarResource(onlylooking)
[26Jul2026 05:21:19.151] [main/DEBUG] [mixin/]: Instancing new MixinPlatformAgentDefault for SecureJarResource(onlylooking)
[26Jul2026 05:21:19.151] [main/DEBUG] [mixin/]: MixinPlatformAgentDefault accepted container SecureJarResource(onlylooking)
[26Jul2026 05:21:19.151] [main/DEBUG] [mixin/]: Processing prepare() for PlatformAgent[MixinPlatformAgentDefault:SecureJarResource(onlylooking)]
[26Jul2026 05:21:19.151] [main/DEBUG] [mixin/]: Registering mixin config: onlylooking.mixins.json
[26Jul2026 05:21:19.153] [main/DEBUG] [mixin/]: Adding mixin platform agents for container SecureJarResource(architectury)
[26Jul2026 05:21:19.157] [main/DEBUG] [mixin/]: Instancing new MixinPlatformAgentMinecraftForge for SecureJarResource(architectury)
[26Jul2026 05:21:19.157] [main/DEBUG] [mixin/]: MixinPlatformAgentMinecraftForge rejected container SecureJarResource(architectury)
[26Jul2026 05:21:19.157] [main/DEBUG] [mixin/]: Instancing new MixinPlatformAgentDefault for SecureJarResource(architectury)
[26Jul2026 05:21:19.157] [main/DEBUG] [mixin/]: MixinPlatformAgentDefault accepted container SecureJarResource(architectury)
[26Jul2026 05:21:19.157] [main/DEBUG] [mixin/]: Processing prepare() for PlatformAgent[MixinPlatformAgentDefault:SecureJarResource(architectury)]
[26Jul2026 05:21:19.157] [main/DEBUG] [mixin/]: Registering mixin config: architectury.mixins.json
[26Jul2026 05:21:19.161] [main/DEBUG] [mixin/]: Compatibility level JAVA_16 specified by architectury.mixins.json is higher than the maximum level supported by this version of mixin (JAVA_13).
[26Jul2026 05:21:19.161] [main/DEBUG] [mixin/]: Registering mixin config: architectury-common.mixins.json
[26Jul2026 05:21:19.170] [main/DEBUG] [mixin/]: Compatibility level JAVA_16 specified by architectury-common.mixins.json is higher than the maximum level supported by this version of mixin (JAVA_13).
[26Jul2026 05:21:19.170] [main/DEBUG] [mixin/]: Adding mixin platform agents for container SecureJarResource(mr_limesplatus_ending)
[26Jul2026 05:21:19.170] [main/DEBUG] [mixin/]: Instancing new MixinPlatformAgentMinecraftForge for SecureJarResource(mr_limesplatus_ending)
[26Jul2026 05:21:19.171] [main/DEBUG] [mixin/]: MixinPlatformAgentMinecraftForge rejected container SecureJarResource(mr_limesplatus_ending)
[26Jul2026 05:21:19.173] [main/DEBUG] [mixin/]: Instancing new MixinPlatformAgentDefault for SecureJarResource(mr_limesplatus_ending)
[26Jul2026 05:21:19.173] [main/DEBUG] [mixin/]: MixinPlatformAgentDefault accepted container SecureJarResource(mr_limesplatus_ending)
[26Jul2026 05:21:19.173] [main/DEBUG] [mixin/]: Processing prepare() for PlatformAgent[MixinPlatformAgentDefault:SecureJarResource(mr_limesplatus_ending)]
[26Jul2026 05:21:19.173] [main/DEBUG] [mixin/]: Adding mixin platform agents for container SecureJarResource(aiimprovements)
[26Jul2026 05:21:19.173] [main/DEBUG] [mixin/]: Instancing new MixinPlatformAgentMinecraftForge for SecureJarResource(aiimprovements)
[26Jul2026 05:21:19.173] [main/DEBUG] [mixin/]: MixinPlatformAgentMinecraftForge rejected container SecureJarResource(aiimprovements)
[26Jul2026 05:21:19.173] [main/DEBUG] [mixin/]: Instancing new MixinPlatformAgentDefault for SecureJarResource(aiimprovements)
[26Jul2026 05:21:19.173] [main/DEBUG] [mixin/]: MixinPlatformAgentDefault accepted container SecureJarResource(aiimprovements)
[26Jul2026 05:21:19.173] [main/DEBUG] [mixin/]: Processing prepare() for PlatformAgent[MixinPlatformAgentDefault:SecureJarResource(aiimprovements)]
[26Jul2026 05:21:19.173] [main/DEBUG] [mixin/]: Adding mixin platform agents for container SecureJarResource(cupboard)
[26Jul2026 05:21:19.173] [main/DEBUG] [mixin/]: Instancing new MixinPlatformAgentMinecraftForge for SecureJarResource(cupboard)
[26Jul2026 05:21:19.173] [main/DEBUG] [mixin/]: MixinPlatformAgentMinecraftForge rejected container SecureJarResource(cupboard)
[26Jul2026 05:21:19.175] [main/DEBUG] [mixin/]: Instancing new MixinPlatformAgentDefault for SecureJarResource(cupboard)
[26Jul2026 05:21:19.175] [main/DEBUG] [mixin/]: MixinPlatformAgentDefault accepted container SecureJarResource(cupboard)
[26Jul2026 05:21:19.176] [main/DEBUG] [mixin/]: Processing prepare() for PlatformAgent[MixinPlatformAgentDefault:SecureJarResource(cupboard)]
[26Jul2026 05:21:19.176] [main/DEBUG] [mixin/]: Registering mixin config: cupboard.mixins.json
[26Jul2026 05:21:19.180] [main/DEBUG] [mixin/]: Adding mixin platform agents for container SecureJarResource(refurbished_furniture)
[26Jul2026 05:21:19.180] [main/DEBUG] [mixin/]: Instancing new MixinPlatformAgentMinecraftForge for SecureJarResource(refurbished_furniture)
[26Jul2026 05:21:19.180] [main/DEBUG] [mixin/]: MixinPlatformAgentMinecraftForge rejected container SecureJarResource(refurbished_furniture)
[26Jul2026 05:21:19.180] [main/DEBUG] [mixin/]: Instancing new MixinPlatformAgentDefault for SecureJarResource(refurbished_furniture)
[26Jul2026 05:21:19.180] [main/DEBUG] [mixin/]: MixinPlatformAgentDefault accepted container SecureJarResource(refurbished_furniture)
[26Jul2026 05:21:19.180] [main/DEBUG] [mixin/]: Processing prepare() for PlatformAgent[MixinPlatformAgentDefault:SecureJarResource(refurbished_furniture)]
[26Jul2026 05:21:19.182] [main/DEBUG] [mixin/]: Registering mixin config: refurbished_furniture.common.mixins.json
[26Jul2026 05:21:19.187] [main/DEBUG] [mixin/]: Adding mixin platform agents for container SecureJarResource(easy_npc_config_ui)
[26Jul2026 05:21:19.187] [main/DEBUG] [mixin/]: Instancing new MixinPlatformAgentMinecraftForge for SecureJarResource(easy_npc_config_ui)
[26Jul2026 05:21:19.187] [main/DEBUG] [mixin/]: MixinPlatformAgentMinecraftForge rejected container SecureJarResource(easy_npc_config_ui)
[26Jul2026 05:21:19.188] [main/DEBUG] [mixin/]: Instancing new MixinPlatformAgentDefault for SecureJarResource(easy_npc_config_ui)
[26Jul2026 05:21:19.188] [main/DEBUG] [mixin/]: MixinPlatformAgentDefault accepted container SecureJarResource(easy_npc_config_ui)
[26Jul2026 05:21:19.188] [main/DEBUG] [mixin/]: Processing prepare() for PlatformAgent[MixinPlatformAgentDefault:SecureJarResource(easy_npc_config_ui)]
[26Jul2026 05:21:19.188] [main/DEBUG] [mixin/]: Registering mixin config: easy_npc.forge.mixins.json
[26Jul2026 05:21:19.188] [main/DEBUG] [mixin/]: Adding mixin platform agents for container SecureJarResource(betterendisland)
[26Jul2026 05:21:19.188] [main/DEBUG] [mixin/]: Instancing new MixinPlatformAgentMinecraftForge for SecureJarResource(betterendisland)
[26Jul2026 05:21:19.188] [main/DEBUG] [mixin/]: MixinPlatformAgentMinecraftForge rejected container SecureJarResource(betterendisland)
[26Jul2026 05:21:19.188] [main/DEBUG] [mixin/]: Instancing new MixinPlatformAgentDefault for SecureJarResource(betterendisland)
[26Jul2026 05:21:19.188] [main/DEBUG] [mixin/]: MixinPlatformAgentDefault accepted container SecureJarResource(betterendisland)
[26Jul2026 05:21:19.188] [main/DEBUG] [mixin/]: Processing prepare() for PlatformAgent[MixinPlatformAgentDefault:SecureJarResource(betterendisland)]
[26Jul2026 05:21:19.188] [main/DEBUG] [mixin/]: Registering mixin config: betterendisland.mixins.json
[26Jul2026 05:21:19.195] [main/DEBUG] [mixin/]: Registering mixin config: betterendisland_forge.mixins.json
[26Jul2026 05:21:19.199] [main/DEBUG] [mixin/]: Adding mixin platform agents for container SecureJarResource(moogs_structures)
[26Jul2026 05:21:19.199] [main/DEBUG] [mixin/]: Instancing new MixinPlatformAgentMinecraftForge for SecureJarResource(moogs_structures)
[26Jul2026 05:21:19.199] [main/DEBUG] [mixin/]: MixinPlatformAgentMinecraftForge rejected container SecureJarResource(moogs_structures)
[26Jul2026 05:21:19.200] [main/DEBUG] [mixin/]: Instancing new MixinPlatformAgentDefault for SecureJarResource(moogs_structures)
[26Jul2026 05:21:19.200] [main/DEBUG] [mixin/]: MixinPlatformAgentDefault accepted container SecureJarResource(moogs_structures)
[26Jul2026 05:21:19.201] [main/DEBUG] [mixin/]: Processing prepare() for PlatformAgent[MixinPlatformAgentDefault:SecureJarResource(moogs_structures)]
[26Jul2026 05:21:19.201] [main/DEBUG] [mixin/]: Registering mixin config: moogs_structures-common.mixins.json
[26Jul2026 05:21:19.203] [main/DEBUG] [mixin/]: Registering mixin config: moogs_structures-forge.mixins.json
[26Jul2026 05:21:19.212] [main/DEBUG] [mixin/]: Adding mixin platform agents for container SecureJarResource(framework)
[26Jul2026 05:21:19.212] [main/DEBUG] [mixin/]: Instancing new MixinPlatformAgentMinecraftForge for SecureJarResource(framework)
[26Jul2026 05:21:19.212] [main/DEBUG] [mixin/]: MixinPlatformAgentMinecraftForge rejected container SecureJarResource(framework)
[26Jul2026 05:21:19.212] [main/DEBUG] [mixin/]: Instancing new MixinPlatformAgentDefault for SecureJarResource(framework)
[26Jul2026 05:21:19.212] [main/DEBUG] [mixin/]: MixinPlatformAgentDefault accepted container SecureJarResource(framework)
[26Jul2026 05:21:19.212] [main/DEBUG] [mixin/]: Processing prepare() for PlatformAgent[MixinPlatformAgentDefault:SecureJarResource(framework)]
[26Jul2026 05:21:19.212] [main/DEBUG] [mixin/]: Adding mixin platform agents for container SecureJarResource(trials)
[26Jul2026 05:21:19.212] [main/DEBUG] [mixin/]: Instancing new MixinPlatformAgentMinecraftForge for SecureJarResource(trials)
[26Jul2026 05:21:19.212] [main/DEBUG] [mixin/]: MixinPlatformAgentMinecraftForge rejected container SecureJarResource(trials)
[26Jul2026 05:21:19.212] [main/DEBUG] [mixin/]: Instancing new MixinPlatformAgentDefault for SecureJarResource(trials)
[26Jul2026 05:21:19.213] [main/DEBUG] [mixin/]: MixinPlatformAgentDefault accepted container SecureJarResource(trials)
[26Jul2026 05:21:19.213] [main/DEBUG] [mixin/]: Processing prepare() for PlatformAgent[MixinPlatformAgentDefault:SecureJarResource(trials)]
[26Jul2026 05:21:19.213] [main/DEBUG] [mixin/]: Adding mixin platform agents for container SecureJarResource(easyshulkerboxes)
[26Jul2026 05:21:19.213] [main/DEBUG] [mixin/]: Instancing new MixinPlatformAgentMinecraftForge for SecureJarResource(easyshulkerboxes)
[26Jul2026 05:21:19.213] [main/DEBUG] [mixin/]: MixinPlatformAgentMinecraftForge rejected container SecureJarResource(easyshulkerboxes)
[26Jul2026 05:21:19.213] [main/DEBUG] [mixin/]: Instancing new MixinPlatformAgentDefault for SecureJarResource(easyshulkerboxes)
[26Jul2026 05:21:19.213] [main/DEBUG] [mixin/]: MixinPlatformAgentDefault accepted container SecureJarResource(easyshulkerboxes)
[26Jul2026 05:21:19.213] [main/DEBUG] [mixin/]: Processing prepare() for PlatformAgent[MixinPlatformAgentDefault:SecureJarResource(easyshulkerboxes)]
[26Jul2026 05:21:19.213] [main/DEBUG] [mixin/]: Registering mixin config: easyshulkerboxes.common.mixins.json
[26Jul2026 05:21:19.229] [main/DEBUG] [mixin/]: Adding mixin platform agents for container SecureJarResource(puzzlesapi)
[26Jul2026 05:21:19.230] [main/DEBUG] [mixin/]: Instancing new MixinPlatformAgentMinecraftForge for SecureJarResource(puzzlesapi)
[26Jul2026 05:21:19.230] [main/DEBUG] [mixin/]: MixinPlatformAgentMinecraftForge rejected container SecureJarResource(puzzlesapi)
[26Jul2026 05:21:19.230] [main/DEBUG] [mixin/]: Instancing new MixinPlatformAgentDefault for SecureJarResource(puzzlesapi)
[26Jul2026 05:21:19.230] [main/DEBUG] [mixin/]: MixinPlatformAgentDefault accepted container SecureJarResource(puzzlesapi)
[26Jul2026 05:21:19.230] [main/DEBUG] [mixin/]: Processing prepare() for PlatformAgent[MixinPlatformAgentDefault:SecureJarResource(puzzlesapi)]
[26Jul2026 05:21:19.230] [main/DEBUG] [mixin/]: Registering mixin config: puzzlesapi.common.mixins.json
[26Jul2026 05:21:19.234] [main/DEBUG] [mixin/]: Adding mixin platform agents for container SecureJarResource(ftblibrary)
[26Jul2026 05:21:19.235] [main/DEBUG] [mixin/]: Instancing new MixinPlatformAgentMinecraftForge for SecureJarResource(ftblibrary)
[26Jul2026 05:21:19.235] [main/DEBUG] [mixin/]: MixinPlatformAgentMinecraftForge rejected container SecureJarResource(ftblibrary)
[26Jul2026 05:21:19.235] [main/DEBUG] [mixin/]: Instancing new MixinPlatformAgentDefault for SecureJarResource(ftblibrary)
[26Jul2026 05:21:19.235] [main/DEBUG] [mixin/]: MixinPlatformAgentDefault accepted container SecureJarResource(ftblibrary)
[26Jul2026 05:21:19.235] [main/DEBUG] [mixin/]: Processing prepare() for PlatformAgent[MixinPlatformAgentDefault:SecureJarResource(ftblibrary)]
[26Jul2026 05:21:19.235] [main/DEBUG] [mixin/]: Registering mixin config: ftblibrary-common.mixins.json
[26Jul2026 05:21:19.245] [main/DEBUG] [mixin/]: Compatibility level JAVA_8 specified by ftblibrary-common.mixins.json is lower than the default level supported by the current mixin service (JAVA_16).
[26Jul2026 05:21:19.246] [main/DEBUG] [mixin/]: Adding mixin platform agents for container SecureJarResource(ftbteams)
[26Jul2026 05:21:19.246] [main/DEBUG] [mixin/]: Instancing new MixinPlatformAgentMinecraftForge for SecureJarResource(ftbteams)
[26Jul2026 05:21:19.246] [main/DEBUG] [mixin/]: MixinPlatformAgentMinecraftForge rejected container SecureJarResource(ftbteams)
[26Jul2026 05:21:19.246] [main/DEBUG] [mixin/]: Instancing new MixinPlatformAgentDefault for SecureJarResource(ftbteams)
[26Jul2026 05:21:19.246] [main/DEBUG] [mixin/]: MixinPlatformAgentDefault accepted container SecureJarResource(ftbteams)
[26Jul2026 05:21:19.247] [main/DEBUG] [mixin/]: Processing prepare() for PlatformAgent[MixinPlatformAgentDefault:SecureJarResource(ftbteams)]
[26Jul2026 05:21:19.247] [main/DEBUG] [mixin/]: Adding mixin platform agents for container SecureJarResource(mutantmonsters)
[26Jul2026 05:21:19.247] [main/DEBUG] [mixin/]: Instancing new MixinPlatformAgentMinecraftForge for SecureJarResource(mutantmonsters)
[26Jul2026 05:21:19.247] [main/DEBUG] [mixin/]: MixinPlatformAgentMinecraftForge rejected container SecureJarResource(mutantmonsters)
[26Jul2026 05:21:19.247] [main/DEBUG] [mixin/]: Instancing new MixinPlatformAgentDefault for SecureJarResource(mutantmonsters)
[26Jul2026 05:21:19.247] [main/DEBUG] [mixin/]: MixinPlatformAgentDefault accepted container SecureJarResource(mutantmonsters)
[26Jul2026 05:21:19.247] [main/DEBUG] [mixin/]: Processing prepare() for PlatformAgent[MixinPlatformAgentDefault:SecureJarResource(mutantmonsters)]
[26Jul2026 05:21:19.247] [main/DEBUG] [mixin/]: Registering mixin config: mutantmonsters.common.mixins.json
[26Jul2026 05:21:19.256] [main/DEBUG] [mixin/]: Adding mixin platform agents for container SecureJarResource(formationsnether)
[26Jul2026 05:21:19.256] [main/DEBUG] [mixin/]: Instancing new MixinPlatformAgentMinecraftForge for SecureJarResource(formationsnether)
[26Jul2026 05:21:19.256] [main/DEBUG] [mixin/]: MixinPlatformAgentMinecraftForge rejected container SecureJarResource(formationsnether)
[26Jul2026 05:21:19.256] [main/DEBUG] [mixin/]: Instancing new MixinPlatformAgentDefault for SecureJarResource(formationsnether)
[26Jul2026 05:21:19.256] [main/DEBUG] [mixin/]: MixinPlatformAgentDefault accepted container SecureJarResource(formationsnether)
[26Jul2026 05:21:19.256] [main/DEBUG] [mixin/]: Processing prepare() for PlatformAgent[MixinPlatformAgentDefault:SecureJarResource(formationsnether)]
[26Jul2026 05:21:19.256] [main/DEBUG] [mixin/]: Adding mixin platform agents for container SecureJarResource(elysium_api)
[26Jul2026 05:21:19.256] [main/DEBUG] [mixin/]: Instancing new MixinPlatformAgentMinecraftForge for SecureJarResource(elysium_api)
[26Jul2026 05:21:19.256] [main/DEBUG] [mixin/]: MixinPlatformAgentMinecraftForge rejected container SecureJarResource(elysium_api)
[26Jul2026 05:21:19.256] [main/DEBUG] [mixin/]: Instancing new MixinPlatformAgentDefault for SecureJarResource(elysium_api)
[26Jul2026 05:21:19.256] [main/DEBUG] [mixin/]: MixinPlatformAgentDefault accepted container SecureJarResource(elysium_api)
[26Jul2026 05:21:19.256] [main/DEBUG] [mixin/]: Processing prepare() for PlatformAgent[MixinPlatformAgentDefault:SecureJarResource(elysium_api)]
[26Jul2026 05:21:19.256] [main/DEBUG] [mixin/]: Registering mixin config: mixins.elysium_api.json
[26Jul2026 05:21:19.260] [main/DEBUG] [mixin/]: Adding mixin platform agents for container SecureJarResource(easymagic)
[26Jul2026 05:21:19.260] [main/DEBUG] [mixin/]: Instancing new MixinPlatformAgentMinecraftForge for SecureJarResource(easymagic)
[26Jul2026 05:21:19.263] [main/DEBUG] [mixin/]: MixinPlatformAgentMinecraftForge rejected container SecureJarResource(easymagic)
[26Jul2026 05:21:19.263] [main/DEBUG] [mixin/]: Instancing new MixinPlatformAgentDefault for SecureJarResource(easymagic)
[26Jul2026 05:21:19.263] [main/DEBUG] [mixin/]: MixinPlatformAgentDefault accepted container SecureJarResource(easymagic)
[26Jul2026 05:21:19.263] [main/DEBUG] [mixin/]: Processing prepare() for PlatformAgent[MixinPlatformAgentDefault:SecureJarResource(easymagic)]
[26Jul2026 05:21:19.263] [main/DEBUG] [mixin/]: Registering mixin config: easymagic.common.mixins.json
[26Jul2026 05:21:19.273] [main/DEBUG] [mixin/]: Adding mixin platform agents for container SecureJarResource(jei)
[26Jul2026 05:21:19.273] [main/DEBUG] [mixin/]: Instancing new MixinPlatformAgentMinecraftForge for SecureJarResource(jei)
[26Jul2026 05:21:19.273] [main/DEBUG] [mixin/]: MixinPlatformAgentMinecraftForge rejected container SecureJarResource(jei)
[26Jul2026 05:21:19.273] [main/DEBUG] [mixin/]: Instancing new MixinPlatformAgentDefault for SecureJarResource(jei)
[26Jul2026 05:21:19.273] [main/DEBUG] [mixin/]: MixinPlatformAgentDefault accepted container SecureJarResource(jei)
[26Jul2026 05:21:19.273] [main/DEBUG] [mixin/]: Processing prepare() for PlatformAgent[MixinPlatformAgentDefault:SecureJarResource(jei)]
[26Jul2026 05:21:19.273] [main/DEBUG] [mixin/]: Adding mixin platform agents for container SecureJarResource(deltaboxlib)
[26Jul2026 05:21:19.273] [main/DEBUG] [mixin/]: Instancing new MixinPlatformAgentMinecraftForge for SecureJarResource(deltaboxlib)
[26Jul2026 05:21:19.273] [main/DEBUG] [mixin/]: MixinPlatformAgentMinecraftForge rejected container SecureJarResource(deltaboxlib)
[26Jul2026 05:21:19.273] [main/DEBUG] [mixin/]: Instancing new MixinPlatformAgentDefault for SecureJarResource(deltaboxlib)
[26Jul2026 05:21:19.273] [main/DEBUG] [mixin/]: MixinPlatformAgentDefault accepted container SecureJarResource(deltaboxlib)
[26Jul2026 05:21:19.273] [main/DEBUG] [mixin/]: Processing prepare() for PlatformAgent[MixinPlatformAgentDefault:SecureJarResource(deltaboxlib)]
[26Jul2026 05:21:19.273] [main/DEBUG] [mixin/]: Registering mixin config: deltaboxlib.mixins.json
[26Jul2026 05:21:19.285] [main/DEBUG] [mixin/]: Adding mixin platform agents for container SecureJarResource(fragmentum)
[26Jul2026 05:21:19.285] [main/DEBUG] [mixin/]: Instancing new MixinPlatformAgentMinecraftForge for SecureJarResource(fragmentum)
[26Jul2026 05:21:19.286] [main/DEBUG] [mixin/]: MixinPlatformAgentMinecraftForge rejected container SecureJarResource(fragmentum)
[26Jul2026 05:21:19.286] [main/DEBUG] [mixin/]: Instancing new MixinPlatformAgentDefault for SecureJarResource(fragmentum)
[26Jul2026 05:21:19.286] [main/DEBUG] [mixin/]: MixinPlatformAgentDefault accepted container SecureJarResource(fragmentum)
[26Jul2026 05:21:19.286] [main/DEBUG] [mixin/]: Processing prepare() for PlatformAgent[MixinPlatformAgentDefault:SecureJarResource(fragmentum)]
[26Jul2026 05:21:19.286] [main/DEBUG] [mixin/]: Registering mixin config: fragmentum.mixins.json
[26Jul2026 05:21:19.293] [main/DEBUG] [mixin/]: Registering mixin config: fragmentum.forge.mixins.json
[26Jul2026 05:21:19.299] [main/DEBUG] [mixin/]: Adding mixin platform agents for container SecureJarResource(fastsuite)
[26Jul2026 05:21:19.300] [main/DEBUG] [mixin/]: Instancing new MixinPlatformAgentMinecraftForge for SecureJarResource(fastsuite)
[26Jul2026 05:21:19.300] [main/DEBUG] [mixin/]: MixinPlatformAgentMinecraftForge rejected container SecureJarResource(fastsuite)
[26Jul2026 05:21:19.301] [main/DEBUG] [mixin/]: Instancing new MixinPlatformAgentDefault for SecureJarResource(fastsuite)
[26Jul2026 05:21:19.301] [main/DEBUG] [mixin/]: MixinPlatformAgentDefault accepted container SecureJarResource(fastsuite)
[26Jul2026 05:21:19.301] [main/DEBUG] [mixin/]: Processing prepare() for PlatformAgent[MixinPlatformAgentDefault:SecureJarResource(fastsuite)]
[26Jul2026 05:21:19.301] [main/DEBUG] [mixin/]: Registering mixin config: fastsuite.mixins.json
[26Jul2026 05:21:19.305] [main/DEBUG] [mixin/]: Adding mixin platform agents for container SecureJarResource(fastasyncworldsave)
[26Jul2026 05:21:19.305] [main/DEBUG] [mixin/]: Instancing new MixinPlatformAgentMinecraftForge for SecureJarResource(fastasyncworldsave)
[26Jul2026 05:21:19.305] [main/DEBUG] [mixin/]: MixinPlatformAgentMinecraftForge rejected container SecureJarResource(fastasyncworldsave)
[26Jul2026 05:21:19.306] [main/DEBUG] [mixin/]: Instancing new MixinPlatformAgentDefault for SecureJarResource(fastasyncworldsave)
[26Jul2026 05:21:19.306] [main/DEBUG] [mixin/]: MixinPlatformAgentDefault accepted container SecureJarResource(fastasyncworldsave)
[26Jul2026 05:21:19.306] [main/DEBUG] [mixin/]: Processing prepare() for PlatformAgent[MixinPlatformAgentDefault:SecureJarResource(fastasyncworldsave)]
[26Jul2026 05:21:19.307] [main/DEBUG] [mixin/]: Registering mixin config: fastasyncworldsave.mixins.json
[26Jul2026 05:21:19.311] [main/DEBUG] [mixin/]: Adding mixin platform agents for container SecureJarResource(alternate_current)
[26Jul2026 05:21:19.312] [main/DEBUG] [mixin/]: Instancing new MixinPlatformAgentMinecraftForge for SecureJarResource(alternate_current)
[26Jul2026 05:21:19.312] [main/DEBUG] [mixin/]: MixinPlatformAgentMinecraftForge rejected container SecureJarResource(alternate_current)
[26Jul2026 05:21:19.312] [main/DEBUG] [mixin/]: Instancing new MixinPlatformAgentDefault for SecureJarResource(alternate_current)
[26Jul2026 05:21:19.313] [main/DEBUG] [mixin/]: MixinPlatformAgentDefault accepted container SecureJarResource(alternate_current)
[26Jul2026 05:21:19.313] [main/DEBUG] [mixin/]: Processing prepare() for PlatformAgent[MixinPlatformAgentDefault:SecureJarResource(alternate_current)]
[26Jul2026 05:21:19.313] [main/DEBUG] [mixin/]: Adding mixin platform agents for container SecureJarResource(icterine)
[26Jul2026 05:21:19.313] [main/DEBUG] [mixin/]: Instancing new MixinPlatformAgentMinecraftForge for SecureJarResource(icterine)
[26Jul2026 05:21:19.313] [main/DEBUG] [mixin/]: MixinPlatformAgentMinecraftForge rejected container SecureJarResource(icterine)
[26Jul2026 05:21:19.313] [main/DEBUG] [mixin/]: Instancing new MixinPlatformAgentDefault for SecureJarResource(icterine)
[26Jul2026 05:21:19.314] [main/DEBUG] [mixin/]: MixinPlatformAgentDefault accepted container SecureJarResource(icterine)
[26Jul2026 05:21:19.314] [main/DEBUG] [mixin/]: Processing prepare() for PlatformAgent[MixinPlatformAgentDefault:SecureJarResource(icterine)]
[26Jul2026 05:21:19.314] [main/DEBUG] [mixin/]: Registering mixin config: icterine.mixins.json
[26Jul2026 05:21:19.318] [main/DEBUG] [mixin/]: Registering mixin config: icterine.forge.mixins.json
[26Jul2026 05:21:19.323] [main/DEBUG] [mixin/]: Adding mixin platform agents for container SecureJarResource(better_totem_of_undying)
[26Jul2026 05:21:19.324] [main/DEBUG] [mixin/]: Instancing new MixinPlatformAgentMinecraftForge for SecureJarResource(better_totem_of_undying)
[26Jul2026 05:21:19.324] [main/DEBUG] [mixin/]: MixinPlatformAgentMinecraftForge rejected container SecureJarResource(better_totem_of_undying)
[26Jul2026 05:21:19.324] [main/DEBUG] [mixin/]: Instancing new MixinPlatformAgentDefault for SecureJarResource(better_totem_of_undying)
[26Jul2026 05:21:19.324] [main/DEBUG] [mixin/]: MixinPlatformAgentDefault accepted container SecureJarResource(better_totem_of_undying)
[26Jul2026 05:21:19.324] [main/DEBUG] [mixin/]: Processing prepare() for PlatformAgent[MixinPlatformAgentDefault:SecureJarResource(better_totem_of_undying)]
[26Jul2026 05:21:19.324] [main/DEBUG] [mixin/]: Registering mixin config: better_totem_of_undying.mixins.json
[26Jul2026 05:21:19.326] [main/DEBUG] [mixin/]: Registering mixin config: better_totem_of_undying-common.mixins.json
[26Jul2026 05:21:19.328] [main/DEBUG] [mixin/]: Adding mixin platform agents for container SecureJarResource(midnightlib)
[26Jul2026 05:21:19.329] [main/DEBUG] [mixin/]: Instancing new MixinPlatformAgentMinecraftForge for SecureJarResource(midnightlib)
[26Jul2026 05:21:19.329] [main/DEBUG] [mixin/]: MixinPlatformAgentMinecraftForge rejected container SecureJarResource(midnightlib)
[26Jul2026 05:21:19.329] [main/DEBUG] [mixin/]: Instancing new MixinPlatformAgentDefault for SecureJarResource(midnightlib)
[26Jul2026 05:21:19.329] [main/DEBUG] [mixin/]: MixinPlatformAgentDefault accepted container SecureJarResource(midnightlib)
[26Jul2026 05:21:19.329] [main/DEBUG] [mixin/]: Processing prepare() for PlatformAgent[MixinPlatformAgentDefault:SecureJarResource(midnightlib)]
[26Jul2026 05:21:19.329] [main/DEBUG] [mixin/]: Registering mixin config: midnightlib.mixins.json
[26Jul2026 05:21:19.331] [main/DEBUG] [mixin/]: Adding mixin platform agents for container SecureJarResource(formations)
[26Jul2026 05:21:19.333] [main/DEBUG] [mixin/]: Instancing new MixinPlatformAgentMinecraftForge for SecureJarResource(formations)
[26Jul2026 05:21:19.333] [main/DEBUG] [mixin/]: MixinPlatformAgentMinecraftForge rejected container SecureJarResource(formations)
[26Jul2026 05:21:19.333] [main/DEBUG] [mixin/]: Instancing new MixinPlatformAgentDefault for SecureJarResource(formations)
[26Jul2026 05:21:19.333] [main/DEBUG] [mixin/]: MixinPlatformAgentDefault accepted container SecureJarResource(formations)
[26Jul2026 05:21:19.333] [main/DEBUG] [mixin/]: Processing prepare() for PlatformAgent[MixinPlatformAgentDefault:SecureJarResource(formations)]
[26Jul2026 05:21:19.333] [main/DEBUG] [mixin/]: Registering mixin config: formations.mixins.json
[26Jul2026 05:21:19.337] [main/DEBUG] [mixin/]: Adding mixin platform agents for container SecureJarResource(puzzlesaccessapi)
[26Jul2026 05:21:19.337] [main/DEBUG] [mixin/]: Instancing new MixinPlatformAgentMinecraftForge for SecureJarResource(puzzlesaccessapi)
[26Jul2026 05:21:19.337] [main/DEBUG] [mixin/]: MixinPlatformAgentMinecraftForge rejected container SecureJarResource(puzzlesaccessapi)
[26Jul2026 05:21:19.337] [main/DEBUG] [mixin/]: Instancing new MixinPlatformAgentDefault for SecureJarResource(puzzlesaccessapi)
[26Jul2026 05:21:19.337] [main/DEBUG] [mixin/]: MixinPlatformAgentDefault accepted container SecureJarResource(puzzlesaccessapi)
[26Jul2026 05:21:19.337] [main/DEBUG] [mixin/]: Processing prepare() for PlatformAgent[MixinPlatformAgentDefault:SecureJarResource(puzzlesaccessapi)]
[26Jul2026 05:21:19.337] [main/DEBUG] [mixin/]: Registering mixin config: puzzlesaccessapi.common.mixins.json
[26Jul2026 05:21:19.341] [main/DEBUG] [mixin/]: Registering mixin config: puzzlesaccessapi.forge.mixins.json
[26Jul2026 05:21:19.344] [main/DEBUG] [mixin/]: Adding mixin platform agents for container SecureJarResource(forge)
[26Jul2026 05:21:19.344] [main/DEBUG] [mixin/]: Instancing new MixinPlatformAgentMinecraftForge for SecureJarResource(forge)
[26Jul2026 05:21:19.344] [main/DEBUG] [mixin/]: MixinPlatformAgentMinecraftForge rejected container SecureJarResource(forge)
[26Jul2026 05:21:19.345] [main/DEBUG] [mixin/]: Instancing new MixinPlatformAgentDefault for SecureJarResource(forge)
[26Jul2026 05:21:19.345] [main/DEBUG] [mixin/]: MixinPlatformAgentDefault accepted container SecureJarResource(forge)
[26Jul2026 05:21:19.346] [main/DEBUG] [mixin/]: Processing prepare() for PlatformAgent[MixinPlatformAgentDefault:SecureJarResource(forge)]
[26Jul2026 05:21:19.347] [main/DEBUG] [mixin/]: Adding mixin platform agents for container SecureJarResource(luminousworld)
[26Jul2026 05:21:19.347] [main/DEBUG] [mixin/]: Instancing new MixinPlatformAgentMinecraftForge for SecureJarResource(luminousworld)
[26Jul2026 05:21:19.347] [main/DEBUG] [mixin/]: MixinPlatformAgentMinecraftForge rejected container SecureJarResource(luminousworld)
[26Jul2026 05:21:19.347] [main/DEBUG] [mixin/]: Instancing new MixinPlatformAgentDefault for SecureJarResource(luminousworld)
[26Jul2026 05:21:19.348] [main/DEBUG] [mixin/]: MixinPlatformAgentDefault accepted container SecureJarResource(luminousworld)
[26Jul2026 05:21:19.348] [main/DEBUG] [mixin/]: Processing prepare() for PlatformAgent[MixinPlatformAgentDefault:SecureJarResource(luminousworld)]
[26Jul2026 05:21:19.348] [main/DEBUG] [mixin/]: Registering mixin config: mixins.luminousworld.json
[26Jul2026 05:21:19.358] [main/DEBUG] [mixin/]: Adding mixin platform agents for container SecureJarResource(friendsandfoes)
[26Jul2026 05:21:19.358] [main/DEBUG] [mixin/]: Instancing new MixinPlatformAgentMinecraftForge for SecureJarResource(friendsandfoes)
[26Jul2026 05:21:19.361] [main/DEBUG] [mixin/]: MixinPlatformAgentMinecraftForge rejected container SecureJarResource(friendsandfoes)
[26Jul2026 05:21:19.361] [main/DEBUG] [mixin/]: Instancing new MixinPlatformAgentDefault for SecureJarResource(friendsandfoes)
[26Jul2026 05:21:19.361] [main/DEBUG] [mixin/]: MixinPlatformAgentDefault accepted container SecureJarResource(friendsandfoes)
[26Jul2026 05:21:19.361] [main/DEBUG] [mixin/]: Processing prepare() for PlatformAgent[MixinPlatformAgentDefault:SecureJarResource(friendsandfoes)]
[26Jul2026 05:21:19.361] [main/DEBUG] [mixin/]: Registering mixin config: friendsandfoes-common.mixins.json
[26Jul2026 05:21:19.366] [main/DEBUG] [mixin/]: Registering mixin config: friendsandfoes-forge.mixins.json
[26Jul2026 05:21:19.369] [main/DEBUG] [mixin/]: Adding mixin platform agents for container SecureJarResource(minecraft)
[26Jul2026 05:21:19.369] [main/DEBUG] [mixin/]: Instancing new MixinPlatformAgentMinecraftForge for SecureJarResource(minecraft)
[26Jul2026 05:21:19.369] [main/DEBUG] [mixin/]: MixinPlatformAgentMinecraftForge rejected container SecureJarResource(minecraft)
[26Jul2026 05:21:19.370] [main/DEBUG] [mixin/]: Instancing new MixinPlatformAgentDefault for SecureJarResource(minecraft)
[26Jul2026 05:21:19.370] [main/DEBUG] [mixin/]: MixinPlatformAgentDefault accepted container SecureJarResource(minecraft)
[26Jul2026 05:21:19.370] [main/DEBUG] [mixin/]: Processing prepare() for PlatformAgent[MixinPlatformAgentDefault:SecureJarResource(minecraft)]
[26Jul2026 05:21:19.370] [main/DEBUG] [mixin/]: Adding mixin platform agents for container SecureJarResource(luminous_nether)
[26Jul2026 05:21:19.370] [main/DEBUG] [mixin/]: Instancing new MixinPlatformAgentMinecraftForge for SecureJarResource(luminous_nether)
[26Jul2026 05:21:19.370] [main/DEBUG] [mixin/]: MixinPlatformAgentMinecraftForge rejected container SecureJarResource(luminous_nether)
[26Jul2026 05:21:19.370] [main/DEBUG] [mixin/]: Instancing new MixinPlatformAgentDefault for SecureJarResource(luminous_nether)
[26Jul2026 05:21:19.370] [main/DEBUG] [mixin/]: MixinPlatformAgentDefault accepted container SecureJarResource(luminous_nether)
[26Jul2026 05:21:19.370] [main/DEBUG] [mixin/]: Processing prepare() for PlatformAgent[MixinPlatformAgentDefault:SecureJarResource(luminous_nether)]
[26Jul2026 05:21:19.370] [main/DEBUG] [mixin/]: Adding mixin platform agents for container SecureJarResource(alexscaves)
[26Jul2026 05:21:19.370] [main/DEBUG] [mixin/]: Instancing new MixinPlatformAgentMinecraftForge for SecureJarResource(alexscaves)
[26Jul2026 05:21:19.370] [main/DEBUG] [mixin/]: MixinPlatformAgentMinecraftForge rejected container SecureJarResource(alexscaves)
[26Jul2026 05:21:19.370] [main/DEBUG] [mixin/]: Instancing new MixinPlatformAgentDefault for SecureJarResource(alexscaves)
[26Jul2026 05:21:19.370] [main/DEBUG] [mixin/]: MixinPlatformAgentDefault accepted container SecureJarResource(alexscaves)
[26Jul2026 05:21:19.370] [main/DEBUG] [mixin/]: Processing prepare() for PlatformAgent[MixinPlatformAgentDefault:SecureJarResource(alexscaves)]
[26Jul2026 05:21:19.370] [main/DEBUG] [mixin/]: Registering mixin config: citadel.mixins.json
[26Jul2026 05:21:19.370] [main/DEBUG] [mixin/]: Registering mixin config: alexscaves.mixins.json
[26Jul2026 05:21:19.403] [main/DEBUG] [mixin/]: Adding mixin platform agents for container SecureJarResource(tact)
[26Jul2026 05:21:19.403] [main/DEBUG] [mixin/]: Instancing new MixinPlatformAgentMinecraftForge for SecureJarResource(tact)
[26Jul2026 05:21:19.403] [main/DEBUG] [mixin/]: MixinPlatformAgentMinecraftForge rejected container SecureJarResource(tact)
[26Jul2026 05:21:19.403] [main/DEBUG] [mixin/]: Instancing new MixinPlatformAgentDefault for SecureJarResource(tact)
[26Jul2026 05:21:19.403] [main/DEBUG] [mixin/]: MixinPlatformAgentDefault accepted container SecureJarResource(tact)
[26Jul2026 05:21:19.403] [main/DEBUG] [mixin/]: Processing prepare() for PlatformAgent[MixinPlatformAgentDefault:SecureJarResource(tact)]
[26Jul2026 05:21:19.403] [main/DEBUG] [mixin/]: Registering mixin config: tact.mixins.json
[26Jul2026 05:21:19.406] [main/DEBUG] [mixin/]: Adding mixin platform agents for container SecureJarResource(terrablender)
[26Jul2026 05:21:19.406] [main/DEBUG] [mixin/]: Instancing new MixinPlatformAgentMinecraftForge for SecureJarResource(terrablender)
[26Jul2026 05:21:19.406] [main/DEBUG] [mixin/]: MixinPlatformAgentMinecraftForge rejected container SecureJarResource(terrablender)
[26Jul2026 05:21:19.406] [main/DEBUG] [mixin/]: Instancing new MixinPlatformAgentDefault for SecureJarResource(terrablender)
[26Jul2026 05:21:19.406] [main/DEBUG] [mixin/]: MixinPlatformAgentDefault accepted container SecureJarResource(terrablender)
[26Jul2026 05:21:19.406] [main/DEBUG] [mixin/]: Processing prepare() for PlatformAgent[MixinPlatformAgentDefault:SecureJarResource(terrablender)]
[26Jul2026 05:21:19.406] [main/DEBUG] [mixin/]: Registering mixin config: terrablender.mixins.json
[26Jul2026 05:21:19.408] [main/DEBUG] [mixin/]: Registering mixin config: terrablender_forge.mixins.json
[26Jul2026 05:21:19.410] [main/DEBUG] [mixin/]: Adding mixin platform agents for container SecureJarResource(moonlight)
[26Jul2026 05:21:19.411] [main/DEBUG] [mixin/]: Instancing new MixinPlatformAgentMinecraftForge for SecureJarResource(moonlight)
[26Jul2026 05:21:19.411] [main/DEBUG] [mixin/]: MixinPlatformAgentMinecraftForge rejected container SecureJarResource(moonlight)
[26Jul2026 05:21:19.411] [main/DEBUG] [mixin/]: Instancing new MixinPlatformAgentDefault for SecureJarResource(moonlight)
[26Jul2026 05:21:19.411] [main/DEBUG] [mixin/]: MixinPlatformAgentDefault accepted container SecureJarResource(moonlight)
[26Jul2026 05:21:19.411] [main/DEBUG] [mixin/]: Processing prepare() for PlatformAgent[MixinPlatformAgentDefault:SecureJarResource(moonlight)]
[26Jul2026 05:21:19.411] [main/DEBUG] [mixin/]: Registering mixin config: moonlight-common.mixins.json
[26Jul2026 05:21:19.413] [main/DEBUG] [mixin/]: Registering mixin config: moonlight.mixins.json
[26Jul2026 05:21:19.415] [main/DEBUG] [mixin/]: Adding mixin platform agents for container SecureJarResource(endermanoverhaul)
[26Jul2026 05:21:19.415] [main/DEBUG] [mixin/]: Instancing new MixinPlatformAgentMinecraftForge for SecureJarResource(endermanoverhaul)
[26Jul2026 05:21:19.415] [main/DEBUG] [mixin/]: MixinPlatformAgentMinecraftForge rejected container SecureJarResource(endermanoverhaul)
[26Jul2026 05:21:19.415] [main/DEBUG] [mixin/]: Instancing new MixinPlatformAgentDefault for SecureJarResource(endermanoverhaul)
[26Jul2026 05:21:19.415] [main/DEBUG] [mixin/]: MixinPlatformAgentDefault accepted container SecureJarResource(endermanoverhaul)
[26Jul2026 05:21:19.415] [main/DEBUG] [mixin/]: Processing prepare() for PlatformAgent[MixinPlatformAgentDefault:SecureJarResource(endermanoverhaul)]
[26Jul2026 05:21:19.415] [main/DEBUG] [mixin/]: Registering mixin config: endermanoverhaul-common.mixins.json
[26Jul2026 05:21:19.423] [main/DEBUG] [mixin/]: Registering mixin config: endermanoverhaul.mixins.json
[26Jul2026 05:21:19.426] [main/DEBUG] [mixin/]: Adding mixin platform agents for container SecureJarResource(ftbquests)
[26Jul2026 05:21:19.428] [main/DEBUG] [mixin/]: Instancing new MixinPlatformAgentMinecraftForge for SecureJarResource(ftbquests)
[26Jul2026 05:21:19.428] [main/DEBUG] [mixin/]: MixinPlatformAgentMinecraftForge rejected container SecureJarResource(ftbquests)
[26Jul2026 05:21:19.428] [main/DEBUG] [mixin/]: Instancing new MixinPlatformAgentDefault for SecureJarResource(ftbquests)
[26Jul2026 05:21:19.429] [main/DEBUG] [mixin/]: MixinPlatformAgentDefault accepted container SecureJarResource(ftbquests)
[26Jul2026 05:21:19.430] [main/DEBUG] [mixin/]: Processing prepare() for PlatformAgent[MixinPlatformAgentDefault:SecureJarResource(ftbquests)]
[26Jul2026 05:21:19.430] [main/DEBUG] [mixin/]: Adding mixin platform agents for container SecureJarResource(musicbox)
[26Jul2026 05:21:19.430] [main/DEBUG] [mixin/]: Instancing new MixinPlatformAgentMinecraftForge for SecureJarResource(musicbox)
[26Jul2026 05:21:19.430] [main/DEBUG] [mixin/]: MixinPlatformAgentMinecraftForge rejected container SecureJarResource(musicbox)
[26Jul2026 05:21:19.430] [main/DEBUG] [mixin/]: Instancing new MixinPlatformAgentDefault for SecureJarResource(musicbox)
[26Jul2026 05:21:19.430] [main/DEBUG] [mixin/]: MixinPlatformAgentDefault accepted container SecureJarResource(musicbox)
[26Jul2026 05:21:19.430] [main/DEBUG] [mixin/]: Processing prepare() for PlatformAgent[MixinPlatformAgentDefault:SecureJarResource(musicbox)]
[26Jul2026 05:21:19.431] [main/DEBUG] [mixin/]: Registering mixin config: musicbox.mixins.json
[26Jul2026 05:21:19.434] [main/DEBUG] [mixin/]: Adding mixin platform agents for container SecureJarResource(mofus_better_end_)
[26Jul2026 05:21:19.435] [main/DEBUG] [mixin/]: Instancing new MixinPlatformAgentMinecraftForge for SecureJarResource(mofus_better_end_)
[26Jul2026 05:21:19.435] [main/DEBUG] [mixin/]: MixinPlatformAgentMinecraftForge rejected container SecureJarResource(mofus_better_end_)
[26Jul2026 05:21:19.436] [main/DEBUG] [mixin/]: Instancing new MixinPlatformAgentDefault for SecureJarResource(mofus_better_end_)
[26Jul2026 05:21:19.436] [main/DEBUG] [mixin/]: MixinPlatformAgentDefault accepted container SecureJarResource(mofus_better_end_)
[26Jul2026 05:21:19.436] [main/DEBUG] [mixin/]: Processing prepare() for PlatformAgent[MixinPlatformAgentDefault:SecureJarResource(mofus_better_end_)]
[26Jul2026 05:21:19.436] [main/DEBUG] [mixin/]: Registering mixin config: mixins.mofus_better_end_.json
[26Jul2026 05:21:19.437] [main/DEBUG] [mixin/]: Adding mixin platform agents for container SecureJarResource(fdlib)
[26Jul2026 05:21:19.438] [main/DEBUG] [mixin/]: Instancing new MixinPlatformAgentMinecraftForge for SecureJarResource(fdlib)
[26Jul2026 05:21:19.438] [main/DEBUG] [mixin/]: MixinPlatformAgentMinecraftForge rejected container SecureJarResource(fdlib)
[26Jul2026 05:21:19.439] [main/DEBUG] [mixin/]: Instancing new MixinPlatformAgentDefault for SecureJarResource(fdlib)
[26Jul2026 05:21:19.439] [main/DEBUG] [mixin/]: MixinPlatformAgentDefault accepted container SecureJarResource(fdlib)
[26Jul2026 05:21:19.439] [main/DEBUG] [mixin/]: Processing prepare() for PlatformAgent[MixinPlatformAgentDefault:SecureJarResource(fdlib)]
[26Jul2026 05:21:19.439] [main/DEBUG] [mixin/]: Registering mixin config: fdlib.mixins.json
[26Jul2026 05:21:19.441] [main/DEBUG] [mixin/]: Adding mixin platform agents for container SecureJarResource(creativecore)
[26Jul2026 05:21:19.441] [main/DEBUG] [mixin/]: Instancing new MixinPlatformAgentMinecraftForge for SecureJarResource(creativecore)
[26Jul2026 05:21:19.441] [main/DEBUG] [mixin/]: MixinPlatformAgentMinecraftForge rejected container SecureJarResource(creativecore)
[26Jul2026 05:21:19.441] [main/DEBUG] [mixin/]: Instancing new MixinPlatformAgentDefault for SecureJarResource(creativecore)
[26Jul2026 05:21:19.441] [main/DEBUG] [mixin/]: MixinPlatformAgentDefault accepted container SecureJarResource(creativecore)
[26Jul2026 05:21:19.442] [main/DEBUG] [mixin/]: Processing prepare() for PlatformAgent[MixinPlatformAgentDefault:SecureJarResource(creativecore)]
[26Jul2026 05:21:19.442] [main/DEBUG] [mixin/]: Registering mixin config: creativecore.mixins.json
[26Jul2026 05:21:19.449] [main/DEBUG] [mixin/]: Registering mixin config: creativecore.forge.mixins.json
[26Jul2026 05:21:19.451] [main/DEBUG] [mixin/]: Adding mixin platform agents for container SecureJarResource(platform)
[26Jul2026 05:21:19.453] [main/DEBUG] [mixin/]: Instancing new MixinPlatformAgentMinecraftForge for SecureJarResource(platform)
[26Jul2026 05:21:19.454] [main/DEBUG] [mixin/]: MixinPlatformAgentMinecraftForge rejected container SecureJarResource(platform)
[26Jul2026 05:21:19.454] [main/DEBUG] [mixin/]: Instancing new MixinPlatformAgentDefault for SecureJarResource(platform)
[26Jul2026 05:21:19.454] [main/DEBUG] [mixin/]: MixinPlatformAgentDefault accepted container SecureJarResource(platform)
[26Jul2026 05:21:19.454] [main/DEBUG] [mixin/]: Processing prepare() for PlatformAgent[MixinPlatformAgentDefault:SecureJarResource(platform)]
[26Jul2026 05:21:19.454] [main/DEBUG] [mixin/]: Registering mixin config: platform.mixins.json
[26Jul2026 05:21:19.458] [main/DEBUG] [mixin/]: Registering mixin config: platform-common.mixins.json
[26Jul2026 05:21:19.461] [main/DEBUG] [mixin/]: Adding mixin platform agents for container SecureJarResource(movingelevators)
[26Jul2026 05:21:19.462] [main/DEBUG] [mixin/]: Instancing new MixinPlatformAgentMinecraftForge for SecureJarResource(movingelevators)
[26Jul2026 05:21:19.463] [main/DEBUG] [mixin/]: MixinPlatformAgentMinecraftForge rejected container SecureJarResource(movingelevators)
[26Jul2026 05:21:19.463] [main/DEBUG] [mixin/]: Instancing new MixinPlatformAgentDefault for SecureJarResource(movingelevators)
[26Jul2026 05:21:19.463] [main/DEBUG] [mixin/]: MixinPlatformAgentDefault accepted container SecureJarResource(movingelevators)
[26Jul2026 05:21:19.464] [main/DEBUG] [mixin/]: Processing prepare() for PlatformAgent[MixinPlatformAgentDefault:SecureJarResource(movingelevators)]
[26Jul2026 05:21:19.464] [main/DEBUG] [mixin/]: Registering mixin config: movingelevators.mixins.json
[26Jul2026 05:21:19.467] [main/DEBUG] [mixin/]: Adding mixin platform agents for container SecureJarResource(easy_npc_bundle)
[26Jul2026 05:21:19.467] [main/DEBUG] [mixin/]: Instancing new MixinPlatformAgentMinecraftForge for SecureJarResource(easy_npc_bundle)
[26Jul2026 05:21:19.467] [main/DEBUG] [mixin/]: MixinPlatformAgentMinecraftForge rejected container SecureJarResource(easy_npc_bundle)
[26Jul2026 05:21:19.467] [main/DEBUG] [mixin/]: Instancing new MixinPlatformAgentDefault for SecureJarResource(easy_npc_bundle)
[26Jul2026 05:21:19.467] [main/DEBUG] [mixin/]: MixinPlatformAgentDefault accepted container SecureJarResource(easy_npc_bundle)
[26Jul2026 05:21:19.467] [main/DEBUG] [mixin/]: Processing prepare() for PlatformAgent[MixinPlatformAgentDefault:SecureJarResource(easy_npc_bundle)]
[26Jul2026 05:21:19.467] [main/DEBUG] [mixin/]: Adding mixin platform agents for container SecureJarResource(kotlinforforge)
[26Jul2026 05:21:19.467] [main/DEBUG] [mixin/]: Instancing new MixinPlatformAgentMinecraftForge for SecureJarResource(kotlinforforge)
[26Jul2026 05:21:19.467] [main/DEBUG] [mixin/]: MixinPlatformAgentMinecraftForge rejected container SecureJarResource(kotlinforforge)
[26Jul2026 05:21:19.467] [main/DEBUG] [mixin/]: Instancing new MixinPlatformAgentDefault for SecureJarResource(kotlinforforge)
[26Jul2026 05:21:19.467] [main/DEBUG] [mixin/]: MixinPlatformAgentDefault accepted container SecureJarResource(kotlinforforge)
[26Jul2026 05:21:19.467] [main/DEBUG] [mixin/]: Processing prepare() for PlatformAgent[MixinPlatformAgentDefault:SecureJarResource(kotlinforforge)]
[26Jul2026 05:21:19.467] [main/DEBUG] [mixin/]: Adding mixin platform agents for container SecureJarResource(iceberg)
[26Jul2026 05:21:19.467] [main/DEBUG] [mixin/]: Instancing new MixinPlatformAgentMinecraftForge for SecureJarResource(iceberg)
[26Jul2026 05:21:19.467] [main/DEBUG] [mixin/]: MixinPlatformAgentMinecraftForge rejected container SecureJarResource(iceberg)
[26Jul2026 05:21:19.467] [main/DEBUG] [mixin/]: Instancing new MixinPlatformAgentDefault for SecureJarResource(iceberg)
[26Jul2026 05:21:19.467] [main/DEBUG] [mixin/]: MixinPlatformAgentDefault accepted container SecureJarResource(iceberg)
[26Jul2026 05:21:19.467] [main/DEBUG] [mixin/]: Processing prepare() for PlatformAgent[MixinPlatformAgentDefault:SecureJarResource(iceberg)]
[26Jul2026 05:21:19.467] [main/DEBUG] [mixin/]: Registering mixin config: iceberg.mixins.json
[26Jul2026 05:21:19.472] [main/DEBUG] [mixin/]: Adding mixin platform agents for container SecureJarResource(lunar)
[26Jul2026 05:21:19.474] [main/DEBUG] [mixin/]: Instancing new MixinPlatformAgentMinecraftForge for SecureJarResource(lunar)
[26Jul2026 05:21:19.474] [main/DEBUG] [mixin/]: MixinPlatformAgentMinecraftForge rejected container SecureJarResource(lunar)
[26Jul2026 05:21:19.474] [main/DEBUG] [mixin/]: Instancing new MixinPlatformAgentDefault for SecureJarResource(lunar)
[26Jul2026 05:21:19.474] [main/DEBUG] [mixin/]: MixinPlatformAgentDefault accepted container SecureJarResource(lunar)
[26Jul2026 05:21:19.474] [main/DEBUG] [mixin/]: Processing prepare() for PlatformAgent[MixinPlatformAgentDefault:SecureJarResource(lunar)]
[26Jul2026 05:21:19.474] [main/DEBUG] [mixin/]: Registering mixin config: lunar.mixins.json
[26Jul2026 05:21:19.479] [main/DEBUG] [mixin/]: Adding mixin platform agents for container SecureJarResource(securitycraft)
[26Jul2026 05:21:19.480] [main/DEBUG] [mixin/]: Instancing new MixinPlatformAgentMinecraftForge for SecureJarResource(securitycraft)
[26Jul2026 05:21:19.481] [main/DEBUG] [mixin/]: MixinPlatformAgentMinecraftForge rejected container SecureJarResource(securitycraft)
[26Jul2026 05:21:19.481] [main/DEBUG] [mixin/]: Instancing new MixinPlatformAgentDefault for SecureJarResource(securitycraft)
[26Jul2026 05:21:19.481] [main/DEBUG] [mixin/]: MixinPlatformAgentDefault accepted container SecureJarResource(securitycraft)
[26Jul2026 05:21:19.481] [main/DEBUG] [mixin/]: Processing prepare() for PlatformAgent[MixinPlatformAgentDefault:SecureJarResource(securitycraft)]
[26Jul2026 05:21:19.481] [main/DEBUG] [mixin/]: Registering mixin config: securitycraft.mixins.json
[26Jul2026 05:21:19.484] [main/DEBUG] [mixin/]: Adding mixin platform agents for container SecureJarResource(bettertridents)
[26Jul2026 05:21:19.484] [main/DEBUG] [mixin/]: Instancing new MixinPlatformAgentMinecraftForge for SecureJarResource(bettertridents)
[26Jul2026 05:21:19.484] [main/DEBUG] [mixin/]: MixinPlatformAgentMinecraftForge rejected container SecureJarResource(bettertridents)
[26Jul2026 05:21:19.484] [main/DEBUG] [mixin/]: Instancing new MixinPlatformAgentDefault for SecureJarResource(bettertridents)
[26Jul2026 05:21:19.485] [main/DEBUG] [mixin/]: MixinPlatformAgentDefault accepted container SecureJarResource(bettertridents)
[26Jul2026 05:21:19.486] [main/DEBUG] [mixin/]: Processing prepare() for PlatformAgent[MixinPlatformAgentDefault:SecureJarResource(bettertridents)]
[26Jul2026 05:21:19.486] [main/DEBUG] [mixin/]: Registering mixin config: bettertridents.common.mixins.json
[26Jul2026 05:21:19.491] [main/DEBUG] [mixin/]: Adding mixin platform agents for container SecureJarResource(mvs)
[26Jul2026 05:21:19.491] [main/DEBUG] [mixin/]: Instancing new MixinPlatformAgentMinecraftForge for SecureJarResource(mvs)
[26Jul2026 05:21:19.491] [main/DEBUG] [mixin/]: MixinPlatformAgentMinecraftForge rejected container SecureJarResource(mvs)
[26Jul2026 05:21:19.492] [main/DEBUG] [mixin/]: Instancing new MixinPlatformAgentDefault for SecureJarResource(mvs)
[26Jul2026 05:21:19.492] [main/DEBUG] [mixin/]: MixinPlatformAgentDefault accepted container SecureJarResource(mvs)
[26Jul2026 05:21:19.492] [main/DEBUG] [mixin/]: Processing prepare() for PlatformAgent[MixinPlatformAgentDefault:SecureJarResource(mvs)]
[26Jul2026 05:21:19.492] [main/DEBUG] [mixin/]: Adding mixin platform agents for container SecureJarResource(creeperoverhaul)
[26Jul2026 05:21:19.492] [main/DEBUG] [mixin/]: Instancing new MixinPlatformAgentMinecraftForge for SecureJarResource(creeperoverhaul)
[26Jul2026 05:21:19.492] [main/DEBUG] [mixin/]: MixinPlatformAgentMinecraftForge rejected container SecureJarResource(creeperoverhaul)
[26Jul2026 05:21:19.492] [main/DEBUG] [mixin/]: Instancing new MixinPlatformAgentDefault for SecureJarResource(creeperoverhaul)
[26Jul2026 05:21:19.492] [main/DEBUG] [mixin/]: MixinPlatformAgentDefault accepted container SecureJarResource(creeperoverhaul)
[26Jul2026 05:21:19.492] [main/DEBUG] [mixin/]: Processing prepare() for PlatformAgent[MixinPlatformAgentDefault:SecureJarResource(creeperoverhaul)]
[26Jul2026 05:21:19.492] [main/DEBUG] [mixin/]: Registering mixin config: creeperoverhaul-common.mixins.json
[26Jul2026 05:21:19.497] [main/DEBUG] [mixin/]: Adding mixin platform agents for container SecureJarResource(lootr)
[26Jul2026 05:21:19.499] [main/DEBUG] [mixin/]: Instancing new MixinPlatformAgentMinecraftForge for SecureJarResource(lootr)
[26Jul2026 05:21:19.499] [main/DEBUG] [mixin/]: MixinPlatformAgentMinecraftForge rejected container SecureJarResource(lootr)
[26Jul2026 05:21:19.499] [main/DEBUG] [mixin/]: Instancing new MixinPlatformAgentDefault for SecureJarResource(lootr)
[26Jul2026 05:21:19.499] [main/DEBUG] [mixin/]: MixinPlatformAgentDefault accepted container SecureJarResource(lootr)
[26Jul2026 05:21:19.499] [main/DEBUG] [mixin/]: Processing prepare() for PlatformAgent[MixinPlatformAgentDefault:SecureJarResource(lootr)]
[26Jul2026 05:21:19.499] [main/DEBUG] [mixin/]: Registering mixin config: lootr.mixins.json
[26Jul2026 05:21:19.503] [main/DEBUG] [mixin/]: Adding mixin platform agents for container SecureJarResource(ferritecore)
[26Jul2026 05:21:19.504] [main/DEBUG] [mixin/]: Instancing new MixinPlatformAgentMinecraftForge for SecureJarResource(ferritecore)
[26Jul2026 05:21:19.504] [main/DEBUG] [mixin/]: MixinPlatformAgentMinecraftForge rejected container SecureJarResource(ferritecore)
[26Jul2026 05:21:19.504] [main/DEBUG] [mixin/]: Instancing new MixinPlatformAgentDefault for SecureJarResource(ferritecore)
[26Jul2026 05:21:19.505] [main/DEBUG] [mixin/]: MixinPlatformAgentDefault accepted container SecureJarResource(ferritecore)
[26Jul2026 05:21:19.505] [main/DEBUG] [mixin/]: Processing prepare() for PlatformAgent[MixinPlatformAgentDefault:SecureJarResource(ferritecore)]
[26Jul2026 05:21:19.505] [main/DEBUG] [mixin/]: Registering mixin config: ferritecore.predicates.mixin.json
[26Jul2026 05:21:19.511] [main/DEBUG] [mixin/]: Registering mixin config: ferritecore.fastmap.mixin.json
[26Jul2026 05:21:19.515] [main/DEBUG] [mixin/]: Registering mixin config: ferritecore.mrl.mixin.json
[26Jul2026 05:21:19.520] [main/DEBUG] [mixin/]: Registering mixin config: ferritecore.dedupmultipart.mixin.json
[26Jul2026 05:21:19.525] [main/DEBUG] [mixin/]: Registering mixin config: ferritecore.blockstatecache.mixin.json
[26Jul2026 05:21:19.527] [main/DEBUG] [mixin/]: Registering mixin config: ferritecore.dedupbakedquad.mixin.json
[26Jul2026 05:21:19.531] [main/DEBUG] [mixin/]: Registering mixin config: ferritecore.threaddetec.mixin.json
[26Jul2026 05:21:19.533] [main/DEBUG] [mixin/]: Registering mixin config: ferritecore.modelsides.mixin.json
[26Jul2026 05:21:19.538] [main/DEBUG] [mixin/]: Adding mixin platform agents for container SecureJarResource(yet_another_config_lib_v3)
[26Jul2026 05:21:19.539] [main/DEBUG] [mixin/]: Instancing new MixinPlatformAgentMinecraftForge for SecureJarResource(yet_another_config_lib_v3)
[26Jul2026 05:21:19.540] [main/DEBUG] [mixin/]: MixinPlatformAgentMinecraftForge rejected container SecureJarResource(yet_another_config_lib_v3)
[26Jul2026 05:21:19.540] [main/DEBUG] [mixin/]: Instancing new MixinPlatformAgentDefault for SecureJarResource(yet_another_config_lib_v3)
[26Jul2026 05:21:19.540] [main/DEBUG] [mixin/]: MixinPlatformAgentDefault accepted container SecureJarResource(yet_another_config_lib_v3)
[26Jul2026 05:21:19.540] [main/DEBUG] [mixin/]: Processing prepare() for PlatformAgent[MixinPlatformAgentDefault:SecureJarResource(yet_another_config_lib_v3)]
[26Jul2026 05:21:19.540] [main/DEBUG] [mixin/]: Registering mixin config: yacl.mixins.json
[26Jul2026 05:21:19.544] [main/ERROR] [mixin/]: Mixin config yacl.mixins.json does not specify "minVersion" property
[26Jul2026 05:21:19.544] [main/DEBUG] [mixin/]: Adding mixin platform agents for container SecureJarResource(puzzleslib)
[26Jul2026 05:21:19.544] [main/DEBUG] [mixin/]: Instancing new MixinPlatformAgentMinecraftForge for SecureJarResource(puzzleslib)
[26Jul2026 05:21:19.544] [main/DEBUG] [mixin/]: MixinPlatformAgentMinecraftForge rejected container SecureJarResource(puzzleslib)
[26Jul2026 05:21:19.544] [main/DEBUG] [mixin/]: Instancing new MixinPlatformAgentDefault for SecureJarResource(puzzleslib)
[26Jul2026 05:21:19.544] [main/DEBUG] [mixin/]: MixinPlatformAgentDefault accepted container SecureJarResource(puzzleslib)
[26Jul2026 05:21:19.544] [main/DEBUG] [mixin/]: Processing prepare() for PlatformAgent[MixinPlatformAgentDefault:SecureJarResource(puzzleslib)]
[26Jul2026 05:21:19.544] [main/DEBUG] [mixin/]: Registering mixin config: puzzleslib.common.mixins.json
[26Jul2026 05:21:19.548] [main/DEBUG] [mixin/]: Registering mixin config: puzzleslib.forge.mixins.json
[26Jul2026 05:21:19.557] [main/DEBUG] [mixin/]: Adding mixin platform agents for container SecureJarResource(deep_dark_regrowth)
[26Jul2026 05:21:19.557] [main/DEBUG] [mixin/]: Instancing new MixinPlatformAgentMinecraftForge for SecureJarResource(deep_dark_regrowth)
[26Jul2026 05:21:19.557] [main/DEBUG] [mixin/]: MixinPlatformAgentMinecraftForge rejected container SecureJarResource(deep_dark_regrowth)
[26Jul2026 05:21:19.557] [main/DEBUG] [mixin/]: Instancing new MixinPlatformAgentDefault for SecureJarResource(deep_dark_regrowth)
[26Jul2026 05:21:19.557] [main/DEBUG] [mixin/]: MixinPlatformAgentDefault accepted container SecureJarResource(deep_dark_regrowth)
[26Jul2026 05:21:19.557] [main/DEBUG] [mixin/]: Processing prepare() for PlatformAgent[MixinPlatformAgentDefault:SecureJarResource(deep_dark_regrowth)]
[26Jul2026 05:21:19.557] [main/DEBUG] [mixin/]: Adding mixin platform agents for container SecureJarResource(cold_sweat)
[26Jul2026 05:21:19.557] [main/DEBUG] [mixin/]: Instancing new MixinPlatformAgentMinecraftForge for SecureJarResource(cold_sweat)
[26Jul2026 05:21:19.557] [main/DEBUG] [mixin/]: MixinPlatformAgentMinecraftForge rejected container SecureJarResource(cold_sweat)
[26Jul2026 05:21:19.557] [main/DEBUG] [mixin/]: Instancing new MixinPlatformAgentDefault for SecureJarResource(cold_sweat)
[26Jul2026 05:21:19.557] [main/DEBUG] [mixin/]: MixinPlatformAgentDefault accepted container SecureJarResource(cold_sweat)
[26Jul2026 05:21:19.557] [main/DEBUG] [mixin/]: Processing prepare() for PlatformAgent[MixinPlatformAgentDefault:SecureJarResource(cold_sweat)]
[26Jul2026 05:21:19.557] [main/DEBUG] [mixin/]: Registering mixin config: cold_sweat.mixin.json
[26Jul2026 05:21:19.561] [main/DEBUG] [mixin/]: Adding mixin platform agents for container SecureJarResource(cosmeticarmorreworked)
[26Jul2026 05:21:19.561] [main/DEBUG] [mixin/]: Instancing new MixinPlatformAgentMinecraftForge for SecureJarResource(cosmeticarmorreworked)
[26Jul2026 05:21:19.561] [main/DEBUG] [mixin/]: MixinPlatformAgentMinecraftForge rejected container SecureJarResource(cosmeticarmorreworked)
[26Jul2026 05:21:19.561] [main/DEBUG] [mixin/]: Instancing new MixinPlatformAgentDefault for SecureJarResource(cosmeticarmorreworked)
[26Jul2026 05:21:19.561] [main/DEBUG] [mixin/]: MixinPlatformAgentDefault accepted container SecureJarResource(cosmeticarmorreworked)
[26Jul2026 05:21:19.561] [main/DEBUG] [mixin/]: Processing prepare() for PlatformAgent[MixinPlatformAgentDefault:SecureJarResource(cosmeticarmorreworked)]
[26Jul2026 05:21:19.563] [main/DEBUG] [mixin/]: Adding mixin platform agents for container SecureJarResource(explosiveenhancement)
[26Jul2026 05:21:19.564] [main/DEBUG] [mixin/]: Instancing new MixinPlatformAgentMinecraftForge for SecureJarResource(explosiveenhancement)
[26Jul2026 05:21:19.564] [main/DEBUG] [mixin/]: MixinPlatformAgentMinecraftForge rejected container SecureJarResource(explosiveenhancement)
[26Jul2026 05:21:19.564] [main/DEBUG] [mixin/]: Instancing new MixinPlatformAgentDefault for SecureJarResource(explosiveenhancement)
[26Jul2026 05:21:19.564] [main/DEBUG] [mixin/]: MixinPlatformAgentDefault accepted container SecureJarResource(explosiveenhancement)
[26Jul2026 05:21:19.564] [main/DEBUG] [mixin/]: Processing prepare() for PlatformAgent[MixinPlatformAgentDefault:SecureJarResource(explosiveenhancement)]
[26Jul2026 05:21:19.564] [main/DEBUG] [mixin/]: Registering mixin config: explosiveenhancement.mixins.json
[26Jul2026 05:21:19.566] [main/DEBUG] [mixin/]: Adding mixin platform agents for container SecureJarResource(healingcampfire)
[26Jul2026 05:21:19.566] [main/DEBUG] [mixin/]: Instancing new MixinPlatformAgentMinecraftForge for SecureJarResource(healingcampfire)
[26Jul2026 05:21:19.566] [main/DEBUG] [mixin/]: MixinPlatformAgentMinecraftForge rejected container SecureJarResource(healingcampfire)
[26Jul2026 05:21:19.566] [main/DEBUG] [mixin/]: Instancing new MixinPlatformAgentDefault for SecureJarResource(healingcampfire)
[26Jul2026 05:21:19.566] [main/DEBUG] [mixin/]: MixinPlatformAgentDefault accepted container SecureJarResource(healingcampfire)
[26Jul2026 05:21:19.566] [main/DEBUG] [mixin/]: Processing prepare() for PlatformAgent[MixinPlatformAgentDefault:SecureJarResource(healingcampfire)]
[26Jul2026 05:21:19.566] [main/DEBUG] [mixin/]: Registering mixin config: healingcampfire_forge.mixins.json
[26Jul2026 05:21:19.567] [main/DEBUG] [mixin/]: Adding mixin platform agents for container SecureJarResource(dedsafio3)
[26Jul2026 05:21:19.570] [main/DEBUG] [mixin/]: Instancing new MixinPlatformAgentMinecraftForge for SecureJarResource(dedsafio3)
[26Jul2026 05:21:19.570] [main/DEBUG] [mixin/]: MixinPlatformAgentMinecraftForge rejected container SecureJarResource(dedsafio3)
[26Jul2026 05:21:19.570] [main/DEBUG] [mixin/]: Instancing new MixinPlatformAgentDefault for SecureJarResource(dedsafio3)
[26Jul2026 05:21:19.570] [main/DEBUG] [mixin/]: MixinPlatformAgentDefault accepted container SecureJarResource(dedsafio3)
[26Jul2026 05:21:19.570] [main/DEBUG] [mixin/]: Processing prepare() for PlatformAgent[MixinPlatformAgentDefault:SecureJarResource(dedsafio3)]
[26Jul2026 05:21:19.570] [main/DEBUG] [mixin/]: Adding mixin platform agents for container SecureJarResource(cristellib)
[26Jul2026 05:21:19.570] [main/DEBUG] [mixin/]: Instancing new MixinPlatformAgentMinecraftForge for SecureJarResource(cristellib)
[26Jul2026 05:21:19.570] [main/DEBUG] [mixin/]: MixinPlatformAgentMinecraftForge rejected container SecureJarResource(cristellib)
[26Jul2026 05:21:19.570] [main/DEBUG] [mixin/]: Instancing new MixinPlatformAgentDefault for SecureJarResource(cristellib)
[26Jul2026 05:21:19.570] [main/DEBUG] [mixin/]: MixinPlatformAgentDefault accepted container SecureJarResource(cristellib)
[26Jul2026 05:21:19.570] [main/DEBUG] [mixin/]: Processing prepare() for PlatformAgent[MixinPlatformAgentDefault:SecureJarResource(cristellib)]
[26Jul2026 05:21:19.570] [main/DEBUG] [mixin/]: Registering mixin config: cristellib-common.mixins.json
[26Jul2026 05:21:19.574] [main/DEBUG] [mixin/]: Registering mixin config: cristellib.mixins.json
[26Jul2026 05:21:19.577] [main/DEBUG] [mixin/]: Adding mixin platform agents for container SecureJarResource(mclib)
[26Jul2026 05:21:19.579] [main/DEBUG] [mixin/]: Instancing new MixinPlatformAgentMinecraftForge for SecureJarResource(mclib)
[26Jul2026 05:21:19.579] [main/DEBUG] [mixin/]: MixinPlatformAgentMinecraftForge rejected container SecureJarResource(mclib)
[26Jul2026 05:21:19.579] [main/DEBUG] [mixin/]: Instancing new MixinPlatformAgentDefault for SecureJarResource(mclib)
[26Jul2026 05:21:19.579] [main/DEBUG] [mixin/]: MixinPlatformAgentDefault accepted container SecureJarResource(mclib)
[26Jul2026 05:21:19.579] [main/DEBUG] [mixin/]: Processing prepare() for PlatformAgent[MixinPlatformAgentDefault:SecureJarResource(mclib)]
[26Jul2026 05:21:19.579] [main/DEBUG] [mixin/]: Adding mixin platform agents for container SecureJarResource(org.quiltmc.parsers.json)
[26Jul2026 05:21:19.579] [main/DEBUG] [mixin/]: Instancing new MixinPlatformAgentMinecraftForge for SecureJarResource(org.quiltmc.parsers.json)
[26Jul2026 05:21:19.579] [main/DEBUG] [mixin/]: MixinPlatformAgentMinecraftForge rejected container SecureJarResource(org.quiltmc.parsers.json)
[26Jul2026 05:21:19.579] [main/DEBUG] [mixin/]: Instancing new MixinPlatformAgentDefault for SecureJarResource(org.quiltmc.parsers.json)
[26Jul2026 05:21:19.579] [main/DEBUG] [mixin/]: MixinPlatformAgentDefault accepted container SecureJarResource(org.quiltmc.parsers.json)
[26Jul2026 05:21:19.579] [main/DEBUG] [mixin/]: Processing prepare() for PlatformAgent[MixinPlatformAgentDefault:SecureJarResource(org.quiltmc.parsers.json)]
[26Jul2026 05:21:19.579] [main/DEBUG] [mixin/]: Adding mixin platform agents for container SecureJarResource(com.twelvemonkeys.imageio.webp)
[26Jul2026 05:21:19.580] [main/DEBUG] [mixin/]: Instancing new MixinPlatformAgentMinecraftForge for SecureJarResource(com.twelvemonkeys.imageio.webp)
[26Jul2026 05:21:19.580] [main/DEBUG] [mixin/]: MixinPlatformAgentMinecraftForge rejected container SecureJarResource(com.twelvemonkeys.imageio.webp)
[26Jul2026 05:21:19.580] [main/DEBUG] [mixin/]: Instancing new MixinPlatformAgentDefault for SecureJarResource(com.twelvemonkeys.imageio.webp)
[26Jul2026 05:21:19.580] [main/DEBUG] [mixin/]: MixinPlatformAgentDefault accepted container SecureJarResource(com.twelvemonkeys.imageio.webp)
[26Jul2026 05:21:19.580] [main/DEBUG] [mixin/]: Processing prepare() for PlatformAgent[MixinPlatformAgentDefault:SecureJarResource(com.twelvemonkeys.imageio.webp)]
[26Jul2026 05:21:19.580] [main/DEBUG] [mixin/]: Adding mixin platform agents for container SecureJarResource(mixinextras)
[26Jul2026 05:21:19.580] [main/DEBUG] [mixin/]: Instancing new MixinPlatformAgentMinecraftForge for SecureJarResource(mixinextras)
[26Jul2026 05:21:19.580] [main/DEBUG] [mixin/]: MixinPlatformAgentMinecraftForge rejected container SecureJarResource(mixinextras)
[26Jul2026 05:21:19.580] [main/DEBUG] [mixin/]: Instancing new MixinPlatformAgentDefault for SecureJarResource(mixinextras)
[26Jul2026 05:21:19.580] [main/DEBUG] [mixin/]: MixinPlatformAgentDefault accepted container SecureJarResource(mixinextras)
[26Jul2026 05:21:19.581] [main/DEBUG] [mixin/]: Processing prepare() for PlatformAgent[MixinPlatformAgentDefault:SecureJarResource(mixinextras)]
[26Jul2026 05:21:19.581] [main/DEBUG] [mixin/]: Registering mixin config: mixinextras.init.mixins.json
[26Jul2026 05:21:19.585] [main/DEBUG] [mixin/]: Adding mixin platform agents for container SecureJarResource(com.twelvemonkeys.common.lang)
[26Jul2026 05:21:19.586] [main/DEBUG] [mixin/]: Instancing new MixinPlatformAgentMinecraftForge for SecureJarResource(com.twelvemonkeys.common.lang)
[26Jul2026 05:21:19.586] [main/DEBUG] [mixin/]: MixinPlatformAgentMinecraftForge rejected container SecureJarResource(com.twelvemonkeys.common.lang)
[26Jul2026 05:21:19.587] [main/DEBUG] [mixin/]: Instancing new MixinPlatformAgentDefault for SecureJarResource(com.twelvemonkeys.common.lang)
[26Jul2026 05:21:19.587] [main/DEBUG] [mixin/]: MixinPlatformAgentDefault accepted container SecureJarResource(com.twelvemonkeys.common.lang)
[26Jul2026 05:21:19.587] [main/DEBUG] [mixin/]: Processing prepare() for PlatformAgent[MixinPlatformAgentDefault:SecureJarResource(com.twelvemonkeys.common.lang)]
[26Jul2026 05:21:19.587] [main/DEBUG] [mixin/]: Adding mixin platform agents for container SecureJarResource(com.twelvemonkeys.imageio.metadata)
[26Jul2026 05:21:19.587] [main/DEBUG] [mixin/]: Instancing new MixinPlatformAgentMinecraftForge for SecureJarResource(com.twelvemonkeys.imageio.metadata)
[26Jul2026 05:21:19.587] [main/DEBUG] [mixin/]: MixinPlatformAgentMinecraftForge rejected container SecureJarResource(com.twelvemonkeys.imageio.metadata)
[26Jul2026 05:21:19.587] [main/DEBUG] [mixin/]: Instancing new MixinPlatformAgentDefault for SecureJarResource(com.twelvemonkeys.imageio.metadata)
[26Jul2026 05:21:19.587] [main/DEBUG] [mixin/]: MixinPlatformAgentDefault accepted container SecureJarResource(com.twelvemonkeys.imageio.metadata)
[26Jul2026 05:21:19.587] [main/DEBUG] [mixin/]: Processing prepare() for PlatformAgent[MixinPlatformAgentDefault:SecureJarResource(com.twelvemonkeys.imageio.metadata)]
[26Jul2026 05:21:19.587] [main/DEBUG] [mixin/]: Adding mixin platform agents for container SecureJarResource(luaj.jse.figura)
[26Jul2026 05:21:19.587] [main/DEBUG] [mixin/]: Instancing new MixinPlatformAgentMinecraftForge for SecureJarResource(luaj.jse.figura)
[26Jul2026 05:21:19.587] [main/DEBUG] [mixin/]: MixinPlatformAgentMinecraftForge rejected container SecureJarResource(luaj.jse.figura)
[26Jul2026 05:21:19.587] [main/DEBUG] [mixin/]: Instancing new MixinPlatformAgentDefault for SecureJarResource(luaj.jse.figura)
[26Jul2026 05:21:19.588] [main/DEBUG] [mixin/]: MixinPlatformAgentDefault accepted container SecureJarResource(luaj.jse.figura)
[26Jul2026 05:21:19.588] [main/DEBUG] [mixin/]: Processing prepare() for PlatformAgent[MixinPlatformAgentDefault:SecureJarResource(luaj.jse.figura)]
[26Jul2026 05:21:19.588] [main/DEBUG] [mixin/]: Adding mixin platform agents for container SecureJarResource(yabn)
[26Jul2026 05:21:19.588] [main/DEBUG] [mixin/]: Instancing new MixinPlatformAgentMinecraftForge for SecureJarResource(yabn)
[26Jul2026 05:21:19.588] [main/DEBUG] [mixin/]: MixinPlatformAgentMinecraftForge rejected container SecureJarResource(yabn)
[26Jul2026 05:21:19.588] [main/DEBUG] [mixin/]: Instancing new MixinPlatformAgentDefault for SecureJarResource(yabn)
[26Jul2026 05:21:19.588] [main/DEBUG] [mixin/]: MixinPlatformAgentDefault accepted container SecureJarResource(yabn)
[26Jul2026 05:21:19.588] [main/DEBUG] [mixin/]: Processing prepare() for PlatformAgent[MixinPlatformAgentDefault:SecureJarResource(yabn)]
[26Jul2026 05:21:19.588] [main/DEBUG] [mixin/]: Adding mixin platform agents for container SecureJarResource(org.quiltmc.parsers.gson)
[26Jul2026 05:21:19.589] [main/DEBUG] [mixin/]: Instancing new MixinPlatformAgentMinecraftForge for SecureJarResource(org.quiltmc.parsers.gson)
[26Jul2026 05:21:19.589] [main/DEBUG] [mixin/]: MixinPlatformAgentMinecraftForge rejected container SecureJarResource(org.quiltmc.parsers.gson)
[26Jul2026 05:21:19.589] [main/DEBUG] [mixin/]: Instancing new MixinPlatformAgentDefault for SecureJarResource(org.quiltmc.parsers.gson)
[26Jul2026 05:21:19.589] [main/DEBUG] [mixin/]: MixinPlatformAgentDefault accepted container SecureJarResource(org.quiltmc.parsers.gson)
[26Jul2026 05:21:19.589] [main/DEBUG] [mixin/]: Processing prepare() for PlatformAgent[MixinPlatformAgentDefault:SecureJarResource(org.quiltmc.parsers.gson)]
[26Jul2026 05:21:19.589] [main/DEBUG] [mixin/]: Adding mixin platform agents for container SecureJarResource(luaj.core.figura)
[26Jul2026 05:21:19.589] [main/DEBUG] [mixin/]: Instancing new MixinPlatformAgentMinecraftForge for SecureJarResource(luaj.core.figura)
[26Jul2026 05:21:19.589] [main/DEBUG] [mixin/]: MixinPlatformAgentMinecraftForge rejected container SecureJarResource(luaj.core.figura)
[26Jul2026 05:21:19.589] [main/DEBUG] [mixin/]: Instancing new MixinPlatformAgentDefault for SecureJarResource(luaj.core.figura)
[26Jul2026 05:21:19.589] [main/DEBUG] [mixin/]: MixinPlatformAgentDefault accepted container SecureJarResource(luaj.core.figura)
[26Jul2026 05:21:19.589] [main/DEBUG] [mixin/]: Processing prepare() for PlatformAgent[MixinPlatformAgentDefault:SecureJarResource(luaj.core.figura)]
[26Jul2026 05:21:19.589] [main/DEBUG] [mixin/]: Adding mixin platform agents for container SecureJarResource(bytecodecs)
[26Jul2026 05:21:19.589] [main/DEBUG] [mixin/]: Instancing new MixinPlatformAgentMinecraftForge for SecureJarResource(bytecodecs)
[26Jul2026 05:21:19.589] [main/DEBUG] [mixin/]: MixinPlatformAgentMinecraftForge rejected container SecureJarResource(bytecodecs)
[26Jul2026 05:21:19.589] [main/DEBUG] [mixin/]: Instancing new MixinPlatformAgentDefault for SecureJarResource(bytecodecs)
[26Jul2026 05:21:19.589] [main/DEBUG] [mixin/]: MixinPlatformAgentDefault accepted container SecureJarResource(bytecodecs)
[26Jul2026 05:21:19.589] [main/DEBUG] [mixin/]: Processing prepare() for PlatformAgent[MixinPlatformAgentDefault:SecureJarResource(bytecodecs)]
[26Jul2026 05:21:19.589] [main/DEBUG] [mixin/]: Adding mixin platform agents for container SecureJarResource(jankson)
[26Jul2026 05:21:19.589] [main/DEBUG] [mixin/]: Instancing new MixinPlatformAgentMinecraftForge for SecureJarResource(jankson)
[26Jul2026 05:21:19.589] [main/DEBUG] [mixin/]: MixinPlatformAgentMinecraftForge rejected container SecureJarResource(jankson)
[26Jul2026 05:21:19.589] [main/DEBUG] [mixin/]: Instancing new MixinPlatformAgentDefault for SecureJarResource(jankson)
[26Jul2026 05:21:19.589] [main/DEBUG] [mixin/]: MixinPlatformAgentDefault accepted container SecureJarResource(jankson)
[26Jul2026 05:21:19.589] [main/DEBUG] [mixin/]: Processing prepare() for PlatformAgent[MixinPlatformAgentDefault:SecureJarResource(jankson)]
[26Jul2026 05:21:19.589] [main/DEBUG] [mixin/]: Adding mixin platform agents for container SecureJarResource(com.twelvemonkeys.common.image)
[26Jul2026 05:21:19.589] [main/DEBUG] [mixin/]: Instancing new MixinPlatformAgentMinecraftForge for SecureJarResource(com.twelvemonkeys.common.image)
[26Jul2026 05:21:19.589] [main/DEBUG] [mixin/]: MixinPlatformAgentMinecraftForge rejected container SecureJarResource(com.twelvemonkeys.common.image)
[26Jul2026 05:21:19.589] [main/DEBUG] [mixin/]: Instancing new MixinPlatformAgentDefault for SecureJarResource(com.twelvemonkeys.common.image)
[26Jul2026 05:21:19.589] [main/DEBUG] [mixin/]: MixinPlatformAgentDefault accepted container SecureJarResource(com.twelvemonkeys.common.image)
[26Jul2026 05:21:19.589] [main/DEBUG] [mixin/]: Processing prepare() for PlatformAgent[MixinPlatformAgentDefault:SecureJarResource(com.twelvemonkeys.common.image)]
[26Jul2026 05:21:19.589] [main/DEBUG] [mixin/]: Adding mixin platform agents for container SecureJarResource(com.twelvemonkeys.imageio.core)
[26Jul2026 05:21:19.589] [main/DEBUG] [mixin/]: Instancing new MixinPlatformAgentMinecraftForge for SecureJarResource(com.twelvemonkeys.imageio.core)
[26Jul2026 05:21:19.589] [main/DEBUG] [mixin/]: MixinPlatformAgentMinecraftForge rejected container SecureJarResource(com.twelvemonkeys.imageio.core)
[26Jul2026 05:21:19.589] [main/DEBUG] [mixin/]: Instancing new MixinPlatformAgentDefault for SecureJarResource(com.twelvemonkeys.imageio.core)
[26Jul2026 05:21:19.589] [main/DEBUG] [mixin/]: MixinPlatformAgentDefault accepted container SecureJarResource(com.twelvemonkeys.imageio.core)
[26Jul2026 05:21:19.589] [main/DEBUG] [mixin/]: Processing prepare() for PlatformAgent[MixinPlatformAgentDefault:SecureJarResource(com.twelvemonkeys.imageio.core)]
[26Jul2026 05:21:19.589] [main/DEBUG] [mixin/]: Adding mixin platform agents for container SecureJarResource(thedarkcolour.kotlinforforge.kfflib)
[26Jul2026 05:21:19.589] [main/DEBUG] [mixin/]: Instancing new MixinPlatformAgentMinecraftForge for SecureJarResource(thedarkcolour.kotlinforforge.kfflib)
[26Jul2026 05:21:19.589] [main/DEBUG] [mixin/]: MixinPlatformAgentMinecraftForge rejected container SecureJarResource(thedarkcolour.kotlinforforge.kfflib)
[26Jul2026 05:21:19.589] [main/DEBUG] [mixin/]: Instancing new MixinPlatformAgentDefault for SecureJarResource(thedarkcolour.kotlinforforge.kfflib)
[26Jul2026 05:21:19.589] [main/DEBUG] [mixin/]: MixinPlatformAgentDefault accepted container SecureJarResource(thedarkcolour.kotlinforforge.kfflib)
[26Jul2026 05:21:19.589] [main/DEBUG] [mixin/]: Processing prepare() for PlatformAgent[MixinPlatformAgentDefault:SecureJarResource(thedarkcolour.kotlinforforge.kfflib)]
[26Jul2026 05:21:19.589] [main/DEBUG] [mixin/]: Adding mixin platform agents for container SecureJarResource(com.twelvemonkeys.common.io)
[26Jul2026 05:21:19.589] [main/DEBUG] [mixin/]: Instancing new MixinPlatformAgentMinecraftForge for SecureJarResource(com.twelvemonkeys.common.io)
[26Jul2026 05:21:19.589] [main/DEBUG] [mixin/]: MixinPlatformAgentMinecraftForge rejected container SecureJarResource(com.twelvemonkeys.common.io)
[26Jul2026 05:21:19.589] [main/DEBUG] [mixin/]: Instancing new MixinPlatformAgentDefault for SecureJarResource(com.twelvemonkeys.common.io)
[26Jul2026 05:21:19.589] [main/DEBUG] [mixin/]: MixinPlatformAgentDefault accepted container SecureJarResource(com.twelvemonkeys.common.io)
[26Jul2026 05:21:19.589] [main/DEBUG] [mixin/]: Processing prepare() for PlatformAgent[MixinPlatformAgentDefault:SecureJarResource(com.twelvemonkeys.common.io)]
[26Jul2026 05:21:19.589] [main/DEBUG] [mixin/]: Adding mixin platform agents for container SecureJarResource(MixinExtras)
[26Jul2026 05:21:19.589] [main/DEBUG] [mixin/]: Instancing new MixinPlatformAgentMinecraftForge for SecureJarResource(MixinExtras)
[26Jul2026 05:21:19.589] [main/DEBUG] [mixin/]: MixinPlatformAgentMinecraftForge rejected container SecureJarResource(MixinExtras)
[26Jul2026 05:21:19.592] [main/DEBUG] [mixin/]: Instancing new MixinPlatformAgentDefault for SecureJarResource(MixinExtras)
[26Jul2026 05:21:19.592] [main/DEBUG] [mixin/]: MixinPlatformAgentDefault accepted container SecureJarResource(MixinExtras)
[26Jul2026 05:21:19.593] [main/DEBUG] [mixin/]: Processing prepare() for PlatformAgent[MixinPlatformAgentDefault:SecureJarResource(MixinExtras)]
[26Jul2026 05:21:19.593] [main/DEBUG] [mixin/]: inject() running with 117 agents
[26Jul2026 05:21:19.594] [main/DEBUG] [mixin/]: Processing inject() for PlatformAgent[MixinPlatformAgentDefault:ModLauncher Root Container(ModLauncher:4f56a0a2)]
[26Jul2026 05:21:19.594] [main/DEBUG] [mixin/]: Processing inject() for PlatformAgent[MixinPlatformAgentDefault:SecureJarResource(easy_npc)]
[26Jul2026 05:21:19.594] [main/DEBUG] [mixin/]: Processing inject() for PlatformAgent[MixinPlatformAgentDefault:SecureJarResource(easyanvils)]
[26Jul2026 05:21:19.594] [main/DEBUG] [mixin/]: Processing inject() for PlatformAgent[MixinPlatformAgentDefault:SecureJarResource(supermartijn642configlib)]
[26Jul2026 05:21:19.594] [main/DEBUG] [mixin/]: Processing inject() for PlatformAgent[MixinPlatformAgentDefault:SecureJarResource(netherexp)]
[26Jul2026 05:21:19.594] [main/DEBUG] [mixin/]: Processing inject() for PlatformAgent[MixinPlatformAgentDefault:SecureJarResource(geckolib)]
[26Jul2026 05:21:19.594] [main/DEBUG] [mixin/]: Processing inject() for PlatformAgent[MixinPlatformAgentDefault:SecureJarResource(playeranimator)]
[26Jul2026 05:21:19.594] [main/DEBUG] [mixin/]: Processing inject() for PlatformAgent[MixinPlatformAgentDefault:SecureJarResource(naturalist)]
[26Jul2026 05:21:19.594] [main/DEBUG] [mixin/]: Processing inject() for PlatformAgent[MixinPlatformAgentDefault:SecureJarResource(incontrol)]
[26Jul2026 05:21:19.594] [main/DEBUG] [mixin/]: Processing inject() for PlatformAgent[MixinPlatformAgentDefault:SecureJarResource(connectivity)]
[26Jul2026 05:21:19.594] [main/DEBUG] [mixin/]: Processing inject() for PlatformAgent[MixinPlatformAgentDefault:SecureJarResource(placebo)]
[26Jul2026 05:21:19.594] [main/DEBUG] [mixin/]: Processing inject() for PlatformAgent[MixinPlatformAgentDefault:SecureJarResource(modernfix)]
[26Jul2026 05:21:19.594] [main/DEBUG] [mixin/]: Processing inject() for PlatformAgent[MixinPlatformAgentDefault:SecureJarResource(luminoustag)]
[26Jul2026 05:21:19.595] [main/DEBUG] [mixin/]: Processing inject() for PlatformAgent[MixinPlatformAgentDefault:SecureJarResource(citadel)]
[26Jul2026 05:21:19.595] [main/DEBUG] [mixin/]: Processing inject() for PlatformAgent[MixinPlatformAgentDefault:SecureJarResource(yungsapi)]
[26Jul2026 05:21:19.595] [main/DEBUG] [mixin/]: Processing inject() for PlatformAgent[MixinPlatformAgentDefault:SecureJarResource(bookshelf)]
[26Jul2026 05:21:19.595] [main/DEBUG] [mixin/]: Processing inject() for PlatformAgent[MixinPlatformAgentDefault:SecureJarResource(raidsenhanced)]
[26Jul2026 05:21:19.595] [main/DEBUG] [mixin/]: Processing inject() for PlatformAgent[MixinPlatformAgentDefault:SecureJarResource(cloth_config)]
[26Jul2026 05:21:19.595] [main/DEBUG] [mixin/]: Processing inject() for PlatformAgent[MixinPlatformAgentDefault:SecureJarResource(konkrete)]
[26Jul2026 05:21:19.595] [main/DEBUG] [mixin/]: Processing inject() for PlatformAgent[MixinPlatformAgentDefault:SecureJarResource(justlevelingfork)]
[26Jul2026 05:21:19.596] [main/DEBUG] [mixin/]: Processing inject() for PlatformAgent[MixinPlatformAgentDefault:SecureJarResource(farmersdelight)]
[26Jul2026 05:21:19.596] [main/DEBUG] [mixin/]: Processing inject() for PlatformAgent[MixinPlatformAgentDefault:SecureJarResource(copperagebackport)]
[26Jul2026 05:21:19.596] [main/DEBUG] [mixin/]: Processing inject() for PlatformAgent[MixinPlatformAgentDefault:SecureJarResource(handcrafted)]
[26Jul2026 05:21:19.596] [main/DEBUG] [mixin/]: Processing inject() for PlatformAgent[MixinPlatformAgentDefault:SecureJarResource(endersdelight)]
[26Jul2026 05:21:19.596] [main/DEBUG] [mixin/]: Processing inject() for PlatformAgent[MixinPlatformAgentDefault:SecureJarResource(jupiter)]
[26Jul2026 05:21:19.596] [main/DEBUG] [mixin/]: Processing inject() for PlatformAgent[MixinPlatformAgentDefault:SecureJarResource(supermartijn642corelib)]
[26Jul2026 05:21:19.596] [main/DEBUG] [mixin/]: Processing inject() for PlatformAgent[MixinPlatformAgentDefault:SecureJarResource(resourcefulconfig)]
[26Jul2026 05:21:19.596] [main/DEBUG] [mixin/]: Processing inject() for PlatformAgent[MixinPlatformAgentDefault:SecureJarResource(lionfishapi)]
[26Jul2026 05:21:19.596] [main/DEBUG] [mixin/]: Processing inject() for PlatformAgent[MixinPlatformAgentDefault:SecureJarResource(cataclysm)]
[26Jul2026 05:21:19.596] [main/DEBUG] [mixin/]: Processing inject() for PlatformAgent[MixinPlatformAgentDefault:SecureJarResource(curios)]
[26Jul2026 05:21:19.596] [main/DEBUG] [mixin/]: Processing inject() for PlatformAgent[MixinPlatformAgentDefault:SecureJarResource(collective)]
[26Jul2026 05:21:19.596] [main/DEBUG] [mixin/]: Processing inject() for PlatformAgent[MixinPlatformAgentDefault:SecureJarResource(cerbons_api)]
[26Jul2026 05:21:19.596] [main/DEBUG] [mixin/]: Processing inject() for PlatformAgent[MixinPlatformAgentDefault:SecureJarResource(betterstrongholds)]
[26Jul2026 05:21:19.596] [main/DEBUG] [mixin/]: Processing inject() for PlatformAgent[MixinPlatformAgentDefault:SecureJarResource(resourcefullib)]
[26Jul2026 05:21:19.596] [main/DEBUG] [mixin/]: Processing inject() for PlatformAgent[MixinPlatformAgentDefault:SecureJarResource(onlylooking)]
[26Jul2026 05:21:19.596] [main/DEBUG] [mixin/]: Processing inject() for PlatformAgent[MixinPlatformAgentDefault:SecureJarResource(architectury)]
[26Jul2026 05:21:19.596] [main/DEBUG] [mixin/]: Processing inject() for PlatformAgent[MixinPlatformAgentDefault:SecureJarResource(mr_limesplatus_ending)]
[26Jul2026 05:21:19.596] [main/DEBUG] [mixin/]: Processing inject() for PlatformAgent[MixinPlatformAgentDefault:SecureJarResource(aiimprovements)]
[26Jul2026 05:21:19.596] [main/DEBUG] [mixin/]: Processing inject() for PlatformAgent[MixinPlatformAgentDefault:SecureJarResource(cupboard)]
[26Jul2026 05:21:19.596] [main/DEBUG] [mixin/]: Processing inject() for PlatformAgent[MixinPlatformAgentDefault:SecureJarResource(refurbished_furniture)]
[26Jul2026 05:21:19.596] [main/DEBUG] [mixin/]: Processing inject() for PlatformAgent[MixinPlatformAgentDefault:SecureJarResource(easy_npc_config_ui)]
[26Jul2026 05:21:19.596] [main/DEBUG] [mixin/]: Processing inject() for PlatformAgent[MixinPlatformAgentDefault:SecureJarResource(betterendisland)]
[26Jul2026 05:21:19.596] [main/DEBUG] [mixin/]: Processing inject() for PlatformAgent[MixinPlatformAgentDefault:SecureJarResource(moogs_structures)]
[26Jul2026 05:21:19.597] [main/DEBUG] [mixin/]: Processing inject() for PlatformAgent[MixinPlatformAgentDefault:SecureJarResource(framework)]
[26Jul2026 05:21:19.597] [main/DEBUG] [mixin/]: Processing inject() for PlatformAgent[MixinPlatformAgentDefault:SecureJarResource(trials)]
[26Jul2026 05:21:19.597] [main/DEBUG] [mixin/]: Processing inject() for PlatformAgent[MixinPlatformAgentDefault:SecureJarResource(easyshulkerboxes)]
[26Jul2026 05:21:19.597] [main/DEBUG] [mixin/]: Processing inject() for PlatformAgent[MixinPlatformAgentDefault:SecureJarResource(puzzlesapi)]
[26Jul2026 05:21:19.597] [main/DEBUG] [mixin/]: Processing inject() for PlatformAgent[MixinPlatformAgentDefault:SecureJarResource(ftblibrary)]
[26Jul2026 05:21:19.597] [main/DEBUG] [mixin/]: Processing inject() for PlatformAgent[MixinPlatformAgentDefault:SecureJarResource(ftbteams)]
[26Jul2026 05:21:19.597] [main/DEBUG] [mixin/]: Processing inject() for PlatformAgent[MixinPlatformAgentDefault:SecureJarResource(mutantmonsters)]
[26Jul2026 05:21:19.597] [main/DEBUG] [mixin/]: Processing inject() for PlatformAgent[MixinPlatformAgentDefault:SecureJarResource(formationsnether)]
[26Jul2026 05:21:19.597] [main/DEBUG] [mixin/]: Processing inject() for PlatformAgent[MixinPlatformAgentDefault:SecureJarResource(elysium_api)]
[26Jul2026 05:21:19.597] [main/DEBUG] [mixin/]: Processing inject() for PlatformAgent[MixinPlatformAgentDefault:SecureJarResource(easymagic)]
[26Jul2026 05:21:19.597] [main/DEBUG] [mixin/]: Processing inject() for PlatformAgent[MixinPlatformAgentDefault:SecureJarResource(jei)]
[26Jul2026 05:21:19.598] [main/DEBUG] [mixin/]: Processing inject() for PlatformAgent[MixinPlatformAgentDefault:SecureJarResource(deltaboxlib)]
[26Jul2026 05:21:19.598] [main/DEBUG] [mixin/]: Processing inject() for PlatformAgent[MixinPlatformAgentDefault:SecureJarResource(fragmentum)]
[26Jul2026 05:21:19.598] [main/DEBUG] [mixin/]: Processing inject() for PlatformAgent[MixinPlatformAgentDefault:SecureJarResource(fastsuite)]
[26Jul2026 05:21:19.602] [main/DEBUG] [mixin/]: Processing inject() for PlatformAgent[MixinPlatformAgentDefault:SecureJarResource(fastasyncworldsave)]
[26Jul2026 05:21:19.602] [main/DEBUG] [mixin/]: Processing inject() for PlatformAgent[MixinPlatformAgentDefault:SecureJarResource(alternate_current)]
[26Jul2026 05:21:19.602] [main/DEBUG] [mixin/]: Processing inject() for PlatformAgent[MixinPlatformAgentDefault:SecureJarResource(icterine)]
[26Jul2026 05:21:19.602] [main/DEBUG] [mixin/]: Processing inject() for PlatformAgent[MixinPlatformAgentDefault:SecureJarResource(better_totem_of_undying)]
[26Jul2026 05:21:19.602] [main/DEBUG] [mixin/]: Processing inject() for PlatformAgent[MixinPlatformAgentDefault:SecureJarResource(midnightlib)]
[26Jul2026 05:21:19.602] [main/DEBUG] [mixin/]: Processing inject() for PlatformAgent[MixinPlatformAgentDefault:SecureJarResource(formations)]
[26Jul2026 05:21:19.602] [main/DEBUG] [mixin/]: Processing inject() for PlatformAgent[MixinPlatformAgentDefault:SecureJarResource(puzzlesaccessapi)]
[26Jul2026 05:21:19.602] [main/DEBUG] [mixin/]: Processing inject() for PlatformAgent[MixinPlatformAgentDefault:SecureJarResource(forge)]
[26Jul2026 05:21:19.602] [main/DEBUG] [mixin/]: Processing inject() for PlatformAgent[MixinPlatformAgentDefault:SecureJarResource(luminousworld)]
[26Jul2026 05:21:19.602] [main/DEBUG] [mixin/]: Processing inject() for PlatformAgent[MixinPlatformAgentDefault:SecureJarResource(friendsandfoes)]
[26Jul2026 05:21:19.602] [main/DEBUG] [mixin/]: Processing inject() for PlatformAgent[MixinPlatformAgentDefault:SecureJarResource(minecraft)]
[26Jul2026 05:21:19.602] [main/DEBUG] [mixin/]: Processing inject() for PlatformAgent[MixinPlatformAgentDefault:SecureJarResource(luminous_nether)]
[26Jul2026 05:21:19.602] [main/DEBUG] [mixin/]: Processing inject() for PlatformAgent[MixinPlatformAgentDefault:SecureJarResource(alexscaves)]
[26Jul2026 05:21:19.602] [main/DEBUG] [mixin/]: Processing inject() for PlatformAgent[MixinPlatformAgentDefault:SecureJarResource(tact)]
[26Jul2026 05:21:19.602] [main/DEBUG] [mixin/]: Processing inject() for PlatformAgent[MixinPlatformAgentDefault:SecureJarResource(terrablender)]
[26Jul2026 05:21:19.602] [main/DEBUG] [mixin/]: Processing inject() for PlatformAgent[MixinPlatformAgentDefault:SecureJarResource(moonlight)]
[26Jul2026 05:21:19.602] [main/DEBUG] [mixin/]: Processing inject() for PlatformAgent[MixinPlatformAgentDefault:SecureJarResource(endermanoverhaul)]
[26Jul2026 05:21:19.602] [main/DEBUG] [mixin/]: Processing inject() for PlatformAgent[MixinPlatformAgentDefault:SecureJarResource(ftbquests)]
[26Jul2026 05:21:19.602] [main/DEBUG] [mixin/]: Processing inject() for PlatformAgent[MixinPlatformAgentDefault:SecureJarResource(musicbox)]
[26Jul2026 05:21:19.602] [main/DEBUG] [mixin/]: Processing inject() for PlatformAgent[MixinPlatformAgentDefault:SecureJarResource(mofus_better_end_)]
[26Jul2026 05:21:19.602] [main/DEBUG] [mixin/]: Processing inject() for PlatformAgent[MixinPlatformAgentDefault:SecureJarResource(fdlib)]
[26Jul2026 05:21:19.602] [main/DEBUG] [mixin/]: Processing inject() for PlatformAgent[MixinPlatformAgentDefault:SecureJarResource(creativecore)]
[26Jul2026 05:21:19.602] [main/DEBUG] [mixin/]: Processing inject() for PlatformAgent[MixinPlatformAgentDefault:SecureJarResource(platform)]
[26Jul2026 05:21:19.602] [main/DEBUG] [mixin/]: Processing inject() for PlatformAgent[MixinPlatformAgentDefault:SecureJarResource(movingelevators)]
[26Jul2026 05:21:19.602] [main/DEBUG] [mixin/]: Processing inject() for PlatformAgent[MixinPlatformAgentDefault:SecureJarResource(easy_npc_bundle)]
[26Jul2026 05:21:19.602] [main/DEBUG] [mixin/]: Processing inject() for PlatformAgent[MixinPlatformAgentDefault:SecureJarResource(kotlinforforge)]
[26Jul2026 05:21:19.603] [main/DEBUG] [mixin/]: Processing inject() for PlatformAgent[MixinPlatformAgentDefault:SecureJarResource(iceberg)]
[26Jul2026 05:21:19.603] [main/DEBUG] [mixin/]: Processing inject() for PlatformAgent[MixinPlatformAgentDefault:SecureJarResource(lunar)]
[26Jul2026 05:21:19.603] [main/DEBUG] [mixin/]: Processing inject() for PlatformAgent[MixinPlatformAgentDefault:SecureJarResource(securitycraft)]
[26Jul2026 05:21:19.603] [main/DEBUG] [mixin/]: Processing inject() for PlatformAgent[MixinPlatformAgentDefault:SecureJarResource(bettertridents)]
[26Jul2026 05:21:19.603] [main/DEBUG] [mixin/]: Processing inject() for PlatformAgent[MixinPlatformAgentDefault:SecureJarResource(mvs)]
[26Jul2026 05:21:19.604] [main/DEBUG] [mixin/]: Processing inject() for PlatformAgent[MixinPlatformAgentDefault:SecureJarResource(creeperoverhaul)]
[26Jul2026 05:21:19.604] [main/DEBUG] [mixin/]: Processing inject() for PlatformAgent[MixinPlatformAgentDefault:SecureJarResource(lootr)]
[26Jul2026 05:21:19.604] [main/DEBUG] [mixin/]: Processing inject() for PlatformAgent[MixinPlatformAgentDefault:SecureJarResource(ferritecore)]
[26Jul2026 05:21:19.604] [main/DEBUG] [mixin/]: Processing inject() for PlatformAgent[MixinPlatformAgentDefault:SecureJarResource(yet_another_config_lib_v3)]
[26Jul2026 05:21:19.604] [main/DEBUG] [mixin/]: Processing inject() for PlatformAgent[MixinPlatformAgentDefault:SecureJarResource(puzzleslib)]
[26Jul2026 05:21:19.605] [main/DEBUG] [mixin/]: Processing inject() for PlatformAgent[MixinPlatformAgentDefault:SecureJarResource(deep_dark_regrowth)]
[26Jul2026 05:21:19.605] [main/DEBUG] [mixin/]: Processing inject() for PlatformAgent[MixinPlatformAgentDefault:SecureJarResource(cold_sweat)]
[26Jul2026 05:21:19.605] [main/DEBUG] [mixin/]: Processing inject() for PlatformAgent[MixinPlatformAgentDefault:SecureJarResource(cosmeticarmorreworked)]
[26Jul2026 05:21:19.605] [main/DEBUG] [mixin/]: Processing inject() for PlatformAgent[MixinPlatformAgentDefault:SecureJarResource(explosiveenhancement)]
[26Jul2026 05:21:19.605] [main/DEBUG] [mixin/]: Processing inject() for PlatformAgent[MixinPlatformAgentDefault:SecureJarResource(healingcampfire)]
[26Jul2026 05:21:19.605] [main/DEBUG] [mixin/]: Processing inject() for PlatformAgent[MixinPlatformAgentDefault:SecureJarResource(dedsafio3)]
[26Jul2026 05:21:19.605] [main/DEBUG] [mixin/]: Processing inject() for PlatformAgent[MixinPlatformAgentDefault:SecureJarResource(cristellib)]
[26Jul2026 05:21:19.605] [main/DEBUG] [mixin/]: Processing inject() for PlatformAgent[MixinPlatformAgentDefault:SecureJarResource(mclib)]
[26Jul2026 05:21:19.606] [main/DEBUG] [mixin/]: Processing inject() for PlatformAgent[MixinPlatformAgentDefault:SecureJarResource(org.quiltmc.parsers.json)]
[26Jul2026 05:21:19.606] [main/DEBUG] [mixin/]: Processing inject() for PlatformAgent[MixinPlatformAgentDefault:SecureJarResource(com.twelvemonkeys.imageio.webp)]
[26Jul2026 05:21:19.606] [main/DEBUG] [mixin/]: Processing inject() for PlatformAgent[MixinPlatformAgentDefault:SecureJarResource(mixinextras)]
[26Jul2026 05:21:19.606] [main/DEBUG] [mixin/]: Processing inject() for PlatformAgent[MixinPlatformAgentDefault:SecureJarResource(com.twelvemonkeys.common.lang)]
[26Jul2026 05:21:19.606] [main/DEBUG] [mixin/]: Processing inject() for PlatformAgent[MixinPlatformAgentDefault:SecureJarResource(com.twelvemonkeys.imageio.metadata)]
[26Jul2026 05:21:19.606] [main/DEBUG] [mixin/]: Processing inject() for PlatformAgent[MixinPlatformAgentDefault:SecureJarResource(luaj.jse.figura)]
[26Jul2026 05:21:19.606] [main/DEBUG] [mixin/]: Processing inject() for PlatformAgent[MixinPlatformAgentDefault:SecureJarResource(yabn)]
[26Jul2026 05:21:19.606] [main/DEBUG] [mixin/]: Processing inject() for PlatformAgent[MixinPlatformAgentDefault:SecureJarResource(org.quiltmc.parsers.gson)]
[26Jul2026 05:21:19.606] [main/DEBUG] [mixin/]: Processing inject() for PlatformAgent[MixinPlatformAgentDefault:SecureJarResource(luaj.core.figura)]
[26Jul2026 05:21:19.606] [main/DEBUG] [mixin/]: Processing inject() for PlatformAgent[MixinPlatformAgentDefault:SecureJarResource(bytecodecs)]
[26Jul2026 05:21:19.606] [main/DEBUG] [mixin/]: Processing inject() for PlatformAgent[MixinPlatformAgentDefault:SecureJarResource(jankson)]
[26Jul2026 05:21:19.606] [main/DEBUG] [mixin/]: Processing inject() for PlatformAgent[MixinPlatformAgentDefault:SecureJarResource(com.twelvemonkeys.common.image)]
[26Jul2026 05:21:19.606] [main/DEBUG] [mixin/]: Processing inject() for PlatformAgent[MixinPlatformAgentDefault:SecureJarResource(com.twelvemonkeys.imageio.core)]
[26Jul2026 05:21:19.606] [main/DEBUG] [mixin/]: Processing inject() for PlatformAgent[MixinPlatformAgentDefault:SecureJarResource(thedarkcolour.kotlinforforge.kfflib)]
[26Jul2026 05:21:19.606] [main/DEBUG] [mixin/]: Processing inject() for PlatformAgent[MixinPlatformAgentDefault:SecureJarResource(com.twelvemonkeys.common.io)]
[26Jul2026 05:21:19.606] [main/DEBUG] [mixin/]: Processing inject() for PlatformAgent[MixinPlatformAgentDefault:SecureJarResource(MixinExtras)]
[26Jul2026 05:21:19.608] [main/INFO] [cpw.mods.modlauncher.LaunchServiceHandler/MODLAUNCHER]: Launching target 'forgeserver' with arguments [nogui]
[26Jul2026 05:21:19.814] [main/DEBUG] [mixin/]: Error cleaning class output directory: .mixin.out
[26Jul2026 05:21:19.826] [main/DEBUG] [mixin/]: Preparing mixins for MixinEnvironment[DEFAULT]
[26Jul2026 05:21:19.836] [main/DEBUG] [mixin/]: Selecting config easy_npc.forge.mixins.json
[26Jul2026 05:21:19.889] [main/DEBUG] [mixin/]: Selecting config easyanvils.common.mixins.json
[26Jul2026 05:21:19.947] [main/DEBUG] [mixin/]: Selecting config easyanvils.forge.mixins.json
[26Jul2026 05:21:19.959] [main/DEBUG] [mixin/]: Selecting config mixins.netherexp.json
[26Jul2026 05:21:19.998] [main/DEBUG] [mixin/]: Selecting config geckolib.mixins.json
[26Jul2026 05:21:20.011] [main/DEBUG] [mixin/]: Selecting config playerAnimator-common.mixins.json
[26Jul2026 05:21:20.037] [main/DEBUG] [mixin/]: Selecting config naturalist-common.mixins.json
[26Jul2026 05:21:20.063] [main/DEBUG] [mixin/]: Selecting config naturalist.mixins.json
[26Jul2026 05:21:20.078] [main/DEBUG] [mixin/]: Selecting config connectivity.mixins.json
[26Jul2026 05:21:20.121] [main/DEBUG] [mixin/]: Selecting config placebo.mixins.json
[26Jul2026 05:21:20.135] [main/DEBUG] [mixin/]: Selecting config modernfix-common.mixins.json
[26Jul2026 05:21:20.710] [main/INFO] [ModernFix/]: Loaded configuration file for ModernFix 5.25.1+mc1.20.1: 98 options available, 0 override(s) found
[26Jul2026 05:21:20.711] [main/INFO] [ModernFix/]: Applying Nashorn fix
[26Jul2026 05:21:20.764] [main/INFO] [ModernFix/]: Applied Forge config corruption patch
[26Jul2026 05:21:20.793] [main/DEBUG] [mixin/]: Selecting config modernfix-forge.mixins.json
[26Jul2026 05:21:20.801] [main/DEBUG] [mixin/]: Selecting config citadel.mixins.json
[26Jul2026 05:21:20.805] [main/DEBUG] [mixin/]: Selecting config yungsapi.mixins.json
[26Jul2026 05:21:20.812] [main/DEBUG] [mixin/]: Selecting config yungsapi_forge.mixins.json
[26Jul2026 05:21:20.818] [main/DEBUG] [mixin/]: Selecting config bookshelf.common.mixins.json
[26Jul2026 05:21:20.822] [main/DEBUG] [mixin/]: Selecting config bookshelf.forge.mixins.json
[26Jul2026 05:21:20.830] [main/DEBUG] [mixin/]: Selecting config raidsenhanced.mixins.json
[26Jul2026 05:21:20.834] [main/DEBUG] [mixin/]: Selecting config konkrete.mixin.json
[26Jul2026 05:21:20.839] [main/DEBUG] [mixin/]: Selecting config justlevelingfork.mixins.json
[26Jul2026 05:21:20.844] [main/DEBUG] [mixin/]: Selecting config farmersdelight.mixins.json
[26Jul2026 05:21:20.849] [main/DEBUG] [mixin/]: Selecting config copperagebackport.forge.mixins.json
[26Jul2026 05:21:20.856] [main/DEBUG] [mixin/]: Selecting config handcrafted-common.mixins.json
[26Jul2026 05:21:20.871] [main/DEBUG] [mixin/]: Selecting config handcrafted.mixins.json
[26Jul2026 05:21:20.892] [main/WARN] [mixin/]: Reference map 'handcrafted-forge-1.20.1-forge-refmap.json' for handcrafted.mixins.json could not be read. If this is a development environment you can ignore this message
[26Jul2026 05:21:20.908] [main/DEBUG] [mixin/]: Selecting config supermartijn642corelib.mixins.json
[26Jul2026 05:21:20.924] [main/DEBUG] [mixin/]: Selecting config lionfishapi.mixins.json
[26Jul2026 05:21:20.936] [main/DEBUG] [mixin/]: Selecting config cataclysm.mixins.json
[26Jul2026 05:21:20.964] [main/DEBUG] [mixin/]: Selecting config curios.mixins.json
[26Jul2026 05:21:20.983] [main/DEBUG] [mixin/]: Selecting config collective_forge.mixins.json
[26Jul2026 05:21:21.001] [main/DEBUG] [mixin/]: Selecting config cerbons_api.mixins.json
[26Jul2026 05:21:21.016] [main/WARN] [mixin/]: Reference map 'CerbonsAPI-Forge-1.20.1-forge-refmap.json' for cerbons_api.mixins.json could not be read. If this is a development environment you can ignore this message
[26Jul2026 05:21:21.017] [main/DEBUG] [mixin/]: Selecting config cerbons_api-common.mixins.json
[26Jul2026 05:21:21.025] [main/DEBUG] [mixin/]: Selecting config betterstrongholds.mixins.json
[26Jul2026 05:21:21.028] [main/DEBUG] [mixin/]: Selecting config betterstrongholds_forge.mixins.json
[26Jul2026 05:21:21.035] [main/DEBUG] [mixin/]: Selecting config onlylooking.mixins.json
[26Jul2026 05:21:21.039] [main/DEBUG] [mixin/]: Selecting config architectury.mixins.json
[26Jul2026 05:21:21.053] [main/DEBUG] [mixin/]: Selecting config architectury-common.mixins.json
[26Jul2026 05:21:21.061] [main/DEBUG] [mixin/]: Selecting config cupboard.mixins.json
[26Jul2026 05:21:21.067] [main/DEBUG] [mixin/]: Selecting config refurbished_furniture.common.mixins.json
[26Jul2026 05:21:21.074] [main/DEBUG] [mixin/]: Selecting config betterendisland.mixins.json
[26Jul2026 05:21:21.081] [main/DEBUG] [mixin/]: Selecting config betterendisland_forge.mixins.json
[26Jul2026 05:21:21.084] [main/DEBUG] [mixin/]: Selecting config moogs_structures-common.mixins.json
[26Jul2026 05:21:21.090] [main/DEBUG] [mixin/]: Selecting config moogs_structures-forge.mixins.json
[26Jul2026 05:21:21.095] [main/DEBUG] [mixin/]: Selecting config easyshulkerboxes.common.mixins.json
[26Jul2026 05:21:21.101] [main/DEBUG] [mixin/]: Selecting config puzzlesapi.common.mixins.json
[26Jul2026 05:21:21.108] [main/DEBUG] [mixin/]: Selecting config ftblibrary-common.mixins.json
[26Jul2026 05:21:21.115] [main/DEBUG] [mixin/]: Selecting config mutantmonsters.common.mixins.json
[26Jul2026 05:21:21.121] [main/DEBUG] [mixin/]: Selecting config mixins.elysium_api.json
[26Jul2026 05:21:21.125] [main/DEBUG] [mixin/]: Selecting config easymagic.common.mixins.json
[26Jul2026 05:21:21.132] [main/DEBUG] [mixin/]: Selecting config deltaboxlib.mixins.json
[26Jul2026 05:21:21.134] [main/DEBUG] [mixin/]: Selecting config fragmentum.mixins.json
[26Jul2026 05:21:21.136] [main/DEBUG] [mixin/]: Selecting config fragmentum.forge.mixins.json
[26Jul2026 05:21:21.138] [main/DEBUG] [mixin/]: Selecting config fastsuite.mixins.json
[26Jul2026 05:21:21.140] [main/DEBUG] [mixin/]: Selecting config fastasyncworldsave.mixins.json
[26Jul2026 05:21:21.143] [main/DEBUG] [mixin/]: Selecting config icterine.mixins.json
[26Jul2026 05:21:21.151] [main/DEBUG] [mixin/]: Selecting config icterine.forge.mixins.json
[26Jul2026 05:21:21.153] [main/DEBUG] [mixin/]: Selecting config better_totem_of_undying.mixins.json
[26Jul2026 05:21:21.156] [main/DEBUG] [mixin/]: Selecting config better_totem_of_undying-common.mixins.json
[26Jul2026 05:21:21.158] [main/DEBUG] [mixin/]: Selecting config midnightlib.mixins.json
[26Jul2026 05:21:21.160] [main/DEBUG] [mixin/]: Selecting config formations.mixins.json
[26Jul2026 05:21:21.163] [main/DEBUG] [mixin/]: Selecting config puzzlesaccessapi.common.mixins.json
[26Jul2026 05:21:21.167] [main/WARN] [mixin/]: Reference map 'puzzlesaccessapi.common.refmap.json' for puzzlesaccessapi.common.mixins.json could not be read. If this is a development environment you can ignore this message
[26Jul2026 05:21:21.168] [main/DEBUG] [mixin/]: Selecting config puzzlesaccessapi.forge.mixins.json
[26Jul2026 05:21:21.170] [main/DEBUG] [mixin/]: Selecting config mixins.luminousworld.json
[26Jul2026 05:21:21.173] [main/WARN] [mixin/]: Reference map 'mixins.luminousworld.refmap.json' for mixins.luminousworld.json could not be read. If this is a development environment you can ignore this message
[26Jul2026 05:21:21.175] [main/DEBUG] [mixin/]: Selecting config friendsandfoes-common.mixins.json
[26Jul2026 05:21:21.217] [main/DEBUG] [mixin/]: Selecting config friendsandfoes-forge.mixins.json
[26Jul2026 05:21:21.219] [main/DEBUG] [mixin/]: Selecting config alexscaves.mixins.json
[26Jul2026 05:21:21.222] [main/DEBUG] [mixin/]: Selecting config tact.mixins.json
[26Jul2026 05:21:21.226] [main/DEBUG] [mixin/]: Selecting config terrablender.mixins.json
[26Jul2026 05:21:21.230] [main/DEBUG] [mixin/]: Selecting config terrablender_forge.mixins.json
[26Jul2026 05:21:21.234] [main/DEBUG] [mixin/]: Selecting config moonlight-common.mixins.json
[26Jul2026 05:21:21.241] [main/DEBUG] [mixin/]: Selecting config moonlight.mixins.json
[26Jul2026 05:21:21.245] [main/DEBUG] [mixin/]: Selecting config endermanoverhaul-common.mixins.json
[26Jul2026 05:21:21.248] [main/DEBUG] [mixin/]: Selecting config endermanoverhaul.mixins.json
[26Jul2026 05:21:21.253] [main/DEBUG] [mixin/]: Selecting config musicbox.mixins.json
[26Jul2026 05:21:21.260] [main/DEBUG] [mixin/]: Selecting config mixins.mofus_better_end_.json
[26Jul2026 05:21:21.268] [main/DEBUG] [mixin/]: Selecting config fdlib.mixins.json
[26Jul2026 05:21:21.271] [main/DEBUG] [mixin/]: Selecting config creativecore.mixins.json
[26Jul2026 05:21:21.273] [main/DEBUG] [mixin/]: Selecting config creativecore.forge.mixins.json
[26Jul2026 05:21:21.275] [main/DEBUG] [mixin/]: Selecting config platform.mixins.json
[26Jul2026 05:21:21.276] [main/DEBUG] [mixin/]: Selecting config platform-common.mixins.json
[26Jul2026 05:21:21.278] [main/DEBUG] [mixin/]: Selecting config movingelevators.mixins.json
[26Jul2026 05:21:21.280] [main/DEBUG] [mixin/]: Selecting config iceberg.mixins.json
[26Jul2026 05:21:21.282] [main/DEBUG] [mixin/]: Selecting config lunar.mixins.json
[26Jul2026 05:21:21.284] [main/DEBUG] [mixin/]: Selecting config securitycraft.mixins.json
[26Jul2026 05:21:21.286] [main/DEBUG] [mixin/]: Selecting config bettertridents.common.mixins.json
[26Jul2026 05:21:21.288] [main/DEBUG] [mixin/]: Selecting config creeperoverhaul-common.mixins.json
[26Jul2026 05:21:21.290] [main/DEBUG] [mixin/]: Selecting config lootr.mixins.json
[26Jul2026 05:21:21.292] [main/DEBUG] [mixin/]: Selecting config ferritecore.predicates.mixin.json
[26Jul2026 05:21:21.335] [main/DEBUG] [mixin/]: Selecting config ferritecore.fastmap.mixin.json
[26Jul2026 05:21:21.345] [main/DEBUG] [mixin/]: Selecting config ferritecore.mrl.mixin.json
[26Jul2026 05:21:21.355] [main/DEBUG] [mixin/]: Selecting config ferritecore.dedupmultipart.mixin.json
[26Jul2026 05:21:21.360] [main/DEBUG] [mixin/]: Selecting config ferritecore.blockstatecache.mixin.json
[26Jul2026 05:21:21.367] [main/DEBUG] [mixin/]: Selecting config ferritecore.dedupbakedquad.mixin.json
[26Jul2026 05:21:21.374] [main/DEBUG] [mixin/]: Selecting config ferritecore.threaddetec.mixin.json
[26Jul2026 05:21:21.379] [main/DEBUG] [mixin/]: Selecting config ferritecore.modelsides.mixin.json
[26Jul2026 05:21:21.385] [main/DEBUG] [mixin/]: Selecting config yacl.mixins.json
[26Jul2026 05:21:21.392] [main/DEBUG] [mixin/]: Selecting config puzzleslib.common.mixins.json
[26Jul2026 05:21:21.459] [main/INFO] [Puzzles Lib/]: Loading 99 mods:
	- aiimprovements 0.5.2
	- alexscaves 2.0.2
	- alternate_current 1.7.0
	- architectury 9.2.14
	- better_totem_of_undying 2.1.1
	- betterendisland 1.20-Forge-2.0.6
	- betterstrongholds 1.20-Forge-4.0.3
	- bettertridents 8.0.1
	- bookshelf 20.2.13
	- cataclysm 3.07
	- cerbons_api 1.1.0
	- citadel 2.6.2
	- cloth_config 11.1.136
	- cold_sweat 2.4
	- collective 8.13
	- connectivity 1.20.1-7.2
	- copperagebackport 0.1.4
	- cosmeticarmorreworked 1.20.1-v1a
	- creativecore 2.12.32
	- creeperoverhaul 3.0.2
	- cristellib 1.1.6
	- cupboard 1.20.1-2.7
	- curios 5.14.1+1.20.1
	- dedsafio3 0.0.9
	- deep_dark_regrowth 1.2.6.1
	- deltaboxlib 2.2.0
	- easy_npc 6.25.0
	- easy_npc_bundle 6.25.0
	- easy_npc_config_ui 6.25.0
	- easyanvils 8.0.2
	- easymagic 8.0.1
	- easyshulkerboxes 8.0.2
		\-- puzzlesapi 8.1.6
	- elysium_api 1.1.3
	- endermanoverhaul 1.0.4
	- endersdelight 1.1.3
	- explosiveenhancement 1.1.0
	- farmersdelight 1.20.1-1.2.9
	- fastasyncworldsave 1.20.1-2.6
	- fastsuite 5.1.0
	- fdlib 1.0.9
	- ferritecore 6.0.1
	- forge 47.4.10
	- formations 1.0.4
	- formationsnether 1.0.5
	- fragmentum 1.0.5
	- framework 0.7.15
	- friendsandfoes 3.0.9
	- ftblibrary 2001.2.10
	- ftbquests 2001.4.16
	- ftbteams 2001.3.0
	- geckolib 4.8.2
	- handcrafted 3.0.6
	- healingcampfire 6.2
	- iceberg 1.1.25
	- icterine 1.3.0
	- incontrol 1.20-9.4.6
	- jei 15.20.0.130
	- jupiter 2.2.2
	- justlevelingfork 1.2.1
	- konkrete 1.8.0
	- kotlinforforge 4.12.0
	- lionfishapi 2.7
	- lootr 0.7.35.94
	- luminous_nether 1.3.2
	- luminoustag 1.1
	- luminousworld 1.5.2
	- lunar 0.2.7
	- minecraft 1.20.1
	- modernfix 5.25.1+mc1.20.1
	- mofus_better_end_ 1.0.0
	- moogs_structures 1.1.0-1.20-1.20.4
	- moonlight 1.20-2.16.16
	- movingelevators 1.4.12
	- mr_limesplatus_ending 1-v1.1.0c
	- musicbox 2.0.2
	- mutantmonsters 8.0.8
	- mvs 5.0.21
	- naturalist 5.0pre5
		\-- midnightlib 1.4.2
	- netherexp 2.3.5
	- onlylooking 1.20.1-4.1.1
	- placebo 8.6.3
	- platform 1.3.2
	- playeranimator 1.0.2-rc1+1.20
	- puzzleslib 8.1.33
		\-- puzzlesaccessapi 20.1.1
	- raidsenhanced 1.0.2
	- refurbished_furniture 1.0.20
	- resourcefulconfig 2.1.3
	- resourcefullib 2.1.29
	- securitycraft 1.10.1
	- supermartijn642configlib 1.1.8
	- supermartijn642corelib 1.1.21
	- tact 1.5.2
	- terrablender 3.0.1.10
	- trials 2.3.4
	- yet_another_config_lib_v3 3.6.6+1.20.1-forge
	- yungsapi 1.20-Forge-4.0.6
[26Jul2026 05:21:21.475] [main/DEBUG] [mixin/]: Selecting config puzzleslib.forge.mixins.json
[26Jul2026 05:21:21.569] [main/DEBUG] [MixinExtras|Service/]: com.llamalad7.mixinextras.service.MixinExtrasServiceImpl(version=0.5.0) is taking over from null
[26Jul2026 05:21:21.826] [main/DEBUG] [mixin/]: Registering new injector for @Inject with org.spongepowered.asm.mixin.injection.struct.CallbackInjectionInfo
[26Jul2026 05:21:21.834] [main/DEBUG] [mixin/]: Registering new injector for @ModifyArg with org.spongepowered.asm.mixin.injection.struct.ModifyArgInjectionInfo
[26Jul2026 05:21:21.839] [main/DEBUG] [mixin/]: Registering new injector for @ModifyArgs with org.spongepowered.asm.mixin.injection.struct.ModifyArgsInjectionInfo
[26Jul2026 05:21:21.899] [main/DEBUG] [mixin/]: Registering new injector for @Redirect with org.spongepowered.asm.mixin.injection.struct.RedirectInjectionInfo
[26Jul2026 05:21:21.908] [main/DEBUG] [mixin/]: Registering new injector for @ModifyVariable with org.spongepowered.asm.mixin.injection.struct.ModifyVariableInjectionInfo
[26Jul2026 05:21:21.912] [main/DEBUG] [mixin/]: Registering new injector for @ModifyConstant with org.spongepowered.asm.mixin.injection.struct.ModifyConstantInjectionInfo
[26Jul2026 05:21:21.977] [main/DEBUG] [mixin/]: Selecting config cold_sweat.mixin.json
[26Jul2026 05:21:21.998] [main/DEBUG] [mixin/]: Selecting config explosiveenhancement.mixins.json
[26Jul2026 05:21:22.010] [main/DEBUG] [mixin/]: Selecting config healingcampfire_forge.mixins.json
[26Jul2026 05:21:22.026] [main/DEBUG] [mixin/]: Selecting config cristellib-common.mixins.json
[26Jul2026 05:21:22.053] [main/DEBUG] [mixin/]: Selecting config cristellib.mixins.json
[26Jul2026 05:21:22.062] [main/WARN] [mixin/]: Reference map 'cristellib-forge-refmap.json' for cristellib.mixins.json could not be read. If this is a development environment you can ignore this message
[26Jul2026 05:21:22.064] [main/DEBUG] [mixin/]: Selecting config mixinextras.init.mixins.json
[26Jul2026 05:21:22.069] [main/DEBUG] [mixin/]: Preparing connectivity.mixins.json (29)
[26Jul2026 05:21:22.470] [main/DEBUG] [mixin/]: Preparing easy_npc.forge.mixins.json (38)
[26Jul2026 05:21:22.573] [main/DEBUG] [net.minecraftforge.coremod.transformer.CoreModBaseTransformer/COREMOD]: Transforming net/minecraft/world/entity/npc/Villager
[26Jul2026 05:21:23.291] [main/DEBUG] [mixin/]: Preparing easyanvils.common.mixins.json (5)
[26Jul2026 05:21:23.318] [main/DEBUG] [mixin/]: Preparing easyanvils.forge.mixins.json (0)
[26Jul2026 05:21:23.319] [main/DEBUG] [mixin/]: Preparing mixins.netherexp.json (34)
[26Jul2026 05:21:23.591] [main/DEBUG] [net.minecraftforge.coremod.transformer.CoreModBaseTransformer/COREMOD]: Transforming net/minecraft/world/entity/monster/Strider
[26Jul2026 05:21:23.915] [main/DEBUG] [net.minecraftforge.coremod.transformer.CoreModBaseTransformer/COREMOD]: Transforming net/minecraft/world/item/BucketItem
[26Jul2026 05:21:23.947] [main/DEBUG] [net.minecraftforge.coremod.transformer.CoreModBaseTransformer/COREMOD]: Transforming net/minecraft/world/item/ItemStack
[26Jul2026 05:21:23.969] [main/DEBUG] [net.minecraftforge.coremod.transformer.CoreModBaseTransformer/COREMOD]: Transforming getEnchantmentLevel with desc (Lnet/minecraft/world/item/enchantment/Enchantment;)I
[26Jul2026 05:21:23.983] [main/INFO] [net.minecraftforge.coremod.CoreMod.placebo/COREMODLOG]: Patching IForgeItemStack#getEnchantmentLevel
[26Jul2026 05:21:24.013] [main/DEBUG] [net.minecraftforge.coremod.transformer.CoreModBaseTransformer/COREMOD]: Transforming getAllEnchantments with desc ()Ljava/util/Map;
[26Jul2026 05:21:24.032] [main/INFO] [net.minecraftforge.coremod.CoreMod.placebo/COREMODLOG]: Patching IForgeItemStack#getEnchantmentLevel
[26Jul2026 05:21:24.060] [main/DEBUG] [mixin/]: Preparing geckolib.mixins.json (1)
[26Jul2026 05:21:24.061] [main/DEBUG] [mixin/]: Preparing playerAnimator-common.mixins.json (14)
[26Jul2026 05:21:24.062] [main/DEBUG] [mixin/]: Preparing naturalist-common.mixins.json (9)
[26Jul2026 05:21:24.140] [main/DEBUG] [net.minecraftforge.coremod.transformer.CoreModBaseTransformer/COREMOD]: Transforming net/minecraft/world/entity/monster/Zombie
[26Jul2026 05:21:24.426] [main/DEBUG] [mixin/]: Preparing naturalist.mixins.json (0)
[26Jul2026 05:21:24.426] [main/DEBUG] [mixin/]: Preparing placebo.mixins.json (6)
[26Jul2026 05:21:24.494] [main/DEBUG] [mixin/]: Preparing modernfix-common.mixins.json (110)
[26Jul2026 05:21:24.636] [main/DEBUG] [net.minecraftforge.coremod.transformer.CoreModBaseTransformer/COREMOD]: Transforming net/minecraft/world/level/biome/Biome
[26Jul2026 05:21:24.723] [main/DEBUG] [mixin/]: @Mixin target net/minecraft/world/level/levelgen/SurfaceRules$Context is public in modernfix-common.mixins.json:perf.worldgen_allocation.SurfaceRulesContextMixin and should be specified in value
[26Jul2026 05:21:24.732] [main/DEBUG] [mixin/]: Preparing modernfix-forge.mixins.json (61)
[26Jul2026 05:21:24.816] [main/DEBUG] [mixin/]: Preparing citadel.mixins.json (16)
[26Jul2026 05:21:24.886] [main/DEBUG] [mixin/]: Preparing yungsapi.mixins.json (11)
[26Jul2026 05:21:24.894] [main/DEBUG] [yungsapi/]: Loaded com.yungnickyoung.minecraft.yungsapi.services.ForgePlatformHelper@28dd81ad for service interface com.yungnickyoung.minecraft.yungsapi.services.IPlatformHelper
[26Jul2026 05:21:24.898] [main/DEBUG] [yungsapi/]: Loaded com.yungnickyoung.minecraft.yungsapi.services.ForgeAutoRegisterHelper@2cea921a for service interface com.yungnickyoung.minecraft.yungsapi.services.IAutoRegisterHelper
[26Jul2026 05:21:24.904] [main/DEBUG] [yungsapi/]: Loaded com.yungnickyoung.minecraft.yungsapi.services.ForgeBlockEntityTypeHelper@2707c790 for service interface com.yungnickyoung.minecraft.yungsapi.services.IBlockEntityTypeHelper
[26Jul2026 05:21:24.905] [main/DEBUG] [yungsapi/]: Loaded com.yungnickyoung.minecraft.yungsapi.services.ForgeParticleTypeHelper@6c27e700 for service interface com.yungnickyoung.minecraft.yungsapi.services.IParticleTypeHelper
[26Jul2026 05:21:24.957] [main/DEBUG] [mixin/]: Preparing yungsapi_forge.mixins.json (1)
[26Jul2026 05:21:24.958] [main/DEBUG] [mixin/]: Preparing bookshelf.common.mixins.json (23)
[26Jul2026 05:21:24.972] [main/DEBUG] [net.minecraftforge.coremod.transformer.CoreModBaseTransformer/COREMOD]: Transforming net/minecraft/world/effect/MobEffectInstance
[26Jul2026 05:21:25.021] [main/DEBUG] [mixin/]: Preparing bookshelf.forge.mixins.json (1)
[26Jul2026 05:21:25.026] [main/DEBUG] [mixin/]: Preparing raidsenhanced.mixins.json (5)
[26Jul2026 05:21:25.040] [main/DEBUG] [net.minecraftforge.coremod.transformer.CoreModBaseTransformer/COREMOD]: Transforming net/minecraft/world/entity/raid/Raid
[26Jul2026 05:21:25.349] [main/DEBUG] [mixin/]: Preparing konkrete.mixin.json (5)
[26Jul2026 05:21:25.350] [main/DEBUG] [mixin/]: Preparing justlevelingfork.mixins.json (12)
[26Jul2026 05:21:25.363] [main/WARN] [mixin/]: Error loading class: net/bettercombat/client/collision/TargetFinder (java.lang.ClassNotFoundException: net.bettercombat.client.collision.TargetFinder)
[26Jul2026 05:21:25.365] [main/WARN] [mixin/]: @Mixin target net.bettercombat.client.collision.TargetFinder was not found justlevelingfork.mixins.json:MixTargetFinder
[26Jul2026 05:21:25.366] [main/DEBUG] [mixin/]: Preparing farmersdelight.mixins.json (10)
[26Jul2026 05:21:25.391] [main/DEBUG] [mixin/]: Preparing copperagebackport.forge.mixins.json (8)
[26Jul2026 05:21:25.402] [main/DEBUG] [net.minecraftforge.coremod.transformer.CoreModBaseTransformer/COREMOD]: Transforming net/minecraft/world/entity/EntityType
[26Jul2026 05:21:25.531] [main/DEBUG] [mixin/]: Preparing handcrafted-common.mixins.json (1)
[26Jul2026 05:21:25.531] [main/DEBUG] [mixin/]: Preparing handcrafted.mixins.json (0)
[26Jul2026 05:21:25.531] [main/DEBUG] [mixin/]: Preparing supermartijn642corelib.mixins.json (11)
[26Jul2026 05:21:25.550] [main/DEBUG] [mixin/]: Preparing lionfishapi.mixins.json (2)
[26Jul2026 05:21:25.552] [main/DEBUG] [mixin/]: Preparing cataclysm.mixins.json (21)
[26Jul2026 05:21:25.586] [main/DEBUG] [net.minecraftforge.coremod.transformer.CoreModBaseTransformer/COREMOD]: Transforming net/minecraft/world/level/levelgen/structure/templatesystem/StructureTemplate
[26Jul2026 05:21:25.821] [main/DEBUG] [mixin/]: Preparing curios.mixins.json (13)
[26Jul2026 05:21:25.837] [main/DEBUG] [mixin/]: Preparing collective_forge.mixins.json (5)
[26Jul2026 05:21:25.841] [main/DEBUG] [mixin/]: Preparing cerbons_api.mixins.json (0)
[26Jul2026 05:21:25.841] [main/DEBUG] [mixin/]: Preparing cerbons_api-common.mixins.json (8)
[26Jul2026 05:21:25.849] [main/DEBUG] [mixin/]: Preparing betterstrongholds.mixins.json (2)
[26Jul2026 05:21:25.854] [main/DEBUG] [mixin/]: Preparing betterstrongholds_forge.mixins.json (0)
[26Jul2026 05:21:25.855] [main/DEBUG] [mixin/]: Preparing onlylooking.mixins.json (2)
[26Jul2026 05:21:25.856] [main/DEBUG] [mixin/]: Preparing architectury.mixins.json (9)
[26Jul2026 05:21:25.861] [main/DEBUG] [mixin/]: Preparing architectury-common.mixins.json (10)
[26Jul2026 05:21:25.869] [main/DEBUG] [net.minecraftforge.coremod.transformer.CoreModBaseTransformer/COREMOD]: Transforming net/minecraft/world/level/block/LiquidBlock
[26Jul2026 05:21:25.877] [main/DEBUG] [mixin/]: Preparing cupboard.mixins.json (5)
[26Jul2026 05:21:25.883] [main/DEBUG] [mixin/]: Preparing refurbished_furniture.common.mixins.json (12)
[26Jul2026 05:21:25.885] [main/DEBUG] [mixin/]: Preparing betterendisland.mixins.json (9)
[26Jul2026 05:21:25.898] [main/DEBUG] [mixin/]: Preparing betterendisland_forge.mixins.json (0)
[26Jul2026 05:21:25.898] [main/DEBUG] [mixin/]: Preparing moogs_structures-common.mixins.json (12)
[26Jul2026 05:21:25.907] [main/DEBUG] [mixin/]: Preparing moogs_structures-forge.mixins.json (0)
[26Jul2026 05:21:25.907] [main/DEBUG] [mixin/]: Preparing easyshulkerboxes.common.mixins.json (1)
[26Jul2026 05:21:25.907] [main/DEBUG] [mixin/]: Preparing puzzlesapi.common.mixins.json (11)
[26Jul2026 05:21:25.920] [main/DEBUG] [mixin/]: Preparing ftblibrary-common.mixins.json (5)
[26Jul2026 05:21:25.927] [main/DEBUG] [mixin/]: Preparing mutantmonsters.common.mixins.json (2)
[26Jul2026 05:21:25.935] [main/DEBUG] [mixin/]: Preparing mixins.elysium_api.json (11)
[26Jul2026 05:21:25.951] [main/DEBUG] [mixin/]: Preparing easymagic.common.mixins.json (5)
[26Jul2026 05:21:25.957] [main/DEBUG] [mixin/]: Preparing deltaboxlib.mixins.json (5)
[26Jul2026 05:21:25.962] [main/DEBUG] [mixin/]: Preparing fragmentum.mixins.json (4)
[26Jul2026 05:21:25.974] [main/ERROR] [net.minecraftforge.fml.loading.RuntimeDistCleaner/DISTXFORM]: Attempted to load class net/minecraft/client/Minecraft for invalid dist DEDICATED_SERVER
[26Jul2026 05:21:25.977] [main/WARN] [mixin/]: Error loading class: net/minecraft/client/Minecraft (java.lang.RuntimeException: Attempted to load class net/minecraft/client/Minecraft for invalid dist DEDICATED_SERVER)
[26Jul2026 05:21:25.978] [main/WARN] [mixin/]: @Mixin target net.minecraft.client.Minecraft was not found fragmentum.mixins.json:MixinMinecraft
[26Jul2026 05:21:25.981] [main/DEBUG] [mixin/]: Preparing fragmentum.forge.mixins.json (1)
[26Jul2026 05:21:25.986] [main/DEBUG] [mixin/]: Preparing fastsuite.mixins.json (3)
[26Jul2026 05:21:25.986] [main/DEBUG] [mixin/]: Preparing fastasyncworldsave.mixins.json (2)
[26Jul2026 05:21:25.993] [main/DEBUG] [mixin/]: Preparing icterine.mixins.json (5)
[26Jul2026 05:21:26.000] [main/DEBUG] [mixin/]: Preparing icterine.forge.mixins.json (0)
[26Jul2026 05:21:26.000] [main/DEBUG] [mixin/]: Preparing better_totem_of_undying.mixins.json (1)
[26Jul2026 05:21:26.000] [main/DEBUG] [mixin/]: Preparing better_totem_of_undying-common.mixins.json (2)
[26Jul2026 05:21:26.001] [main/DEBUG] [mixin/]: Preparing midnightlib.mixins.json (1)
[26Jul2026 05:21:26.001] [main/DEBUG] [mixin/]: Preparing formations.mixins.json (11)
[26Jul2026 05:21:26.004] [main/DEBUG] [mixin/]: Preparing puzzlesaccessapi.common.mixins.json (0)
[26Jul2026 05:21:26.005] [main/DEBUG] [mixin/]: Preparing puzzlesaccessapi.forge.mixins.json (0)
[26Jul2026 05:21:26.005] [main/DEBUG] [mixin/]: Preparing mixins.luminousworld.json (0)
[26Jul2026 05:21:26.005] [main/DEBUG] [mixin/]: Preparing friendsandfoes-common.mixins.json (47)
[26Jul2026 05:21:26.055] [main/DEBUG] [net.minecraftforge.coremod.transformer.CoreModBaseTransformer/COREMOD]: Transforming net/minecraft/world/level/levelgen/PatrolSpawner
[26Jul2026 05:21:26.126] [main/DEBUG] [mixin/]: Preparing friendsandfoes-forge.mixins.json (1)
[26Jul2026 05:21:26.133] [main/DEBUG] [mixin/]: Preparing alexscaves.mixins.json (52)
[26Jul2026 05:21:26.232] [main/DEBUG] [net.minecraftforge.coremod.transformer.CoreModBaseTransformer/COREMOD]: Transforming net/minecraft/world/level/NaturalSpawner
[26Jul2026 05:21:26.362] [main/DEBUG] [net.minecraftforge.coremod.transformer.CoreModBaseTransformer/COREMOD]: Transforming net/minecraft/world/level/levelgen/structure/structures/SwampHutPiece
[26Jul2026 05:21:26.404] [main/DEBUG] [mixin/]: Preparing tact.mixins.json (27)
[26Jul2026 05:21:26.563] [main/DEBUG] [mixin/]: Preparing terrablender.mixins.json (7)
[26Jul2026 05:21:26.573] [main/DEBUG] [mixin/]: Preparing terrablender_forge.mixins.json (0)
[26Jul2026 05:21:26.575] [main/DEBUG] [mixin/]: Preparing moonlight-common.mixins.json (38)
[26Jul2026 05:21:26.649] [main/DEBUG] [mixin/]: Preparing moonlight.mixins.json (12)
[26Jul2026 05:21:26.661] [main/DEBUG] [mixin/]: Preparing endermanoverhaul-common.mixins.json (4)
[26Jul2026 05:21:26.665] [main/DEBUG] [mixin/]: Preparing endermanoverhaul.mixins.json (2)
[26Jul2026 05:21:26.672] [main/DEBUG] [mixin/]: Preparing musicbox.mixins.json (3)
[26Jul2026 05:21:26.676] [main/DEBUG] [mixin/]: Preparing mixins.mofus_better_end_.json (6)
[26Jul2026 05:21:26.685] [main/DEBUG] [mixin/]: Preparing fdlib.mixins.json (13)
[26Jul2026 05:21:26.687] [main/WARN] [mixin/]: Error loading class: net/minecraft/client/player/KeyboardInput (java.lang.ClassNotFoundException: net.minecraft.client.player.KeyboardInput)
[26Jul2026 05:21:26.688] [main/WARN] [mixin/]: @Mixin target net.minecraft.client.player.KeyboardInput was not found fdlib.mixins.json:KeyboardInputMixin
[26Jul2026 05:21:26.689] [main/DEBUG] [mixin/]: Preparing creativecore.mixins.json (8)
[26Jul2026 05:21:26.700] [main/DEBUG] [mixin/]: Preparing creativecore.forge.mixins.json (3)
[26Jul2026 05:21:26.705] [main/DEBUG] [mixin/]: Preparing platform.mixins.json (5)
[26Jul2026 05:21:26.710] [main/DEBUG] [mixin/]: Preparing platform-common.mixins.json (20)
[26Jul2026 05:21:26.730] [main/DEBUG] [mixin/]: Preparing movingelevators.mixins.json (2)
[26Jul2026 05:21:26.731] [main/DEBUG] [mixin/]: Preparing iceberg.mixins.json (7)
[26Jul2026 05:21:26.737] [main/DEBUG] [mixin/]: Preparing lunar.mixins.json (1)
[26Jul2026 05:21:26.740] [main/DEBUG] [mixin/]: Preparing securitycraft.mixins.json (24)
[26Jul2026 05:21:26.766] [main/DEBUG] [mixin/]: Preparing bettertridents.common.mixins.json (8)
[26Jul2026 05:21:26.774] [main/DEBUG] [mixin/]: Preparing creeperoverhaul-common.mixins.json (1)
[26Jul2026 05:21:26.776] [main/DEBUG] [mixin/]: Preparing lootr.mixins.json (8)
[26Jul2026 05:21:26.784] [main/DEBUG] [mixin/]: Preparing ferritecore.predicates.mixin.json (3)
[26Jul2026 05:21:26.784] [main/DEBUG] [mixin/]: Preparing ferritecore.fastmap.mixin.json (1)
[26Jul2026 05:21:26.787] [main/DEBUG] [mixin/]: Preparing ferritecore.mrl.mixin.json (2)
[26Jul2026 05:21:26.787] [main/DEBUG] [mixin/]: Preparing ferritecore.dedupmultipart.mixin.json (2)
[26Jul2026 05:21:26.787] [main/DEBUG] [mixin/]: Preparing ferritecore.blockstatecache.mixin.json (8)
[26Jul2026 05:21:26.793] [main/DEBUG] [mixin/]: @Mixin target net/minecraft/world/level/block/state/BlockBehaviour$BlockStateBase$Cache is public in ferritecore.blockstatecache.mixin.json:BlockStateCacheMixin and should be specified in value
[26Jul2026 05:21:26.796] [main/DEBUG] [mixin/]: Preparing ferritecore.dedupbakedquad.mixin.json (2)
[26Jul2026 05:21:26.797] [main/DEBUG] [mixin/]: Preparing ferritecore.threaddetec.mixin.json (1)
[26Jul2026 05:21:26.797] [main/DEBUG] [mixin/]: Preparing ferritecore.modelsides.mixin.json (1)
[26Jul2026 05:21:26.798] [main/DEBUG] [mixin/]: Preparing yacl.mixins.json (5)
[26Jul2026 05:21:26.798] [main/DEBUG] [mixin/]: Preparing puzzleslib.common.mixins.json (7)
[26Jul2026 05:21:26.799] [main/DEBUG] [mixin/]: Preparing puzzleslib.forge.mixins.json (13)
[26Jul2026 05:21:26.809] [main/DEBUG] [mixin/]: Preparing cold_sweat.mixin.json (46)
[26Jul2026 05:21:26.836] [main/WARN] [mixin/]: Error loading class: com/mrbysco/spoiled/config/SpoiledConfigCache (java.lang.ClassNotFoundException: com.mrbysco.spoiled.config.SpoiledConfigCache)
[26Jul2026 05:21:26.837] [main/WARN] [mixin/]: @Mixin target com.mrbysco.spoiled.config.SpoiledConfigCache was not found cold_sweat.mixin.json:compat.MixinSpoiledIcebox$ContainerModifier
[26Jul2026 05:21:26.837] [main/DEBUG] [mixin/]: Preparing explosiveenhancement.mixins.json (1)
[26Jul2026 05:21:26.837] [main/DEBUG] [mixin/]: Preparing healingcampfire_forge.mixins.json (0)
[26Jul2026 05:21:26.837] [main/DEBUG] [mixin/]: Preparing cristellib-common.mixins.json (1)
[26Jul2026 05:21:26.842] [main/DEBUG] [mixin/]: Preparing cristellib.mixins.json (0)
[26Jul2026 05:21:26.843] [main/DEBUG] [mixin/]: Preparing mixinextras.init.mixins.json (0)
[26Jul2026 05:21:27.309] [main/DEBUG] [mixin/]: Inner class com/faboslav/friendsandfoes/common/mixin/LightningRodBlockMixin$1 in com/faboslav/friendsandfoes/common/mixin/LightningRodBlockMixin on net/minecraft/world/level/block/LightningRodBlock gets unique name net/minecraft/world/level/block/LightningRodBlock$Anonymous$f6f8d86856dc45fe8723d7268f633026
[26Jul2026 05:21:27.369] [main/DEBUG] [mixin/]: Inner class tech/alexnijjar/endermanoverhaul/mixins/forge/common/CorruptedShieldItemMixin$1 in tech/alexnijjar/endermanoverhaul/mixins/forge/common/CorruptedShieldItemMixin on tech/alexnijjar/endermanoverhaul/common/items/tools/CorruptedShieldItem gets unique name tech/alexnijjar/endermanoverhaul/common/items/tools/CorruptedShieldItem$Anonymous$241559fe0e6e4da996f8ed26fabc3689
[26Jul2026 05:21:27.373] [main/DEBUG] [mixin/]: Inner class tech/alexnijjar/endermanoverhaul/mixins/forge/common/CustomGeoArmorItemMixin$1 in tech/alexnijjar/endermanoverhaul/mixins/forge/common/CustomGeoArmorItemMixin on tech/alexnijjar/endermanoverhaul/common/items/base/CustomGeoArmorItem gets unique name tech/alexnijjar/endermanoverhaul/common/items/base/CustomGeoArmorItem$Anonymous$a46a0e4c6d2d44d4931021e72af0ec90
[26Jul2026 05:21:27.407] [main/DEBUG] [mixin/]: Prepared 617 mixins in 7.569 sec (12.3ms avg) (0ms load, 0ms transform, 0ms plugin)
[26Jul2026 05:21:27.413] [main/INFO] [MixinExtras|Service/]: Initializing MixinExtras via com.llamalad7.mixinextras.service.MixinExtrasServiceImpl(version=0.5.0).
[26Jul2026 05:21:27.416] [main/DEBUG] [mixin/]: Registering new injector for @SugarWrapper with com.llamalad7.mixinextras.sugar.impl.SugarWrapperInjectionInfo
[26Jul2026 05:21:27.416] [main/DEBUG] [mixin/]: Registering new injector for @FactoryRedirectWrapper with com.llamalad7.mixinextras.wrapper.factory.FactoryRedirectWrapperInjectionInfo
[26Jul2026 05:21:27.420] [main/DEBUG] [mixin/]: Registering new injector for @ExpressionInjectorWrapper with com.llamalad7.mixinextras.expression.impl.wrapper.ExpressionInjectorWrapperInjectionInfo
[26Jul2026 05:21:27.447] [main/DEBUG] [mixin/]: Mixing MainMixin from iceberg.mixins.json into net.minecraft.server.Main
[26Jul2026 05:21:27.673] [main/DEBUG] [mixin/]: Mixing perf.fix_loop_spin_waiting.MinecraftServerMixin from modernfix-common.mixins.json into net.minecraft.server.MinecraftServer
[26Jul2026 05:21:27.683] [main/DEBUG] [mixin/]: Mixing core.MinecraftServerMixin from modernfix-common.mixins.json into net.minecraft.server.MinecraftServer
[26Jul2026 05:21:27.687] [main/DEBUG] [mixin/]: Mixing perf.dedicated_reload_executor.MinecraftServerMixin from modernfix-common.mixins.json into net.minecraft.server.MinecraftServer
[26Jul2026 05:21:27.688] [main/DEBUG] [mixin/]: Mixing core.MinecraftServerMixin from modernfix-forge.mixins.json into net.minecraft.server.MinecraftServer
[26Jul2026 05:21:27.690] [main/DEBUG] [mixin/]: Renaming synthetic method lambda$mfix$endReloadTrack$0(Ljava/lang/Void;)V to mdd17185$lambda$mfix$endReloadTrack$0$0 in modernfix-forge.mixins.json:core.MinecraftServerMixin
[26Jul2026 05:21:27.703] [main/DEBUG] [mixin/]: Mixing MinecraftServerMixin from citadel.mixins.json into net.minecraft.server.MinecraftServer
[26Jul2026 05:21:27.709] [main/DEBUG] [mixin/]: Mixing MixinMinecraftServer from fragmentum.mixins.json into net.minecraft.server.MinecraftServer
[26Jul2026 05:21:28.029] [main/DEBUG] [io.netty.util.internal.logging.InternalLoggerFactory/]: Using SLF4J as the default logging framework
[26Jul2026 05:21:28.036] [main/DEBUG] [io.netty.util.ResourceLeakDetector/]: -Dio.netty.leakDetection.level: simple
[26Jul2026 05:21:28.037] [main/DEBUG] [io.netty.util.ResourceLeakDetector/]: -Dio.netty.leakDetection.targetRecords: 4
[26Jul2026 05:21:28.265] [main/DEBUG] [mixin/]: Mixing perf.tag_id_caching.TagOrElementLocationMixin from modernfix-forge.mixins.json into net.minecraft.util.ExtraCodecs$TagOrElementLocation
[26Jul2026 05:21:28.350] [main/DEBUG] [mixin/]: Mixing ResourceLocationMixin from ftblibrary-common.mixins.json into net.minecraft.resources.ResourceLocation
[26Jul2026 05:21:28.350] [main/DEBUG] [mixin/]: ftblibrary-common.mixins.json:ResourceLocationMixin: Class version 61 required is higher than the class version supported by the current version of Mixin (JAVA_8 supports class version 52)
[26Jul2026 05:21:28.363] [main/DEBUG] [mixin/]: Mixing common.ResourceLocationMixin from platform-common.mixins.json into net.minecraft.resources.ResourceLocation
[26Jul2026 05:21:28.373] [main/DEBUG] [mixin/]: Mixing ResourceLocationExceptionMixin from connectivity.mixins.json into net.minecraft.ResourceLocationException
[26Jul2026 05:21:28.537] [main/DEBUG] [oshi.util.FileUtil/]: No oshi.properties file found from ClassLoader cpw.mods.modlauncher.TransformingClassLoader@2e7af36e
[26Jul2026 05:21:28.538] [main/DEBUG] [oshi.util.FileUtil/]: No oshi.properties file found from ClassLoader jdk.internal.loader.ClassLoaders$AppClassLoader@76ed5528
[26Jul2026 05:21:28.661] [main/DEBUG] [oshi.util.FileUtil/]: Reading file /proc/self/auxv
[26Jul2026 05:21:28.663] [main/DEBUG] [oshi.util.FileUtil/]: Reading file /proc/self/auxv
[26Jul2026 05:21:28.701] [main/DEBUG] [oshi.util.FileUtil/]: Reading file /proc/stat
[26Jul2026 05:21:28.744] [main/DEBUG] [oshi.util.FileUtil/]: Reading file /sys/devices/system/cpu/cpu0/topology/core_id
[26Jul2026 05:21:28.748] [main/DEBUG] [oshi.util.FileUtil/]: Reading file /sys/devices/system/cpu/cpu0/topology/core_id
[26Jul2026 05:21:28.749] [main/DEBUG] [oshi.util.FileUtil/]: Reading file /sys/devices/system/cpu/cpu0/topology/physical_package_id
[26Jul2026 05:21:28.751] [main/DEBUG] [oshi.util.FileUtil/]: Reading file /sys/devices/system/cpu/cpu0/topology/physical_package_id
[26Jul2026 05:21:28.752] [main/DEBUG] [oshi.util.FileUtil/]: Reading file /sys/devices/system/cpu/cpu0/cpu_capacity
[26Jul2026 05:21:28.758] [main/DEBUG] [oshi.util.FileUtil/]: Reading file /sys/devices/system/cpu/cpu1/topology/core_id
[26Jul2026 05:21:28.760] [main/DEBUG] [oshi.util.FileUtil/]: Reading file /sys/devices/system/cpu/cpu1/topology/core_id
[26Jul2026 05:21:28.761] [main/DEBUG] [oshi.util.FileUtil/]: Reading file /sys/devices/system/cpu/cpu1/topology/physical_package_id
[26Jul2026 05:21:28.761] [main/DEBUG] [oshi.util.FileUtil/]: Reading file /sys/devices/system/cpu/cpu1/topology/physical_package_id
[26Jul2026 05:21:28.761] [main/DEBUG] [oshi.util.FileUtil/]: Reading file /sys/devices/system/cpu/cpu1/cpu_capacity
[26Jul2026 05:21:28.765] [main/DEBUG] [oshi.util.FileUtil/]: Reading file /proc/cpuinfo
[26Jul2026 05:21:28.851] [main/DEBUG] [oshi.util.FileUtil/]: Reading file /proc/self/auxv
[26Jul2026 05:21:28.871] [main/DEBUG] [oshi.util.FileUtil/]: No oshi.architecture.properties file found from ClassLoader cpw.mods.modlauncher.TransformingClassLoader@2e7af36e
[26Jul2026 05:21:28.878] [main/DEBUG] [oshi.util.FileUtil/]: No oshi.architecture.properties file found from ClassLoader jdk.internal.loader.ClassLoaders$AppClassLoader@76ed5528
[26Jul2026 05:21:28.980] [main/DEBUG] [oshi.util.FileUtil/]: Reading file /proc/meminfo
[26Jul2026 05:21:28.993] [main/DEBUG] [oshi.util.FileUtil/]: Reading file /proc/meminfo
[26Jul2026 05:21:29.016] [main/DEBUG] [mixin/]: Mixing perf.thread_priorities.UtilMixin from modernfix-common.mixins.json into net.minecraft.Util
[26Jul2026 05:21:29.023] [main/DEBUG] [mixin/]: Renaming synthetic method lambda$adjustPriorityOfThreadFactory$0(Ljava/util/concurrent/ForkJoinPool$ForkJoinWorkerThreadFactory;Ljava/util/concurrent/ForkJoinPool;)Ljava/util/concurrent/ForkJoinWorkerThread; to mdd17185$lambda$adjustPriorityOfThreadFactory$0$0 in modernfix-common.mixins.json:perf.thread_priorities.UtilMixin
[26Jul2026 05:21:29.337] [main/DEBUG] [mixin/]: Mixing feature.measure_time.BootstrapMixin from modernfix-common.mixins.json into net.minecraft.server.Bootstrap
[26Jul2026 05:21:29.377] [main/DEBUG] [mixin/]: Mixing core.BootstrapMixin from modernfix-forge.mixins.json into net.minecraft.server.Bootstrap
[26Jul2026 05:21:29.506] [main/INFO] [net.minecraft.server.Bootstrap/]: ModernFix reached bootstrap stage (36.78 s after launch)
[26Jul2026 05:21:29.573] [main/DEBUG] [mixin/]: Mixing MixinBuiltInRegistries from terrablender.mixins.json into net.minecraft.core.registries.BuiltInRegistries
[26Jul2026 05:21:29.579] [main/DEBUG] [mixin/]: Renaming synthetic method lambda$registerSimple$0(Lnet/minecraft/core/registries/BuiltInRegistries$RegistryBootstrap;Lnet/minecraft/core/Registry;)Ljava/lang/Object; to mdd17185$lambda$registerSimple$0$0 in terrablender.mixins.json:MixinBuiltInRegistries
[26Jul2026 05:21:29.665] [main/DEBUG] [mixin/]: Mixing bugfix.concurrency.MappedRegistryMixin from modernfix-common.mixins.json into net.minecraft.core.MappedRegistry
[26Jul2026 05:21:29.713] [main/DEBUG] [mixin/]: Mixing perf.compact_mojang_registries.MappedRegistryMixin from modernfix-common.mixins.json into net.minecraft.core.MappedRegistry
[26Jul2026 05:21:29.834] [main/DEBUG] [mixin/]: Mixing perf.mojang_registry_size.MappedRegistryMixin from modernfix-common.mixins.json into net.minecraft.core.MappedRegistry
[26Jul2026 05:21:29.929] [main/DEBUG] [mixin/]: Mixing perf.mojang_registry_size.ResourceKeyMixin from modernfix-common.mixins.json into net.minecraft.resources.ResourceKey
[26Jul2026 05:21:29.930] [main/DEBUG] [mixin/]: Renaming synthetic method lambda$createEfficient$0(Lnet/minecraft/resources/ResourceLocation;)Ljava/util/Map; to mdd17185$lambda$createEfficient$0$0 in modernfix-common.mixins.json:perf.mojang_registry_size.ResourceKeyMixin
[26Jul2026 05:21:30.179] [main/DEBUG] [mixin/]: Mixing inject.MixinGameEvent from architectury-common.mixins.json into net.minecraft.world.level.gameevent.GameEvent
[26Jul2026 05:21:30.230] [main/DEBUG] [mixin/]: Mixing perf.reduce_blockstate_cache_rebuilds.GameDataMixin from modernfix-forge.mixins.json into net.minecraftforge.registries.GameData
[26Jul2026 05:21:30.241] [main/DEBUG] [mixin/]: Mixing GameDataMixin from supermartijn642corelib.mixins.json into net.minecraftforge.registries.GameData
[26Jul2026 05:21:30.354] [main/DEBUG] [mixin/]: Mixing perf.fast_registry_validation.ForgeRegistryMixin from modernfix-forge.mixins.json into net.minecraftforge.registries.ForgeRegistry
[26Jul2026 05:21:30.363] [main/DEBUG] [mixin/]: Mixing perf.forge_registry_alloc.ForgeRegistryMixin from modernfix-forge.mixins.json into net.minecraftforge.registries.ForgeRegistry
[26Jul2026 05:21:30.387] [main/DEBUG] [mixin/]: Mixing accessor.ForgeRegistryForgeAccessor from puzzleslib.forge.mixins.json into net.minecraftforge.registries.ForgeRegistry
[26Jul2026 05:21:30.405] [main/WARN] [mixin/]: @Final field delegatesByName:Ljava/util/Map; in modernfix-forge.mixins.json:perf.forge_registry_alloc.ForgeRegistryMixin should be final
[26Jul2026 05:21:30.407] [main/WARN] [mixin/]: @Final field delegatesByValue:Ljava/util/Map; in modernfix-forge.mixins.json:perf.forge_registry_alloc.ForgeRegistryMixin should be final
[26Jul2026 05:21:30.465] [main/DEBUG] [mixin/]: Mixing perf.reduce_blockstate_cache_rebuilds.BlockCallbacksMixin from modernfix-forge.mixins.json into net.minecraftforge.registries.GameData$BlockCallbacks
[26Jul2026 05:21:30.482] [main/DEBUG] [mixin/]: Mixing perf.forge_registry_alloc.DelegateHolderMixin from modernfix-forge.mixins.json into net.minecraft.world.level.block.Block
[26Jul2026 05:21:30.485] [main/DEBUG] [mixin/]: Mixing inject.MixinBlock from architectury-common.mixins.json into net.minecraft.world.level.block.Block
[26Jul2026 05:21:30.485] [main/DEBUG] [mixin/]: Mixing accessor.BlockAccessor from puzzleslib.common.mixins.json into net.minecraft.world.level.block.Block
[26Jul2026 05:21:30.486] [main/DEBUG] [mixin/]: Mixing LightningRodBlockBlockMixin from friendsandfoes-common.mixins.json into net.minecraft.world.level.block.Block
[26Jul2026 05:21:30.486] [main/DEBUG] [mixin/]: Mixing block.BlockMixin from mixins.elysium_api.json into net.minecraft.world.level.block.Block
[26Jul2026 05:21:30.487] [main/DEBUG] [mixin/]: Renaming synthetic method lambda$elysium$soundTransformer$0(Lnet/minecraft/world/level/block/state/BlockState;Lnet/jadenxgamer/elysium_api/impl/sound_transformer/SoundTransformer;)Z to mdd17185$lambda$elysium$soundTransformer$0$0 in mixins.elysium_api.json:block.BlockMixin
[26Jul2026 05:21:30.616] [main/DEBUG] [mixin/]: Mixing MixinIce$AddDrops from cold_sweat.mixin.json into net.minecraft.world.level.block.state.BlockBehaviour
[26Jul2026 05:21:30.616] [main/DEBUG] [mixin/]: Renaming synthetic method lambda$addDrops$0(Lnet/minecraft/world/entity/Entity;)Lnet/minecraft/world/entity/player/Player; to mdd17185$lambda$addDrops$0$0 in cold_sweat.mixin.json:MixinIce$AddDrops
[26Jul2026 05:21:30.738] [main/DEBUG] [mixin/]: Mixing LightningRodAbstractBlockMixin from friendsandfoes-common.mixins.json into net.minecraft.world.level.block.state.BlockBehaviour
[26Jul2026 05:21:30.792] [main/DEBUG] [mixin/]: Mixing bugfix.chunk_deadlock.BlockStateBaseMixin from modernfix-common.mixins.json into net.minecraft.world.level.block.state.BlockBehaviour$BlockStateBase
[26Jul2026 05:21:30.794] [main/DEBUG] [mixin/]: Mixing perf.reduce_blockstate_cache_rebuilds.BlockStateBaseMixin from modernfix-common.mixins.json into net.minecraft.world.level.block.state.BlockBehaviour$BlockStateBase
[26Jul2026 05:21:30.804] [main/DEBUG] [mixin/]: Mixing BlockStateBaseAccessor from tact.mixins.json into net.minecraft.world.level.block.state.BlockBehaviour$BlockStateBase
[26Jul2026 05:21:30.805] [main/DEBUG] [mixin/]: Mixing BlockStateBaseMixin from ferritecore.blockstatecache.mixin.json into net.minecraft.world.level.block.state.BlockBehaviour$BlockStateBase
[26Jul2026 05:21:30.856] [main/DEBUG] [mixin/]: Mixing FastMapStateHolderMixin from ferritecore.fastmap.mixin.json into net.minecraft.world.level.block.state.StateHolder
[26Jul2026 05:21:30.894] [main/DEBUG] [mixin/]: Mixing EntityLoadMixin from cupboard.mixins.json into net.minecraft.world.entity.Entity
[26Jul2026 05:21:30.910] [main/DEBUG] [mixin/]: Mixing bugfix.chunk_deadlock.EntityMixin from modernfix-common.mixins.json into net.minecraft.world.entity.Entity
[26Jul2026 05:21:30.914] [main/DEBUG] [mixin/]: Mixing accessors.entity.AccessorEntity from bookshelf.common.mixins.json into net.minecraft.world.entity.Entity
[26Jul2026 05:21:30.915] [main/DEBUG] [mixin/]: Mixing EntityMixin from raidsenhanced.mixins.json into net.minecraft.world.entity.Entity
[26Jul2026 05:21:30.916] [main/DEBUG] [mixin/]: Mixing EntityMixin from lionfishapi.mixins.json into net.minecraft.world.entity.Entity
[26Jul2026 05:21:30.940] [main/DEBUG] [mixin/]: Mixing AccessorEntity from curios.mixins.json into net.minecraft.world.entity.Entity
[26Jul2026 05:21:30.942] [main/DEBUG] [mixin/]: Mixing multipart_entities.EntityMixin from cerbons_api-common.mixins.json into net.minecraft.world.entity.Entity
[26Jul2026 05:21:30.945] [main/DEBUG] [mixin/]: Mixing EntityAccessor from refurbished_furniture.common.mixins.json into net.minecraft.world.entity.Entity
[26Jul2026 05:21:30.945] [main/DEBUG] [mixin/]: Mixing EntityMixin from refurbished_furniture.common.mixins.json into net.minecraft.world.entity.Entity
[26Jul2026 05:21:30.951] [main/DEBUG] [mixin/]: Mixing EntityMixin from alexscaves.mixins.json into net.minecraft.world.entity.Entity
[26Jul2026 05:21:31.028] [main/DEBUG] [mixin/]: Mixing MixinEntityMove from cold_sweat.mixin.json into net.minecraft.world.entity.Entity
[26Jul2026 05:21:31.279] [main/DEBUG] [mixin/]: Mixing target.LivingEntityTargetingMixin from easy_npc.forge.mixins.json into net.minecraft.world.entity.LivingEntity
[26Jul2026 05:21:31.290] [main/DEBUG] [mixin/]: Mixing entity.LivingEntityMixin from mixins.netherexp.json into net.minecraft.world.entity.LivingEntity
[26Jul2026 05:21:31.330] [main/DEBUG] [mixin/]: Mixing perf.forge_cap_retrieval.LivingEntityMixin from modernfix-forge.mixins.json into net.minecraft.world.entity.LivingEntity
[26Jul2026 05:21:31.331] [main/DEBUG] [mixin/]: Mixing LivingEntityMixin from citadel.mixins.json into net.minecraft.world.entity.LivingEntity
[26Jul2026 05:21:31.339] [main/DEBUG] [mixin/]: Mixing accessors.entity.AccessorLivingEntity from bookshelf.common.mixins.json into net.minecraft.world.entity.LivingEntity
[26Jul2026 05:21:31.340] [main/DEBUG] [mixin/]: Mixing patches.entity.MixinLivingEntity from bookshelf.common.mixins.json into net.minecraft.world.entity.LivingEntity
[26Jul2026 05:21:31.349] [main/DEBUG] [mixin/]: Mixing MixLivingEntity from justlevelingfork.mixins.json into net.minecraft.world.entity.LivingEntity
[26Jul2026 05:21:31.388] [main/DEBUG] [mixin/]: Mixing LivingEntityMixin from cataclysm.mixins.json into net.minecraft.world.entity.LivingEntity
[26Jul2026 05:21:31.391] [main/DEBUG] [mixin/]: Mixing MixinLivingEntity from curios.mixins.json into net.minecraft.world.entity.LivingEntity
[26Jul2026 05:21:31.394] [main/DEBUG] [mixin/]: Mixing LivingEntityMixin from onlylooking.mixins.json into net.minecraft.world.entity.LivingEntity
[26Jul2026 05:21:31.399] [main/DEBUG] [mixin/]: Mixing LivingEntityMixin from refurbished_furniture.common.mixins.json into net.minecraft.world.entity.LivingEntity
[26Jul2026 05:21:31.403] [main/DEBUG] [mixin/]: Mixing entity.LivingEntityMixin from mixins.elysium_api.json into net.minecraft.world.entity.LivingEntity
[26Jul2026 05:21:31.408] [main/DEBUG] [mixin/]: Mixing BlazeLivingEntityMixin from friendsandfoes-common.mixins.json into net.minecraft.world.entity.LivingEntity
[26Jul2026 05:21:31.410] [main/DEBUG] [mixin/]: Mixing LivingEntityMixin from friendsandfoes-common.mixins.json into net.minecraft.world.entity.LivingEntity
[26Jul2026 05:21:31.441] [main/DEBUG] [mixin/]: Mixing LivingEntityMixin from alexscaves.mixins.json into net.minecraft.world.entity.LivingEntity
[26Jul2026 05:21:31.477] [main/DEBUG] [mixin/]: Mixing common.LivingEntityMixin from endermanoverhaul-common.mixins.json into net.minecraft.world.entity.LivingEntity
[26Jul2026 05:21:31.478] [main/DEBUG] [mixin/]: Renaming synthetic method lambda$endermanoverhaul$hurt$0(Lnet/minecraft/world/InteractionHand;Lnet/minecraft/world/entity/player/Player;)V to mdd17185$lambda$endermanoverhaul$hurt$0$0 in endermanoverhaul-common.mixins.json:common.LivingEntityMixin
[26Jul2026 05:21:31.508] [main/DEBUG] [mixin/]: Mixing LivingEntityMixin from bettertridents.common.mixins.json into net.minecraft.world.entity.LivingEntity
[26Jul2026 05:21:31.509] [main/DEBUG] [mixin/]: Mixing MixinLivingLoad from cold_sweat.mixin.json into net.minecraft.world.entity.LivingEntity
[26Jul2026 05:21:31.510] [main/DEBUG] [mixin/]: Mixing MixinPreventFreezing from cold_sweat.mixin.json into net.minecraft.world.entity.LivingEntity
[26Jul2026 05:21:31.521] [main/DEBUG] [mixin/]: Mixing entity.LivingEntityMixin from better_totem_of_undying-common.mixins.json into net.minecraft.world.entity.LivingEntity
[26Jul2026 05:21:31.833] [main/DEBUG] [mixin/]: Mixing perf.model_optimizations.PropertyMixin from modernfix-common.mixins.json into net.minecraft.world.level.block.state.properties.Property
[26Jul2026 05:21:31.852] [main/DEBUG] [mixin/]: Mixing perf.model_optimizations.BooleanPropertyMixin from modernfix-common.mixins.json into net.minecraft.world.level.block.state.properties.BooleanProperty
[26Jul2026 05:21:31.869] [main/DEBUG] [mixin/]: Mixing LevelMixin from citadel.mixins.json into net.minecraft.world.level.Level
[26Jul2026 05:21:31.874] [main/DEBUG] [mixin/]: Mixing LevelMixin from refurbished_furniture.common.mixins.json into net.minecraft.world.level.Level
[26Jul2026 05:21:31.911] [main/DEBUG] [mixin/]: Mixing ServerAddEntityMixin from cupboard.mixins.json into net.minecraft.server.level.ServerLevel
[26Jul2026 05:21:31.926] [main/DEBUG] [mixin/]: Mixing ServerLevelMixin from betterendisland.mixins.json into net.minecraft.server.level.ServerLevel
[26Jul2026 05:21:31.943] [main/DEBUG] [mixin/]: Mixing bugfix.chunk_deadlock.ServerLevelMixin from modernfix-common.mixins.json into net.minecraft.server.level.ServerLevel
[26Jul2026 05:21:31.945] [main/DEBUG] [mixin/]: Mixing perf.cache_strongholds.ServerLevelMixin from modernfix-common.mixins.json into net.minecraft.server.level.ServerLevel
[26Jul2026 05:21:31.954] [main/DEBUG] [mixin/]: Mixing perf.faster_structure_location.ServerLevelMixin from modernfix-common.mixins.json into net.minecraft.server.level.ServerLevel
[26Jul2026 05:21:31.956] [main/DEBUG] [mixin/]: Mixing ServerLevelMixin from citadel.mixins.json into net.minecraft.server.level.ServerLevel
[26Jul2026 05:21:31.958] [main/DEBUG] [mixin/]: Mixing ServerLevelMixin from refurbished_furniture.common.mixins.json into net.minecraft.server.level.ServerLevel
[26Jul2026 05:21:31.961] [main/DEBUG] [mixin/]: Mixing ServerWorldAccessor from friendsandfoes-common.mixins.json into net.minecraft.server.level.ServerLevel
[26Jul2026 05:21:31.962] [main/DEBUG] [mixin/]: Mixing ServerWorldMixin from friendsandfoes-common.mixins.json into net.minecraft.server.level.ServerLevel
[26Jul2026 05:21:31.964] [main/DEBUG] [mixin/]: Discarding sythetic bridge method synthetic in m_6325_ because existing method in friendsandfoes-common.mixins.json:ServerWorldMixin is compatible
[26Jul2026 05:21:31.964] [main/DEBUG] [mixin/]: Renaming synthetic method lambda$friendsandfoes_getLightningRodPos$2(Lnet/minecraft/core/BlockPos;)Lnet/minecraft/core/BlockPos; to mdd17185$lambda$friendsandfoes_getLightningRodPos$2$0 in friendsandfoes-common.mixins.json:ServerWorldMixin
[26Jul2026 05:21:31.965] [main/DEBUG] [mixin/]: Renaming synthetic method lambda$friendsandfoes_getLightningRodPos$1(Lnet/minecraft/core/BlockPos;)Z to mdd17185$lambda$friendsandfoes_getLightningRodPos$1$1 in friendsandfoes-common.mixins.json:ServerWorldMixin
[26Jul2026 05:21:31.966] [main/DEBUG] [mixin/]: Renaming synthetic method lambda$friendsandfoes_getLightningRodPos$0(Lnet/minecraft/core/Holder;)Z to mdd17185$lambda$friendsandfoes_getLightningRodPos$0$2 in friendsandfoes-common.mixins.json:ServerWorldMixin
[26Jul2026 05:21:32.000] [main/DEBUG] [mixin/]: Mixing ServerLevelMixin from moonlight-common.mixins.json into net.minecraft.server.level.ServerLevel
[26Jul2026 05:21:32.005] [main/DEBUG] [mixin/]: Discarding sythetic bridge method synthetic in m_6325_ because existing method in moonlight-common.mixins.json:ServerLevelMixin is compatible
[26Jul2026 05:21:32.024] [main/DEBUG] [mixin/]: Mixing MixinBlockUpdate$Server from cold_sweat.mixin.json into net.minecraft.server.level.ServerLevel
[26Jul2026 05:21:32.025] [main/DEBUG] [mixin/]: Renaming synthetic method lambda$onBlockUpdate$0(Lnet/minecraft/core/BlockPos;Lnet/minecraft/world/level/block/state/BlockState;Lnet/minecraft/world/level/block/state/BlockState;)V to mdd17185$lambda$onBlockUpdate$0$3 in cold_sweat.mixin.json:MixinBlockUpdate$Server
[26Jul2026 05:21:32.031] [main/DEBUG] [mixin/]: Mixing EndergeticExpansionMixins from betterendisland.mixins.json into net.minecraft.server.level.ServerLevel
[26Jul2026 05:21:32.289] [main/DEBUG] [mixin/]: Mixing ItemMixin from cataclysm.mixins.json into net.minecraft.world.entity.item.ItemEntity
[26Jul2026 05:21:32.300] [main/DEBUG] [mixin/]: Mixing accessor.ItemEntityAccessor from bettertridents.common.mixins.json into net.minecraft.world.entity.item.ItemEntity
[26Jul2026 05:21:32.325] [main/DEBUG] [mixin/]: Mixing entity.PlayerMixin from mixins.netherexp.json into net.minecraft.world.entity.player.Player
[26Jul2026 05:21:32.331] [main/DEBUG] [mixin/]: Mixing PlayerMixin from raidsenhanced.mixins.json into net.minecraft.world.entity.player.Player
[26Jul2026 05:21:32.335] [main/DEBUG] [mixin/]: Mixing MixPlayer from justlevelingfork.mixins.json into net.minecraft.world.entity.player.Player
[26Jul2026 05:21:32.342] [main/DEBUG] [mixin/]: Mixing PlayerDataRemapMixin from copperagebackport.forge.mixins.json into net.minecraft.world.entity.player.Player
[26Jul2026 05:21:32.354] [main/DEBUG] [mixin/]: Mixing accessor.PlayerAccessor from easymagic.common.mixins.json into net.minecraft.world.entity.player.Player
[26Jul2026 05:21:32.355] [main/DEBUG] [mixin/]: Mixing PlayerEntityMixin from friendsandfoes-common.mixins.json into net.minecraft.world.entity.player.Player
[26Jul2026 05:21:32.395] [main/DEBUG] [mixin/]: Mixing PlayerMixin from alexscaves.mixins.json into net.minecraft.world.entity.player.Player
[26Jul2026 05:21:32.406] [main/DEBUG] [mixin/]: Mixing PlayerMixin from bettertridents.common.mixins.json into net.minecraft.world.entity.player.Player
[26Jul2026 05:21:32.623] [main/DEBUG] [mixin/]: Mixing bugfix.concurrency.ForgeRegistryTagManagerMixin from modernfix-forge.mixins.json into net.minecraftforge.registries.ForgeRegistryTagManager
[26Jul2026 05:21:32.639] [main/DEBUG] [mixin/]: Mixing bugfix.concurrency.NamespacedWrapperMixin from modernfix-forge.mixins.json into net.minecraftforge.registries.NamespacedWrapper
[26Jul2026 05:21:32.643] [main/DEBUG] [mixin/]: Mixing perf.fast_forge_dummies.NamespacedHolderHelperMixin from modernfix-forge.mixins.json into net.minecraftforge.registries.NamespacedWrapper
[26Jul2026 05:21:32.669] [main/DEBUG] [mixin/]: Mixing inject.MixinFluid from architectury-common.mixins.json into net.minecraft.world.level.material.Fluid
[26Jul2026 05:21:32.682] [main/DEBUG] [mixin/]: Mixing ItemMixin from iceberg.mixins.json into net.minecraft.world.item.Item
[26Jul2026 05:21:32.685] [main/DEBUG] [mixin/]: Mixing item.ItemMixin from mixins.netherexp.json into net.minecraft.world.item.Item
[26Jul2026 05:21:32.686] [main/DEBUG] [mixin/]: Mixing perf.forge_registry_alloc.DelegateHolderMixin from modernfix-forge.mixins.json into net.minecraft.world.item.Item
[26Jul2026 05:21:32.688] [main/DEBUG] [mixin/]: Mixing accessors.item.AccessorItem from bookshelf.common.mixins.json into net.minecraft.world.item.Item
[26Jul2026 05:21:32.688] [main/DEBUG] [mixin/]: Mixing inject.MixinItem from architectury-common.mixins.json into net.minecraft.world.item.Item
[26Jul2026 05:21:32.692] [main/DEBUG] [mixin/]: Mixing ItemMixin from ftblibrary-common.mixins.json into net.minecraft.world.item.Item
[26Jul2026 05:21:32.692] [main/DEBUG] [mixin/]: ftblibrary-common.mixins.json:ItemMixin: Class version 61 required is higher than the class version supported by the current version of Mixin (JAVA_8 supports class version 52)
[26Jul2026 05:21:32.692] [main/DEBUG] [mixin/]: Mixing tooltip.ItemMixin from deltaboxlib.mixins.json into net.minecraft.world.item.Item
[26Jul2026 05:21:32.700] [main/DEBUG] [mixin/]: Mixing ItemAccessor from tact.mixins.json into net.minecraft.world.item.Item
[26Jul2026 05:21:32.701] [main/DEBUG] [mixin/]: Renaming @Accessor method getBASE_ATTACK_DAMAGE_UUID()Ljava/util/UUID; to getBASE_ATTACK_DAMAGE_UUID_$md$d17185$0 in tact.mixins.json:ItemAccessor
[26Jul2026 05:21:32.701] [main/DEBUG] [mixin/]: Mixing ItemMixin from moonlight-common.mixins.json into net.minecraft.world.item.Item
[26Jul2026 05:21:32.705] [main/DEBUG] [mixin/]: Mixing access.ItemAccessor from platform.mixins.json into net.minecraft.world.item.Item
[26Jul2026 05:21:32.734] [main/DEBUG] [net.minecraftforge.coremod.transformer.CoreModBaseTransformer/COREMOD]: Transforming net/minecraft/world/entity/EntityType
[26Jul2026 05:21:32.850] [main/DEBUG] [mixin/]: Mixing EntityRemapMixin from copperagebackport.forge.mixins.json into net.minecraft.world.entity.EntityType
[26Jul2026 05:21:32.863] [main/DEBUG] [mixin/]: Mixing inject.MixinEntityType from architectury-common.mixins.json into net.minecraft.world.entity.EntityType
[26Jul2026 05:21:32.892] [main/DEBUG] [mixin/]: Mixing item.EnchantmentMixin from mixins.netherexp.json into net.minecraft.world.item.enchantment.Enchantment
[26Jul2026 05:21:32.900] [main/DEBUG] [mixin/]: Mixing entity.BlockEntityTypeMixin from mixins.netherexp.json into net.minecraft.world.level.block.entity.BlockEntityType
[26Jul2026 05:21:32.904] [main/DEBUG] [mixin/]: Mixing perf.dynamic_dfu.BlockEntityTypeMixin from modernfix-common.mixins.json into net.minecraft.world.level.block.entity.BlockEntityType
[26Jul2026 05:21:32.905] [main/DEBUG] [mixin/]: Mixing sign.BlockEntityTypeMixin from deltaboxlib.mixins.json into net.minecraft.world.level.block.entity.BlockEntityType
[26Jul2026 05:21:32.912] [main/DEBUG] [mixin/]: Mixing common.BlockEntityTypeMixin from platform-common.mixins.json into net.minecraft.world.level.block.entity.BlockEntityType
[26Jul2026 05:21:32.942] [main/DEBUG] [mixin/]: Mixing ChunkStatusMixin from alexscaves.mixins.json into net.minecraft.world.level.chunk.ChunkStatus
[26Jul2026 05:21:32.991] [main/DEBUG] [mixin/]: Mixing PointOfInterestTypesMixin from friendsandfoes-common.mixins.json into net.minecraft.world.entity.ai.village.poi.PoiTypes
[26Jul2026 05:21:32.997] [main/DEBUG] [mixin/]: Mixing MixinPoiTypes from lootr.mixins.json into net.minecraft.world.entity.ai.village.poi.PoiTypes
[26Jul2026 05:21:33.007] [main/DEBUG] [mixin/]: Mixing MixinPoiType from lootr.mixins.json into net.minecraft.world.entity.ai.village.poi.PoiType
[26Jul2026 05:21:33.010] [main/DEBUG] [mixin/]: Mixing PoiMixin from moonlight-common.mixins.json into net.minecraft.world.entity.ai.village.poi.PoiType
[26Jul2026 05:21:33.023] [main/DEBUG] [mixin/]: Mixing access.SensorTypeAccessor from platform-common.mixins.json into net.minecraft.world.entity.ai.sensing.SensorType
[26Jul2026 05:21:33.024] [main/DEBUG] [mixin/]: Renaming @Invoker method createSensorType(Ljava/util/function/Supplier;)Lnet/minecraft/world/entity/ai/sensing/SensorType; to createSensorType_$md$d17185$0 in platform-common.mixins.json:access.SensorTypeAccessor
[26Jul2026 05:21:33.032] [main/DEBUG] [mixin/]: Mixing access.ActivityAccessor from platform-common.mixins.json into net.minecraft.world.entity.schedule.Activity
[26Jul2026 05:21:33.032] [main/DEBUG] [mixin/]: Renaming @Invoker method createActivity(Ljava/lang/String;)Lnet/minecraft/world/entity/schedule/Activity; to createActivity_$md$d17185$0 in platform-common.mixins.json:access.ActivityAccessor
[26Jul2026 05:21:33.052] [main/DEBUG] [mixin/]: Mixing KeepRichSoilGiantTreeMixin from farmersdelight.mixins.json into net.minecraft.world.level.levelgen.feature.Feature
[26Jul2026 05:21:33.052] [main/DEBUG] [mixin/]: Renaming synthetic method lambda$keepRichSoil$0(Lnet/minecraft/world/level/block/state/BlockState;)Z to mdd17185$lambda$keepRichSoil$0$0 in farmersdelight.mixins.json:KeepRichSoilGiantTreeMixin
[26Jul2026 05:21:33.334] [main/DEBUG] [mixin/]: Mixing entity.DecoratedPotPatternsMixin from mixins.netherexp.json into net.minecraft.world.level.block.entity.DecoratedPotPatterns
[26Jul2026 05:21:33.370] [main/DEBUG] [mixin/]: Mixing perf.memoize_creative_tab_build.CreativeModeTabMixin from modernfix-common.mixins.json into net.minecraft.world.item.CreativeModeTab
[26Jul2026 05:21:33.393] [main/DEBUG] [mixin/]: Mixing FireBlockAccessor from friendsandfoes-forge.mixins.json into net.minecraft.world.level.block.FireBlock
[26Jul2026 05:21:33.396] [main/DEBUG] [mixin/]: Mixing FireBlockMixin from moonlight.mixins.json into net.minecraft.world.level.block.FireBlock
[26Jul2026 05:21:33.400] [main/DEBUG] [mixin/]: Mixing accessor.FireBlockForgeAccessor from puzzleslib.forge.mixins.json into net.minecraft.world.level.block.FireBlock
[26Jul2026 05:21:33.431] [main/DEBUG] [mixin/]: Mixing block.BaseFireBlockMixin from mixins.netherexp.json into net.minecraft.world.level.block.BaseFireBlock
[26Jul2026 05:21:33.438] [main/DEBUG] [mixin/]: Mixing MixinSoulFire from cold_sweat.mixin.json into net.minecraft.world.level.block.BaseFireBlock
[26Jul2026 05:21:33.506] [main/DEBUG] [mixin/]: Mixing multipart_entities.ShapesMixin from cerbons_api-common.mixins.json into net.minecraft.world.phys.shapes.Shapes
[26Jul2026 05:21:33.508] [main/DEBUG] [mixin/]: Mixing ShapesMixin from creativecore.mixins.json into net.minecraft.world.phys.shapes.Shapes
[26Jul2026 05:21:33.765] [main/DEBUG] [mixin/]: Mixing DiscreteVSAccess from ferritecore.blockstatecache.mixin.json into net.minecraft.world.phys.shapes.DiscreteVoxelShape
[26Jul2026 05:21:33.770] [main/DEBUG] [mixin/]: Mixing BitSetDVSAccess from ferritecore.blockstatecache.mixin.json into net.minecraft.world.phys.shapes.BitSetDiscreteVoxelShape
[26Jul2026 05:21:33.776] [main/DEBUG] [mixin/]: Mixing multipart_entities.VoxelShapeMixin from cerbons_api-common.mixins.json into net.minecraft.world.phys.shapes.VoxelShape
[26Jul2026 05:21:33.780] [main/DEBUG] [mixin/]: Mixing VoxelShapeAccessor from creativecore.mixins.json into net.minecraft.world.phys.shapes.VoxelShape
[26Jul2026 05:21:33.780] [main/DEBUG] [mixin/]: Mixing VoxelShapeAccess from ferritecore.blockstatecache.mixin.json into net.minecraft.world.phys.shapes.VoxelShape
[26Jul2026 05:21:33.786] [main/DEBUG] [mixin/]: Unexpected: Registered method setShape(Lnet/minecraft/world/phys/shapes/DiscreteVoxelShape;)V in net.minecraft.world.phys.shapes.VoxelShape was not merged
[26Jul2026 05:21:33.790] [main/DEBUG] [mixin/]: Mixing multipart_entities.InvokerArrayVoxelShape from cerbons_api-common.mixins.json into net.minecraft.world.phys.shapes.ArrayVoxelShape
[26Jul2026 05:21:33.790] [main/DEBUG] [mixin/]: Renaming @Invoker method init(Lnet/minecraft/world/phys/shapes/DiscreteVoxelShape;Lit/unimi/dsi/fastutil/doubles/DoubleList;Lit/unimi/dsi/fastutil/doubles/DoubleList;Lit/unimi/dsi/fastutil/doubles/DoubleList;)Lnet/minecraft/world/phys/shapes/ArrayVoxelShape; to init_$md$d17185$0 in cerbons_api-common.mixins.json:multipart_entities.InvokerArrayVoxelShape
[26Jul2026 05:21:33.790] [main/DEBUG] [mixin/]: Mixing ArrayVSAccess from ferritecore.blockstatecache.mixin.json into net.minecraft.world.phys.shapes.ArrayVoxelShape
[26Jul2026 05:21:33.793] [main/DEBUG] [mixin/]: Mixing SliceShapeAccess from ferritecore.blockstatecache.mixin.json into net.minecraft.world.phys.shapes.SliceShape
[26Jul2026 05:21:34.075] [main/DEBUG] [mixin/]: Mixing block.BlocksMixin from mixins.netherexp.json into net.minecraft.world.level.block.Blocks
[26Jul2026 05:21:34.077] [main/DEBUG] [mixin/]: Mixing perf.reduce_blockstate_cache_rebuilds.BlocksMixin from modernfix-common.mixins.json into net.minecraft.world.level.block.Blocks
[26Jul2026 05:21:34.077] [main/DEBUG] [mixin/]: Renaming synthetic method lambda$getEmptyConsumer$0(Ljava/lang/Object;)V to mdd17185$lambda$getEmptyConsumer$0$0 in modernfix-common.mixins.json:perf.reduce_blockstate_cache_rebuilds.BlocksMixin
[26Jul2026 05:21:34.263] [main/DEBUG] [net.minecraftforge.coremod.transformer.CoreModBaseTransformer/COREMOD]: Transforming net/minecraft/world/level/block/LiquidBlock
[26Jul2026 05:21:34.264] [main/DEBUG] [mixin/]: Mixing inject.MixinLiquidBlock from architectury-common.mixins.json into net.minecraft.world.level.block.LiquidBlock
[26Jul2026 05:21:34.278] [main/DEBUG] [mixin/]: Mixing CuttingBoardDispenserMixin from farmersdelight.mixins.json into net.minecraft.world.level.block.DispenserBlock
[26Jul2026 05:21:34.280] [main/DEBUG] [mixin/]: Mixing accessor.DispenserBlockAccessor from moonlight-common.mixins.json into net.minecraft.world.level.block.DispenserBlock
[26Jul2026 05:21:34.281] [main/DEBUG] [mixin/]: Renaming @Accessor method getDispenserRegistry()Ljava/util/Map; to getDispenserRegistry_$md$d17185$0 in moonlight-common.mixins.json:accessor.DispenserBlockAccessor
[26Jul2026 05:21:34.305] [main/DEBUG] [mixin/]: Mixing block.SoulFireBlockMixin from mixins.elysium_api.json into net.minecraft.world.level.block.SoulFireBlock
[26Jul2026 05:21:34.311] [main/DEBUG] [net.minecraftforge.coremod.transformer.CoreModBaseTransformer/COREMOD]: Transforming net/minecraft/world/level/block/StairBlock
[26Jul2026 05:21:34.322] [main/DEBUG] [mixin/]: Mixing CropBlockMixin from naturalist-common.mixins.json into net.minecraft.world.level.block.CropBlock
[26Jul2026 05:21:34.329] [main/DEBUG] [mixin/]: Mixing KeepRichSoilUntrampledMixin from farmersdelight.mixins.json into net.minecraft.world.level.block.FarmBlock
[26Jul2026 05:21:34.387] [main/DEBUG] [mixin/]: Mixing MixinFreezingWater$IceMelt from cold_sweat.mixin.json into net.minecraft.world.level.block.IceBlock
[26Jul2026 05:21:34.392] [main/DEBUG] [mixin/]: Mixing MixinIce$NoWaterOnBreak from cold_sweat.mixin.json into net.minecraft.world.level.block.IceBlock
[26Jul2026 05:21:34.436] [main/DEBUG] [mixin/]: Mixing CarvedPumpkinBlockMixin from friendsandfoes-common.mixins.json into net.minecraft.world.level.block.CarvedPumpkinBlock
[26Jul2026 05:21:34.442] [main/DEBUG] [mixin/]: Renaming synthetic method lambda$static$1(Lnet/minecraft/world/level/block/state/BlockState;)Z to mdd17185$lambda$static$1$0 in friendsandfoes-common.mixins.json:CarvedPumpkinBlockMixin
[26Jul2026 05:21:34.446] [main/DEBUG] [mixin/]: Renaming synthetic method lambda$static$0(Lnet/minecraft/world/level/block/state/BlockState;)Z to mdd17185$lambda$static$0$1 in friendsandfoes-common.mixins.json:CarvedPumpkinBlockMixin
[26Jul2026 05:21:34.548] [main/DEBUG] [mixin/]: Mixing block.StemBlockMixin from mixins.netherexp.json into net.minecraft.world.level.block.StemBlock
[26Jul2026 05:21:34.573] [main/DEBUG] [mixin/]: Mixing block.NetherWartBlockMixin from mixins.elysium_api.json into net.minecraft.world.level.block.NetherWartBlock
[26Jul2026 05:21:34.579] [main/DEBUG] [mixin/]: Mixing EnchantmentTableBlockMixin from easymagic.common.mixins.json into net.minecraft.world.level.block.EnchantmentTableBlock
[26Jul2026 05:21:34.634] [main/DEBUG] [mixin/]: Mixing perf.deduplicate_wall_shapes.WallBlockMixin from modernfix-common.mixins.json into net.minecraft.world.level.block.WallBlock
[26Jul2026 05:21:34.668] [main/DEBUG] [net.minecraftforge.coremod.transformer.CoreModBaseTransformer/COREMOD]: Transforming net/minecraft/world/level/block/FlowerPotBlock
[26Jul2026 05:21:34.687] [main/DEBUG] [mixin/]: Mixing AnvilBlockMixin from easyanvils.common.mixins.json into net.minecraft.world.level.block.AnvilBlock
[26Jul2026 05:21:34.691] [main/DEBUG] [mixin/]: Mixing AnvilBlockMixin from placebo.mixins.json into net.minecraft.world.level.block.AnvilBlock
[26Jul2026 05:21:34.724] [main/DEBUG] [mixin/]: Mixing block.TorchflowerCropBlockMixin from mixins.netherexp.json into net.minecraft.world.level.block.TorchflowerCropBlock
[26Jul2026 05:21:34.768] [main/DEBUG] [mixin/]: Mixing reinforced.BubbleColumnBlockMixin from securitycraft.mixins.json into net.minecraft.world.level.block.BubbleColumnBlock
[26Jul2026 05:21:34.817] [main/DEBUG] [mixin/]: Mixing CampfireBaleMixin from farmersdelight.mixins.json into net.minecraft.world.level.block.CampfireBlock
[26Jul2026 05:21:34.818] [main/DEBUG] [mixin/]: Mixing MixinSoulCampfire from cold_sweat.mixin.json into net.minecraft.world.level.block.CampfireBlock
[26Jul2026 05:21:34.828] [main/DEBUG] [mixin/]: Mixing block.RootsBlockMixin from mixins.elysium_api.json into net.minecraft.world.level.block.RootsBlock
[26Jul2026 05:21:34.829] [main/DEBUG] [mixin/]: Mixing block.NetherSproutsBlockMixin from mixins.elysium_api.json into net.minecraft.world.level.block.NetherSproutsBlock
[26Jul2026 05:21:34.832] [main/DEBUG] [mixin/]: Mixing block.WeepingVinesMixin from mixins.netherexp.json into net.minecraft.world.level.block.WeepingVinesBlock
[26Jul2026 05:21:34.833] [main/DEBUG] [mixin/]: Renaming synthetic method lambda$use$0(Lnet/minecraft/world/InteractionHand;Lnet/minecraft/world/entity/player/Player;)V to mdd17185$lambda$use$0$0 in mixins.netherexp.json:block.WeepingVinesMixin
[26Jul2026 05:21:34.836] [main/DEBUG] [net.minecraftforge.coremod.transformer.CoreModBaseTransformer/COREMOD]: Transforming getEnchantmentLevel with desc (Lnet/minecraft/world/item/enchantment/Enchantment;)I
[26Jul2026 05:21:34.838] [main/INFO] [net.minecraftforge.coremod.CoreMod.placebo/COREMODLOG]: Patching IForgeItemStack#getEnchantmentLevel
[26Jul2026 05:21:34.838] [main/DEBUG] [net.minecraftforge.coremod.transformer.CoreModBaseTransformer/COREMOD]: Transforming getAllEnchantments with desc ()Ljava/util/Map;
[26Jul2026 05:21:34.839] [main/INFO] [net.minecraftforge.coremod.CoreMod.placebo/COREMODLOG]: Patching IForgeItemStack#getEnchantmentLevel
[26Jul2026 05:21:34.849] [main/DEBUG] [mixin/]: Mixing block.TwistingVinesMixin from mixins.netherexp.json into net.minecraft.world.level.block.TwistingVinesBlock
[26Jul2026 05:21:34.850] [main/DEBUG] [mixin/]: Renaming synthetic method lambda$use$0(Lnet/minecraft/world/InteractionHand;Lnet/minecraft/world/entity/player/Player;)V to mdd17185$lambda$use$0$0 in mixins.netherexp.json:block.TwistingVinesMixin
[26Jul2026 05:21:34.959] [main/DEBUG] [mixin/]: Mixing MixPowderSnowBlock from justlevelingfork.mixins.json into net.minecraft.world.level.block.PowderSnowBlock
[26Jul2026 05:21:34.960] [main/DEBUG] [mixin/]: Mixing MixinPowderSnowBlock from curios.mixins.json into net.minecraft.world.level.block.PowderSnowBlock
[26Jul2026 05:21:34.984] [main/DEBUG] [mixin/]: Mixing LightningRodBlockMixin from copperagebackport.forge.mixins.json into net.minecraft.world.level.block.LightningRodBlock
[26Jul2026 05:21:34.986] [main/DEBUG] [mixin/]: Renaming synthetic method lambda$getNext$0(Lnet/minecraft/world/level/block/state/BlockState;Lnet/minecraft/world/level/block/Block;)Lnet/minecraft/world/level/block/state/BlockState; to mdd17185$lambda$getNext$0$0 in copperagebackport.forge.mixins.json:LightningRodBlockMixin
[26Jul2026 05:21:34.990] [main/DEBUG] [mixin/]: Mixing LightningRodBlockMixin from friendsandfoes-common.mixins.json into net.minecraft.world.level.block.LightningRodBlock
[26Jul2026 05:21:35.004] [main/DEBUG] [mixin/]: Mixing LightningRodBlockOxidizableMixin from friendsandfoes-common.mixins.json into net.minecraft.world.level.block.LightningRodBlock
[26Jul2026 05:21:35.005] [main/DEBUG] [mixin/]: Renaming synthetic method lambda$getDegradationResult$0(Lnet/minecraft/world/level/block/state/BlockState;Lnet/minecraft/world/level/block/Block;)Lnet/minecraft/world/level/block/state/BlockState; to mdd17185$lambda$getDegradationResult$0$1 in friendsandfoes-common.mixins.json:LightningRodBlockOxidizableMixin
[26Jul2026 05:21:35.007] [main/DEBUG] [mixin/]: Mixing LightningRodBlockDegradableMixin from friendsandfoes-common.mixins.json into net.minecraft.world.level.block.LightningRodBlock
[26Jul2026 05:21:35.056] [main/DEBUG] [mixin/]: Mixing BlockPropertiesAccessor from supermartijn642corelib.mixins.json into net.minecraft.world.level.block.state.BlockBehaviour$Properties
[26Jul2026 05:21:35.073] [main/DEBUG] [mixin/]: Mixing perf.state_definition_construct.StateDefinitionMixin from modernfix-common.mixins.json into net.minecraft.world.level.block.state.StateDefinition
[26Jul2026 05:21:35.090] [main/DEBUG] [mixin/]: Mixing FlowingFluidMixin from alexscaves.mixins.json into net.minecraft.world.level.material.FlowingFluid
[26Jul2026 05:21:35.165] [main/INFO] [net.minecraft.server.Bootstrap/]: Vanilla bootstrap took 5613 milliseconds
[26Jul2026 05:21:35.188] [main/DEBUG] [io.netty.util.internal.PlatformDependent0/]: -Dio.netty.noUnsafe: false
[26Jul2026 05:21:35.188] [main/DEBUG] [io.netty.util.internal.PlatformDependent0/]: Java version: 17
[26Jul2026 05:21:35.189] [main/DEBUG] [io.netty.util.internal.PlatformDependent0/]: sun.misc.Unsafe.theUnsafe: available
[26Jul2026 05:21:35.189] [main/DEBUG] [io.netty.util.internal.PlatformDependent0/]: sun.misc.Unsafe.copyMemory: available
[26Jul2026 05:21:35.189] [main/DEBUG] [io.netty.util.internal.PlatformDependent0/]: sun.misc.Unsafe.storeFence: available
[26Jul2026 05:21:35.190] [main/DEBUG] [io.netty.util.internal.PlatformDependent0/]: java.nio.Buffer.address: available
[26Jul2026 05:21:35.190] [main/DEBUG] [io.netty.util.internal.PlatformDependent0/]: direct buffer constructor: unavailable
java.lang.UnsupportedOperationException: Reflective setAccessible(true) disabled
	at io.netty.util.internal.ReflectionUtil.trySetAccessible(ReflectionUtil.java:31) ~[netty-common-4.1.82.Final.jar%2382!/:4.1.82.Final]
	at io.netty.util.internal.PlatformDependent0$5.run(PlatformDependent0.java:288) ~[netty-common-4.1.82.Final.jar%2382!/:4.1.82.Final]
	at java.security.AccessController.doPrivileged(AccessController.java:318) ~[?:?]
	at io.netty.util.internal.PlatformDependent0.<clinit>(PlatformDependent0.java:282) ~[netty-common-4.1.82.Final.jar%2382!/:4.1.82.Final]
	at io.netty.util.internal.PlatformDependent.isAndroid(PlatformDependent.java:333) ~[netty-common-4.1.82.Final.jar%2382!/:4.1.82.Final]
	at io.netty.util.internal.PlatformDependent.<clinit>(PlatformDependent.java:88) ~[netty-common-4.1.82.Final.jar%2382!/:4.1.82.Final]
	at io.netty.util.ConstantPool.<init>(ConstantPool.java:34) ~[netty-common-4.1.82.Final.jar%2382!/:4.1.82.Final]
	at io.netty.util.AttributeKey$1.<init>(AttributeKey.java:27) ~[netty-common-4.1.82.Final.jar%2382!/:4.1.82.Final]
	at io.netty.util.AttributeKey.<clinit>(AttributeKey.java:27) ~[netty-common-4.1.82.Final.jar%2382!/:4.1.82.Final]
	at net.minecraftforge.network.NetworkConstants.<clinit>(NetworkConstants.java:34) ~[forge-1.20.1-47.4.10-universal.jar%23294!/:?]
	at net.minecraft.server.Bootstrap.handler$zgn000$doClassloadHack(Bootstrap.java:1034) ~[server-1.20.1-20230612.114412-srg.jar%23289!/:?]
	at net.minecraft.server.Bootstrap.m_135870_(Bootstrap.java:69) ~[server-1.20.1-20230612.114412-srg.jar%23289!/:?]
	at net.minecraftforge.registries.ForgeRegistries.init(ForgeRegistries.java:212) ~[forge-1.20.1-47.4.10-universal.jar%23294!/:?]
	at net.minecraftforge.registries.ForgeRegistries.<clinit>(ForgeRegistries.java:65) ~[forge-1.20.1-47.4.10-universal.jar%23294!/:?]
	at net.minecraft.world.level.block.LiquidBlock.<init>(LiquidBlock.java:53) ~[server-1.20.1-20230612.114412-srg.jar%23289!/:?]
	at net.minecraft.world.level.block.Blocks.<clinit>(Blocks.java:77) ~[server-1.20.1-20230612.114412-srg.jar%23289!/:?]
	at net.minecraft.world.level.block.FireBlock.m_53484_(FireBlock.java:301) ~[server-1.20.1-20230612.114412-srg.jar%23289!/:?]
	at net.minecraft.server.Bootstrap.m_135870_(Bootstrap.java:46) ~[server-1.20.1-20230612.114412-srg.jar%23289!/:?]
	at net.minecraft.server.Main.main(Main.java:121) ~[server-1.20.1-20230612.114412-srg.jar%23289!/:?]
	at jdk.internal.reflect.NativeMethodAccessorImpl.invoke0(Native Method) ~[?:?]
	at jdk.internal.reflect.NativeMethodAccessorImpl.invoke(NativeMethodAccessorImpl.java:77) ~[?:?]
	at jdk.internal.reflect.DelegatingMethodAccessorImpl.invoke(DelegatingMethodAccessorImpl.java:43) ~[?:?]
	at java.lang.reflect.Method.invoke(Method.java:569) ~[?:?]
	at net.minecraftforge.fml.loading.targets.CommonLaunchHandler.runTarget(CommonLaunchHandler.java:111) ~[fmlloader-1.20.1-47.4.10.jar%2369!/:?]
	at net.minecraftforge.fml.loading.targets.CommonLaunchHandler.serverService(CommonLaunchHandler.java:103) ~[fmlloader-1.20.1-47.4.10.jar%2369!/:?]
	at net.minecraftforge.fml.loading.targets.CommonServerLaunchHandler.lambda$makeService$0(CommonServerLaunchHandler.java:27) ~[fmlloader-1.20.1-47.4.10.jar%2369!/:?]
	at cpw.mods.modlauncher.LaunchServiceHandlerDecorator.launch(LaunchServiceHandlerDecorator.java:30) ~[modlauncher-10.0.9.jar%2355!/:?]
	at cpw.mods.modlauncher.LaunchServiceHandler.launch(LaunchServiceHandler.java:53) ~[modlauncher-10.0.9.jar%2355!/:?]
	at cpw.mods.modlauncher.LaunchServiceHandler.launch(LaunchServiceHandler.java:71) ~[modlauncher-10.0.9.jar%2355!/:?]
	at cpw.mods.modlauncher.Launcher.run(Launcher.java:108) ~[modlauncher-10.0.9.jar%2355!/:?]
	at cpw.mods.modlauncher.Launcher.main(Launcher.java:78) ~[modlauncher-10.0.9.jar%2355!/:?]
	at cpw.mods.modlauncher.BootstrapLaunchConsumer.accept(BootstrapLaunchConsumer.java:26) ~[modlauncher-10.0.9.jar%2355!/:?]
	at cpw.mods.modlauncher.BootstrapLaunchConsumer.accept(BootstrapLaunchConsumer.java:23) ~[modlauncher-10.0.9.jar%2355!/:?]
	at cpw.mods.bootstraplauncher.BootstrapLauncher.main(BootstrapLauncher.java:141) ~[bootstraplauncher-1.1.2.jar:?]
[26Jul2026 05:21:35.191] [main/DEBUG] [io.netty.util.internal.PlatformDependent0/]: java.nio.Bits.unaligned: available, true
[26Jul2026 05:21:35.193] [main/DEBUG] [io.netty.util.internal.PlatformDependent0/]: jdk.internal.misc.Unsafe.allocateUninitializedArray(int): unavailable
java.lang.IllegalAccessException: class io.netty.util.internal.PlatformDependent0$7 (in module io.netty.common) cannot access class jdk.internal.misc.Unsafe (in module java.base) because module java.base does not export jdk.internal.misc to module io.netty.common
	at jdk.internal.reflect.Reflection.newIllegalAccessException(Reflection.java:392) ~[?:?]
	at java.lang.reflect.AccessibleObject.checkAccess(AccessibleObject.java:674) ~[?:?]
	at java.lang.reflect.Method.invoke(Method.java:561) ~[?:?]
	at io.netty.util.internal.PlatformDependent0$7.run(PlatformDependent0.java:410) ~[netty-common-4.1.82.Final.jar%2382!/:4.1.82.Final]
	at java.security.AccessController.doPrivileged(AccessController.java:318) ~[?:?]
	at io.netty.util.internal.PlatformDependent0.<clinit>(PlatformDependent0.java:401) ~[netty-common-4.1.82.Final.jar%2382!/:4.1.82.Final]
	at io.netty.util.internal.PlatformDependent.isAndroid(PlatformDependent.java:333) ~[netty-common-4.1.82.Final.jar%2382!/:4.1.82.Final]
	at io.netty.util.internal.PlatformDependent.<clinit>(PlatformDependent.java:88) ~[netty-common-4.1.82.Final.jar%2382!/:4.1.82.Final]
	at io.netty.util.ConstantPool.<init>(ConstantPool.java:34) ~[netty-common-4.1.82.Final.jar%2382!/:4.1.82.Final]
	at io.netty.util.AttributeKey$1.<init>(AttributeKey.java:27) ~[netty-common-4.1.82.Final.jar%2382!/:4.1.82.Final]
	at io.netty.util.AttributeKey.<clinit>(AttributeKey.java:27) ~[netty-common-4.1.82.Final.jar%2382!/:4.1.82.Final]
	at net.minecraftforge.network.NetworkConstants.<clinit>(NetworkConstants.java:34) ~[forge-1.20.1-47.4.10-universal.jar%23294!/:?]
	at net.minecraft.server.Bootstrap.handler$zgn000$doClassloadHack(Bootstrap.java:1034) ~[server-1.20.1-20230612.114412-srg.jar%23289!/:?]
	at net.minecraft.server.Bootstrap.m_135870_(Bootstrap.java:69) ~[server-1.20.1-20230612.114412-srg.jar%23289!/:?]
	at net.minecraftforge.registries.ForgeRegistries.init(ForgeRegistries.java:212) ~[forge-1.20.1-47.4.10-universal.jar%23294!/:?]
	at net.minecraftforge.registries.ForgeRegistries.<clinit>(ForgeRegistries.java:65) ~[forge-1.20.1-47.4.10-universal.jar%23294!/:?]
	at net.minecraft.world.level.block.LiquidBlock.<init>(LiquidBlock.java:53) ~[server-1.20.1-20230612.114412-srg.jar%23289!/:?]
	at net.minecraft.world.level.block.Blocks.<clinit>(Blocks.java:77) ~[server-1.20.1-20230612.114412-srg.jar%23289!/:?]
	at net.minecraft.world.level.block.FireBlock.m_53484_(FireBlock.java:301) ~[server-1.20.1-20230612.114412-srg.jar%23289!/:?]
	at net.minecraft.server.Bootstrap.m_135870_(Bootstrap.java:46) ~[server-1.20.1-20230612.114412-srg.jar%23289!/:?]
	at net.minecraft.server.Main.main(Main.java:121) ~[server-1.20.1-20230612.114412-srg.jar%23289!/:?]
	at jdk.internal.reflect.NativeMethodAccessorImpl.invoke0(Native Method) ~[?:?]
	at jdk.internal.reflect.NativeMethodAccessorImpl.invoke(NativeMethodAccessorImpl.java:77) ~[?:?]
	at jdk.internal.reflect.DelegatingMethodAccessorImpl.invoke(DelegatingMethodAccessorImpl.java:43) ~[?:?]
	at java.lang.reflect.Method.invoke(Method.java:569) ~[?:?]
	at net.minecraftforge.fml.loading.targets.CommonLaunchHandler.runTarget(CommonLaunchHandler.java:111) ~[fmlloader-1.20.1-47.4.10.jar%2369!/:?]
	at net.minecraftforge.fml.loading.targets.CommonLaunchHandler.serverService(CommonLaunchHandler.java:103) ~[fmlloader-1.20.1-47.4.10.jar%2369!/:?]
	at net.minecraftforge.fml.loading.targets.CommonServerLaunchHandler.lambda$makeService$0(CommonServerLaunchHandler.java:27) ~[fmlloader-1.20.1-47.4.10.jar%2369!/:?]
	at cpw.mods.modlauncher.LaunchServiceHandlerDecorator.launch(LaunchServiceHandlerDecorator.java:30) ~[modlauncher-10.0.9.jar%2355!/:?]
	at cpw.mods.modlauncher.LaunchServiceHandler.launch(LaunchServiceHandler.java:53) ~[modlauncher-10.0.9.jar%2355!/:?]
	at cpw.mods.modlauncher.LaunchServiceHandler.launch(LaunchServiceHandler.java:71) ~[modlauncher-10.0.9.jar%2355!/:?]
	at cpw.mods.modlauncher.Launcher.run(Launcher.java:108) ~[modlauncher-10.0.9.jar%2355!/:?]
	at cpw.mods.modlauncher.Launcher.main(Launcher.java:78) ~[modlauncher-10.0.9.jar%2355!/:?]
	at cpw.mods.modlauncher.BootstrapLaunchConsumer.accept(BootstrapLaunchConsumer.java:26) ~[modlauncher-10.0.9.jar%2355!/:?]
	at cpw.mods.modlauncher.BootstrapLaunchConsumer.accept(BootstrapLaunchConsumer.java:23) ~[modlauncher-10.0.9.jar%2355!/:?]
	at cpw.mods.bootstraplauncher.BootstrapLauncher.main(BootstrapLauncher.java:141) ~[bootstraplauncher-1.1.2.jar:?]
[26Jul2026 05:21:35.194] [main/DEBUG] [io.netty.util.internal.PlatformDependent0/]: java.nio.DirectByteBuffer.<init>(long, int): unavailable
[26Jul2026 05:21:35.194] [main/DEBUG] [io.netty.util.internal.PlatformDependent/]: sun.misc.Unsafe: available
[26Jul2026 05:21:35.195] [main/DEBUG] [io.netty.util.internal.PlatformDependent/]: maxDirectMemory: 7516192768 bytes (maybe)
[26Jul2026 05:21:35.195] [main/DEBUG] [io.netty.util.internal.PlatformDependent/]: -Dio.netty.tmpdir: /tmp (java.io.tmpdir)
[26Jul2026 05:21:35.195] [main/DEBUG] [io.netty.util.internal.PlatformDependent/]: -Dio.netty.bitMode: 64 (sun.arch.data.model)
[26Jul2026 05:21:35.195] [main/DEBUG] [io.netty.util.internal.PlatformDependent/]: -Dio.netty.maxDirectMemory: -1 bytes
[26Jul2026 05:21:35.196] [main/DEBUG] [io.netty.util.internal.PlatformDependent/]: -Dio.netty.uninitializedArrayAllocationThreshold: -1
[26Jul2026 05:21:35.197] [main/DEBUG] [io.netty.util.internal.CleanerJava9/]: java.nio.ByteBuffer.cleaner(): available
[26Jul2026 05:21:35.197] [main/DEBUG] [io.netty.util.internal.PlatformDependent/]: -Dio.netty.noPreferDirect: false
[26Jul2026 05:21:35.203] [main/DEBUG] [mixin/]: Mixing SimpleChannelMixin from connectivity.mixins.json into net.minecraftforge.network.simple.SimpleChannel
[26Jul2026 05:21:35.252] [main/DEBUG] [mixin/]: Mixing networkstats.CCustomPayloadPacketNameMixin from connectivity.mixins.json into net.minecraft.network.protocol.game.ServerboundCustomPayloadPacket
[26Jul2026 05:21:35.256] [main/DEBUG] [mixin/]: Mixing FriendlyByteBufLimitMixin from connectivity.mixins.json into net.minecraft.network.FriendlyByteBuf
[26Jul2026 05:21:35.272] [main/DEBUG] [mixin/]: Mixing ClientBoundCustomPayloadPacketLMixin from connectivity.mixins.json into net.minecraft.network.protocol.game.ClientboundCustomPayloadPacket
[26Jul2026 05:21:35.272] [main/DEBUG] [mixin/]: Mixing networkstats.SCustomPayloadPlayPacketNameMixin from connectivity.mixins.json into net.minecraft.network.protocol.game.ClientboundCustomPayloadPacket
[26Jul2026 05:21:35.276] [main/DEBUG] [mixin/]: Mixing networkstats.CCustomPayloadLoginPacketNameMixin from connectivity.mixins.json into net.minecraft.network.protocol.login.ServerboundCustomQueryPacket
[26Jul2026 05:21:35.278] [main/DEBUG] [mixin/]: Mixing networkstats.SCustomPayloadLoginPacketNameMixin from connectivity.mixins.json into net.minecraft.network.protocol.login.ClientboundCustomQueryPacket
[26Jul2026 05:21:35.386] [main/DEBUG] [mixin/]: Mixing BlockEntityMixin from refurbished_furniture.common.mixins.json into net.minecraft.world.level.block.entity.BlockEntity
[26Jul2026 05:21:35.386] [main/DEBUG] [mixin/]: Mixing BlockEntityMixin from musicbox.mixins.json into net.minecraft.world.level.block.entity.BlockEntity
[26Jul2026 05:21:35.387] [main/DEBUG] [mixin/]: Mixing BlockEntityMixin from collective_forge.mixins.json into net.minecraft.world.level.block.entity.BlockEntity
[26Jul2026 05:21:35.401] [main/DEBUG] [mixin/]: Mixing MixinFallingBlockEntity from architectury.mixins.json into net.minecraft.world.entity.item.FallingBlockEntity
[26Jul2026 05:21:35.404] [main/DEBUG] [mixin/]: Mixing FallingBlockEntityMixin from alexscaves.mixins.json into net.minecraft.world.entity.item.FallingBlockEntity
[26Jul2026 05:21:35.490] [main/DEBUG] [mixin/]: Mixing accessor.DispenserBlockEntityAccessor from moonlight-common.mixins.json into net.minecraft.world.level.block.entity.DispenserBlockEntity
[26Jul2026 05:21:35.494] [main/DEBUG] [mixin/]: Mixing MixinRandomizableContainerBlockEntity from lootr.mixins.json into net.minecraft.world.level.block.entity.RandomizableContainerBlockEntity
[26Jul2026 05:21:35.514] [main/DEBUG] [mixin/]: Mixing patches.block.entity.MixinBaseContainerBlockEntity from bookshelf.forge.mixins.json into net.minecraft.world.level.block.entity.BaseContainerBlockEntity
[26Jul2026 05:21:35.629] [main/DEBUG] [mixin/]: Mixing PistonBlockEntityMixin from moonlight-common.mixins.json into net.minecraft.world.level.block.piston.PistonMovingBlockEntity
[26Jul2026 05:21:35.691] [main/DEBUG] [mixin/]: Mixing KeepRichSoilTreeMixin from farmersdelight.mixins.json into net.minecraft.world.level.levelgen.feature.trunkplacers.TrunkPlacer
[26Jul2026 05:21:35.693] [main/DEBUG] [mixin/]: Renaming synthetic method lambda$cancelSetDirtIfRichSoil$0(Lnet/minecraft/world/level/block/state/BlockState;)Z to mdd17185$lambda$cancelSetDirtIfRichSoil$0$0 in farmersdelight.mixins.json:KeepRichSoilTreeMixin
[26Jul2026 05:21:35.739] [main/DEBUG] [mixin/]: Mixing ChiseledBookShelfBlockEntityMixin from easymagic.common.mixins.json into net.minecraft.world.level.block.entity.ChiseledBookShelfBlockEntity
[26Jul2026 05:21:35.791] [main/DEBUG] [mixin/]: Mixing access.SimpleParticleTypeAccessor from platform-common.mixins.json into net.minecraft.core.particles.SimpleParticleType
[26Jul2026 05:21:35.795] [main/DEBUG] [mixin/]: Renaming @Invoker method createSimpleParticleType(Z)Lnet/minecraft/core/particles/SimpleParticleType; to createSimpleParticleType_$md$d17185$0 in platform-common.mixins.json:access.SimpleParticleTypeAccessor
[26Jul2026 05:21:35.884] [main/DEBUG] [mixin/]: Mixing AbstractContainerMenuInvoker from placebo.mixins.json into net.minecraft.world.inventory.AbstractContainerMenu
[26Jul2026 05:21:35.884] [main/DEBUG] [mixin/]: Mixing AbstractContainerMenuMixin from icterine.mixins.json into net.minecraft.world.inventory.AbstractContainerMenu
[26Jul2026 05:21:35.887] [main/DEBUG] [mixin/]: Renaming synthetic method lambda$addSlot$0(Lnet/minecraft/world/inventory/Slot;)Ljava/lang/String; to mdd17185$lambda$addSlot$0$0 in icterine.mixins.json:AbstractContainerMenuMixin
[26Jul2026 05:21:35.887] [main/DEBUG] [mixin/]: Mixing accessor.AbstractContainerMenuAccessor from puzzleslib.common.mixins.json into net.minecraft.world.inventory.AbstractContainerMenu
[26Jul2026 05:21:35.888] [main/DEBUG] [mixin/]: Mixing MixinMenuChanged from cold_sweat.mixin.json into net.minecraft.world.inventory.AbstractContainerMenu
[26Jul2026 05:21:35.907] [main/DEBUG] [mixin/]: Mixing accessors.inventory.AccessorCraftingMenu from bookshelf.common.mixins.json into net.minecraft.world.inventory.CraftingMenu
[26Jul2026 05:21:35.908] [main/DEBUG] [mixin/]: Mixing MixCraftingMenu from justlevelingfork.mixins.json into net.minecraft.world.inventory.CraftingMenu
[26Jul2026 05:21:35.919] [main/DEBUG] [mixin/]: Mixing accessors.block.entity.AccessorSignBlockEntity from bookshelf.common.mixins.json into net.minecraft.world.level.block.entity.SignBlockEntity
[26Jul2026 05:21:35.923] [main/DEBUG] [mixin/]: Mixing woodType.WoodTypeMixin from deltaboxlib.mixins.json into net.minecraft.world.level.block.state.properties.WoodType
[26Jul2026 05:21:35.923] [main/DEBUG] [mixin/]: Renaming @Invoker method invokeRegister(Lnet/minecraft/world/level/block/state/properties/WoodType;)Lnet/minecraft/world/level/block/state/properties/WoodType; to invokeRegister_$md$d17185$0 in deltaboxlib.mixins.json:woodType.WoodTypeMixin
[26Jul2026 05:21:35.958] [main/DEBUG] [mixin/]: Mixing multipart_entities.AABBMixin from cerbons_api-common.mixins.json into net.minecraft.world.phys.AABB
[26Jul2026 05:21:35.972] [main/DEBUG] [mixin/]: Mixing entity.AbstractArrowMixin from mixins.netherexp.json into net.minecraft.world.entity.projectile.AbstractArrow
[26Jul2026 05:21:35.974] [main/DEBUG] [mixin/]: Mixing AbstractArrowMixin from alexscaves.mixins.json into net.minecraft.world.entity.projectile.AbstractArrow
[26Jul2026 05:21:35.987] [main/DEBUG] [mixin/]: Mixing entity.ProjectileMixin from mixins.netherexp.json into net.minecraft.world.entity.projectile.Projectile
[26Jul2026 05:21:35.987] [main/DEBUG] [mixin/]: Renaming synthetic method lambda$netherexp$entityCollisionCheck$0(Lnet/minecraft/world/entity/LivingEntity;)V to mdd17185$lambda$netherexp$entityCollisionCheck$0$0 in mixins.netherexp.json:entity.ProjectileMixin
[26Jul2026 05:21:35.990] [main/DEBUG] [mixin/]: Mixing multipart_entities.ProjectileMixin from cerbons_api-common.mixins.json into net.minecraft.world.entity.projectile.Projectile
[26Jul2026 05:21:36.011] [main/DEBUG] [mixin/]: Mixing JukeboxBlockEntityMixin from musicbox.mixins.json into net.minecraft.world.level.block.entity.JukeboxBlockEntity
[26Jul2026 05:21:36.058] [main/DEBUG] [mixin/]: Mixing PathfinderMobMixin from onlylooking.mixins.json into net.minecraft.world.entity.PathfinderMob
[26Jul2026 05:21:36.066] [main/DEBUG] [mixin/]: Renaming synthetic method lambda$trySelectAndScheduleVibration$8(Lnet/minecraft/world/level/gameevent/vibrations/VibrationSystem$Data;Lnet/minecraft/world/level/gameevent/vibrations/VibrationSystem$User;Lnet/minecraft/world/level/gameevent/vibrations/VibrationInfo;)V to mdd17185$lambda$trySelectAndScheduleVibration$8$0 in onlylooking.mixins.json:PathfinderMobMixin
[26Jul2026 05:21:36.066] [main/DEBUG] [mixin/]: Renaming synthetic method lambda$tick$7(Lnet/minecraft/world/entity/Entity;)Z to mdd17185$lambda$tick$7$1 in onlylooking.mixins.json:PathfinderMobMixin
[26Jul2026 05:21:36.069] [main/DEBUG] [mixin/]: Renaming synthetic method lambda$readAdditionalSaveData$6(Lnet/minecraft/world/level/gameevent/vibrations/VibrationSystem$Data;)V to mdd17185$lambda$readAdditionalSaveData$6$2 in onlylooking.mixins.json:PathfinderMobMixin
[26Jul2026 05:21:36.070] [main/DEBUG] [mixin/]: Renaming synthetic method lambda$readAdditionalSaveData$5(Lnet/minecraft/world/entity/monster/warden/AngerManagement;)V to mdd17185$lambda$readAdditionalSaveData$5$3 in onlylooking.mixins.json:PathfinderMobMixin
[26Jul2026 05:21:36.070] [main/DEBUG] [mixin/]: Renaming synthetic method lambda$readAdditionalSaveData$4(Lnet/minecraft/world/entity/Entity;)Z to mdd17185$lambda$readAdditionalSaveData$4$4 in onlylooking.mixins.json:PathfinderMobMixin
[26Jul2026 05:21:36.070] [main/DEBUG] [mixin/]: Renaming synthetic method lambda$addAdditionalSaveData$3(Lnet/minecraft/nbt/CompoundTag;Lnet/minecraft/nbt/Tag;)V to mdd17185$lambda$addAdditionalSaveData$3$5 in onlylooking.mixins.json:PathfinderMobMixin
[26Jul2026 05:21:36.070] [main/DEBUG] [mixin/]: Renaming synthetic method lambda$addAdditionalSaveData$2(Lnet/minecraft/nbt/CompoundTag;Lnet/minecraft/nbt/Tag;)V to mdd17185$lambda$addAdditionalSaveData$2$6 in onlylooking.mixins.json:PathfinderMobMixin
[26Jul2026 05:21:36.071] [main/DEBUG] [mixin/]: Renaming synthetic method lambda$addAdditionalSaveData$1(Lnet/minecraft/world/entity/Entity;)Z to mdd17185$lambda$addAdditionalSaveData$1$7 in onlylooking.mixins.json:PathfinderMobMixin
[26Jul2026 05:21:36.072] [main/DEBUG] [mixin/]: Renaming synthetic method lambda$new$0(Lnet/minecraft/world/entity/Entity;)Z to mdd17185$lambda$new$0$8 in onlylooking.mixins.json:PathfinderMobMixin
[26Jul2026 05:21:36.108] [main/DEBUG] [mixin/]: Mixing entity.EpicFightEquipmentMixin from easy_npc.forge.mixins.json into net.minecraft.world.entity.Mob
[26Jul2026 05:21:36.109] [main/DEBUG] [mixin/]: Mixing target.MobTargetingMixin from easy_npc.forge.mixins.json into net.minecraft.world.entity.Mob
[26Jul2026 05:21:36.111] [main/DEBUG] [mixin/]: Mixing entity.MobMixin from mixins.netherexp.json into net.minecraft.world.entity.Mob
[26Jul2026 05:21:36.112] [main/DEBUG] [mixin/]: Mixing MobMixin from naturalist-common.mixins.json into net.minecraft.world.entity.Mob
[26Jul2026 05:21:36.141] [main/DEBUG] [mixin/]: Mixing accessors.entity.AccessorMob from bookshelf.common.mixins.json into net.minecraft.world.entity.Mob
[26Jul2026 05:21:36.142] [main/DEBUG] [mixin/]: Mixing MobMixin from alexscaves.mixins.json into net.minecraft.world.entity.Mob
[26Jul2026 05:21:36.143] [main/DEBUG] [mixin/]: Mixing EntityMixin from moonlight-common.mixins.json into net.minecraft.world.entity.Mob
[26Jul2026 05:21:36.143] [main/DEBUG] [mixin/]: Mixing MobMixin from bettertridents.common.mixins.json into net.minecraft.world.entity.Mob
[26Jul2026 05:21:36.164] [main/DEBUG] [mixin/]: Mixing common.IronGolemMixin from endermanoverhaul-common.mixins.json into net.minecraft.world.entity.animal.IronGolem
[26Jul2026 05:21:36.164] [main/DEBUG] [mixin/]: Mixing IronGolemMixin from creeperoverhaul-common.mixins.json into net.minecraft.world.entity.animal.IronGolem
[26Jul2026 05:21:36.186] [main/DEBUG] [mixin/]: Mixing MonsterMixin from naturalist-common.mixins.json into net.minecraft.world.entity.monster.Monster
[26Jul2026 05:21:36.188] [main/DEBUG] [mixin/]: Mixing IllusionerHostileEntityMixin from friendsandfoes-common.mixins.json into net.minecraft.world.entity.monster.Monster
[26Jul2026 05:21:36.189] [main/DEBUG] [mixin/]: Mixing MonsterMixin from alexscaves.mixins.json into net.minecraft.world.entity.monster.Monster
[26Jul2026 05:21:36.226] [main/DEBUG] [mixin/]: Mixing accessor.EnchantmentMenuAccessor from easymagic.common.mixins.json into net.minecraft.world.inventory.EnchantmentMenu
[26Jul2026 05:21:36.234] [main/DEBUG] [mixin/]: Mixing brewing.BrewingStandBlockEntityMixin from mixins.netherexp.json into net.minecraft.world.level.block.entity.BrewingStandBlockEntity
[26Jul2026 05:21:36.243] [main/DEBUG] [net.minecraftforge.coremod.transformer.CoreModBaseTransformer/COREMOD]: Transforming net/minecraft/world/item/ItemStack
[26Jul2026 05:21:36.244] [main/DEBUG] [mixin/]: Mixing item.ItemStackMixin from mixins.netherexp.json into net.minecraft.world.item.ItemStack
[26Jul2026 05:21:36.245] [main/DEBUG] [mixin/]: Mixing ItemStackMixin from placebo.mixins.json into net.minecraft.world.item.ItemStack
[26Jul2026 05:21:36.245] [main/DEBUG] [mixin/]: Renaming synthetic method lambda$getOrCreate$0(Ljava/util/function/Function;Ljava/util/function/ToIntFunction;Lnet/minecraft/resources/ResourceLocation;)Ldev/shadowsoffire/placebo/util/CachedObject; to mdd17185$lambda$getOrCreate$0$0 in placebo.mixins.json:ItemStackMixin
[26Jul2026 05:21:36.247] [main/DEBUG] [mixin/]: Mixing MixItemStack from justlevelingfork.mixins.json into net.minecraft.world.item.ItemStack
[26Jul2026 05:21:36.247] [main/DEBUG] [mixin/]: Renaming synthetic method lambda$appendEnchantmentNames$1(Ljava/util/List;Lnet/minecraft/core/Holder$Reference;)V to mdd17185$lambda$appendEnchantmentNames$1$1 in justlevelingfork.mixins.json:MixItemStack
[26Jul2026 05:21:36.247] [main/DEBUG] [mixin/]: Renaming synthetic method lambda$appendEnchantmentNames$0(Ljava/util/List;Lnet/minecraft/nbt/CompoundTag;Lnet/minecraft/core/Holder$Reference;)V to mdd17185$lambda$appendEnchantmentNames$0$2 in justlevelingfork.mixins.json:MixItemStack
[26Jul2026 05:21:36.248] [main/DEBUG] [mixin/]: Mixing iteminteractions.ItemStackMixin from puzzlesapi.common.mixins.json into net.minecraft.world.item.ItemStack
[26Jul2026 05:21:36.249] [main/DEBUG] [mixin/]: Renaming synthetic method lambda$overrideOtherStackedOnMe$3(Lfuzs/puzzlesapi/api/iteminteractions/v1/provider/ItemContainerProvider;Lnet/minecraft/world/item/ItemStack;Lnet/minecraft/world/entity/player/Player;Lnet/minecraft/world/item/ItemStack;)I to mdd17185$lambda$overrideOtherStackedOnMe$3$3 in puzzlesapi.common.mixins.json:iteminteractions.ItemStackMixin
[26Jul2026 05:21:36.249] [main/DEBUG] [mixin/]: Renaming synthetic method lambda$overrideOtherStackedOnMe$2(Lfuzs/puzzlesapi/api/iteminteractions/v1/provider/ItemContainerProvider;Lnet/minecraft/world/item/ItemStack;Lnet/minecraft/world/entity/player/Player;)Lnet/minecraft/world/SimpleContainer; to mdd17185$lambda$overrideOtherStackedOnMe$2$4 in puzzlesapi.common.mixins.json:iteminteractions.ItemStackMixin
[26Jul2026 05:21:36.249] [main/DEBUG] [mixin/]: Renaming synthetic method lambda$overrideStackedOnOther$1(Lfuzs/puzzlesapi/api/iteminteractions/v1/provider/ItemContainerProvider;Lnet/minecraft/world/item/ItemStack;Lnet/minecraft/world/entity/player/Player;Lnet/minecraft/world/item/ItemStack;)I to mdd17185$lambda$overrideStackedOnOther$1$5 in puzzlesapi.common.mixins.json:iteminteractions.ItemStackMixin
[26Jul2026 05:21:36.249] [main/DEBUG] [mixin/]: Renaming synthetic method lambda$overrideStackedOnOther$0(Lfuzs/puzzlesapi/api/iteminteractions/v1/provider/ItemContainerProvider;Lnet/minecraft/world/item/ItemStack;Lnet/minecraft/world/entity/player/Player;)Lnet/minecraft/world/SimpleContainer; to mdd17185$lambda$overrideStackedOnOther$0$6 in puzzlesapi.common.mixins.json:iteminteractions.ItemStackMixin
[26Jul2026 05:21:36.255] [main/DEBUG] [mixin/]: Mixing ItemStackMixin from fastsuite.mixins.json into net.minecraft.world.item.ItemStack
[26Jul2026 05:21:36.256] [main/DEBUG] [mixin/]: Mixing ItemStackMixin from icterine.mixins.json into net.minecraft.world.item.ItemStack
[26Jul2026 05:21:36.257] [main/DEBUG] [mixin/]: Mixing MixinArmorBreak from cold_sweat.mixin.json into net.minecraft.world.item.ItemStack
[26Jul2026 05:21:36.270] [main/DEBUG] [net.minecraftforge.coremod.transformer.CoreModBaseTransformer/COREMOD]: Transforming getEnchantmentLevel with desc (Lnet/minecraft/world/item/enchantment/Enchantment;)I
[26Jul2026 05:21:36.271] [main/INFO] [net.minecraftforge.coremod.CoreMod.placebo/COREMODLOG]: Patching IForgeItemStack#getEnchantmentLevel
[26Jul2026 05:21:36.272] [main/DEBUG] [net.minecraftforge.coremod.transformer.CoreModBaseTransformer/COREMOD]: Transforming getAllEnchantments with desc ()Ljava/util/Map;
[26Jul2026 05:21:36.272] [main/INFO] [net.minecraftforge.coremod.CoreMod.placebo/COREMODLOG]: Patching IForgeItemStack#getEnchantmentLevel
[26Jul2026 05:21:36.340] [main/DEBUG] [mixin/]: Mixing accessor.AnvilMenuAccessor from easyanvils.common.mixins.json into net.minecraft.world.inventory.AnvilMenu
[26Jul2026 05:21:36.342] [main/DEBUG] [mixin/]: Mixing accessor.ItemCombinerMenuAccessor from easyanvils.common.mixins.json into net.minecraft.world.inventory.ItemCombinerMenu
[26Jul2026 05:21:36.444] [main/DEBUG] [mixin/]: Mixing TheEndGatewayBlockEntityMixin from betterendisland.mixins.json into net.minecraft.world.level.block.entity.TheEndGatewayBlockEntity
[26Jul2026 05:21:36.447] [main/DEBUG] [mixin/]: Mixing common.TheEndGatewayBlockEntityMixin from endermanoverhaul-common.mixins.json into net.minecraft.world.level.block.entity.TheEndGatewayBlockEntity
[26Jul2026 05:21:36.469] [main/DEBUG] [mixin/]: Mixing ZombieHorseAnimalEntityMixin from friendsandfoes-common.mixins.json into net.minecraft.world.entity.animal.Animal
[26Jul2026 05:21:36.585] [main/DEBUG] [mixin/]: Mixing SmithingMenuMixin from citadel.mixins.json into net.minecraft.world.inventory.SmithingMenu
[26Jul2026 05:21:36.596] [main/DEBUG] [mixin/]: Mixing MixinCampfire from cold_sweat.mixin.json into net.minecraft.world.level.block.entity.CampfireBlockEntity
[26Jul2026 05:21:36.694] [main/DEBUG] [mixin/]: Mixing patches.entity.MixinLightningBolt from bookshelf.common.mixins.json into net.minecraft.world.entity.LightningBolt
[26Jul2026 05:21:36.697] [main/DEBUG] [mixin/]: Mixing MixinLightningBolt from architectury-common.mixins.json into net.minecraft.world.entity.LightningBolt
[26Jul2026 05:21:36.698] [main/DEBUG] [mixin/]: Mixing LightningEntityMixin from friendsandfoes-common.mixins.json into net.minecraft.world.entity.LightningBolt
[26Jul2026 05:21:36.699] [main/DEBUG] [mixin/]: Renaming synthetic method lambda$friendsandfoes$cleanOxidationAround$0(Lnet/minecraft/world/level/Level;Lnet/minecraft/core/BlockPos;Lnet/minecraft/world/level/block/state/BlockState;)V to mdd17185$lambda$friendsandfoes$cleanOxidationAround$0$0 in friendsandfoes-common.mixins.json:LightningEntityMixin
[26Jul2026 05:21:36.700] [main/DEBUG] [mixin/]: Mixing LightningEntityMixin from moonlight-common.mixins.json into net.minecraft.world.entity.LightningBolt
[26Jul2026 05:21:36.712] [main/DEBUG] [mixin/]: Generating mapped inner class net/minecraft/world/level/block/LightningRodBlock$Anonymous$f6f8d86856dc45fe8723d7268f633026 (originally com/faboslav/friendsandfoes/common/mixin/LightningRodBlockMixin$1)
[26Jul2026 05:21:36.780] [main/DEBUG] [net.minecraftforge.coremod.transformer.CoreModBaseTransformer/COREMOD]: Transforming net/minecraft/world/entity/animal/frog/Tadpole
[26Jul2026 05:21:36.814] [main/DEBUG] [mixin/]: Mixing item.BlockItemMixin from mixins.netherexp.json into net.minecraft.world.item.BlockItem
[26Jul2026 05:21:36.815] [main/DEBUG] [mixin/]: Mixing BlockItemMixin from moonlight-common.mixins.json into net.minecraft.world.item.BlockItem
[26Jul2026 05:21:36.815] [main/DEBUG] [mixin/]: Mixing accessor.BlockItemAccessor from puzzleslib.common.mixins.json into net.minecraft.world.item.BlockItem
[26Jul2026 05:21:36.826] [main/DEBUG] [mixin/]: Mixing boat.BoatItemMixin from securitycraft.mixins.json into net.minecraft.world.item.BoatItem
[26Jul2026 05:21:36.833] [main/DEBUG] [mixin/]: Mixing item.BowItemMixin from mixins.netherexp.json into net.minecraft.world.item.BowItem
[26Jul2026 05:21:36.842] [main/DEBUG] [mixin/]: Mixing reinforced.SwordAndShearsItemMixin from securitycraft.mixins.json into net.minecraft.world.item.SwordItem
[26Jul2026 05:21:36.850] [main/DEBUG] [mixin/]: Mixing SoupItemMixin from farmersdelight.mixins.json into net.minecraft.world.item.BowlFoodItem
[26Jul2026 05:21:36.864] [main/DEBUG] [net.minecraftforge.coremod.transformer.CoreModBaseTransformer/COREMOD]: Transforming net/minecraft/world/item/BucketItem
[26Jul2026 05:21:36.865] [main/DEBUG] [mixin/]: Mixing item.BucketItemMixin from mixins.netherexp.json into net.minecraft.world.item.BucketItem
[26Jul2026 05:21:36.865] [main/DEBUG] [mixin/]: Mixing inject.MixinBucketItem from architectury-common.mixins.json into net.minecraft.world.item.BucketItem
[26Jul2026 05:21:36.874] [main/DEBUG] [mixin/]: Mixing iteminteractions.accessor.BundleItemAccessor from puzzlesapi.common.mixins.json into net.minecraft.world.item.BundleItem
[26Jul2026 05:21:36.874] [main/DEBUG] [mixin/]: Renaming @Invoker method puzzlesapi$getWeight(Lnet/minecraft/world/item/ItemStack;)I to puzzlesapi$getWeight_$md$d17185$0 in puzzlesapi.common.mixins.json:iteminteractions.accessor.BundleItemAccessor
[26Jul2026 05:21:36.874] [main/DEBUG] [mixin/]: Mixing BundleItemAccessor from friendsandfoes-common.mixins.json into net.minecraft.world.item.BundleItem
[26Jul2026 05:21:36.875] [main/DEBUG] [mixin/]: Renaming @Invoker method callAddToBundle(Lnet/minecraft/world/item/ItemStack;Lnet/minecraft/world/item/ItemStack;)I to callAddToBundle_$md$d17185$1 in friendsandfoes-common.mixins.json:BundleItemAccessor
[26Jul2026 05:21:36.880] [main/DEBUG] [mixin/]: Mixing BoneMealItemMixin from collective_forge.mixins.json into net.minecraft.world.item.BoneMealItem
[26Jul2026 05:21:36.885] [main/DEBUG] [mixin/]: Mixing MapItemMixin from naturalist-common.mixins.json into net.minecraft.world.item.MapItem
[26Jul2026 05:21:36.886] [main/DEBUG] [mixin/]: Mixing MapItemMixin from moonlight-common.mixins.json into net.minecraft.world.item.MapItem
[26Jul2026 05:21:36.888] [main/DEBUG] [mixin/]: Renaming synthetic method lambda$update$1(Lnet/minecraft/world/level/saveddata/maps/MapItemSavedData;Lnet/minecraft/world/entity/Entity;Ljava/util/concurrent/atomic/AtomicBoolean;Lnet/minecraft/resources/ResourceLocation;Lnet/mehvahdjukaar/moonlight/api/map/CustomMapData;)V to mdd17185$lambda$update$1$0 in moonlight-common.mixins.json:MapItemMixin
[26Jul2026 05:21:36.889] [main/DEBUG] [mixin/]: Renaming synthetic method lambda$appendHoverText$0(Lnet/minecraft/world/level/saveddata/maps/MapItemSavedData;Lnet/minecraft/world/item/ItemStack;Ljava/util/List;Lnet/minecraft/resources/ResourceLocation;Lnet/mehvahdjukaar/moonlight/api/map/CustomMapData;)V to mdd17185$lambda$appendHoverText$0$1 in moonlight-common.mixins.json:MapItemMixin
[26Jul2026 05:21:36.924] [main/DEBUG] [mixin/]: Mixing MixinShearsItem from curios.mixins.json into net.minecraft.world.item.ShearsItem
[26Jul2026 05:21:36.925] [main/DEBUG] [mixin/]: Mixing ShearItemMixin from moonlight-common.mixins.json into net.minecraft.world.item.ShearsItem
[26Jul2026 05:21:36.925] [main/DEBUG] [mixin/]: Mixing common.ShearsItemMixin from platform-common.mixins.json into net.minecraft.world.item.ShearsItem
[26Jul2026 05:21:36.928] [main/DEBUG] [mixin/]: Mixing reinforced.SwordAndShearsItemMixin from securitycraft.mixins.json into net.minecraft.world.item.ShearsItem
[26Jul2026 05:21:36.934] [main/DEBUG] [mixin/]: Mixing BottleItemMixin from naturalist-common.mixins.json into net.minecraft.world.item.BottleItem
[26Jul2026 05:21:36.936] [main/DEBUG] [mixin/]: Renaming synthetic method lambda$onUse$0(Lnet/minecraft/world/entity/AreaEffectCloud;)Z to mdd17185$lambda$onUse$0$0 in naturalist-common.mixins.json:BottleItemMixin
[26Jul2026 05:21:36.943] [main/DEBUG] [mixin/]: Mixing SpawnEggItemAccessor from friendsandfoes-common.mixins.json into net.minecraft.world.item.SpawnEggItem
[26Jul2026 05:21:36.944] [main/DEBUG] [mixin/]: Renaming @Accessor method variantsandventures$getSpawnEggs()Ljava/util/Map; to variantsandventures$getSpawnEggs_$md$d17185$0 in friendsandfoes-common.mixins.json:SpawnEggItemAccessor
[26Jul2026 05:21:36.947] [main/DEBUG] [mixin/]: Mixing reinforced.WritableAndWrittenBookItemMixin from securitycraft.mixins.json into net.minecraft.world.item.WritableBookItem
[26Jul2026 05:21:36.954] [main/DEBUG] [mixin/]: Mixing reinforced.WritableAndWrittenBookItemMixin from securitycraft.mixins.json into net.minecraft.world.item.WrittenBookItem
[26Jul2026 05:21:36.984] [main/DEBUG] [mixin/]: Mixing TridentItemMixin from bettertridents.common.mixins.json into net.minecraft.world.item.TridentItem
[26Jul2026 05:21:36.985] [main/DEBUG] [mixin/]: Renaming synthetic method lambda$releaseUsing$storeThrownTrident$0(Lnet/minecraft/world/entity/LivingEntity;Lfuzs/bettertridents/capability/TridentSlotCapability;)V to mdd17185$lambda$releaseUsing$storeThrownTrident$0$0 in bettertridents.common.mixins.json:TridentItemMixin
[26Jul2026 05:21:36.991] [main/DEBUG] [mixin/]: Mixing MixinTridentRiptide from cold_sweat.mixin.json into net.minecraft.world.item.TridentItem
[26Jul2026 05:21:37.009] [main/DEBUG] [mixin/]: Mixing item.CrossbowItemMixin from mixins.netherexp.json into net.minecraft.world.item.CrossbowItem
[26Jul2026 05:21:37.012] [main/DEBUG] [mixin/]: Renaming synthetic method lambda$netherexp$crossbowProjectiles$0(Lnet/minecraft/world/item/ItemStack;)Z to mdd17185$lambda$netherexp$crossbowProjectiles$0$0 in mixins.netherexp.json:item.CrossbowItemMixin
[26Jul2026 05:21:37.045] [main/DEBUG] [mixin/]: Mixing suspiciousmines.BrushItemMixin from securitycraft.mixins.json into net.minecraft.world.item.BrushItem
[26Jul2026 05:21:37.045] [main/DEBUG] [mixin/]: Renaming synthetic method lambda$securitycraft$checkForSuspiciousMine$1(Lnet/minecraft/world/entity/player/Player;)V to mdd17185$lambda$securitycraft$checkForSuspiciousMine$1$0 in securitycraft.mixins.json:suspiciousmines.BrushItemMixin
[26Jul2026 05:21:37.045] [main/DEBUG] [mixin/]: Renaming synthetic method lambda$securitycraft$makeSuspiciousMinesBrushablePartTwo$0(Lnet/minecraft/world/entity/Entity;)Z to mdd17185$lambda$securitycraft$makeSuspiciousMinesBrushablePartTwo$0$1 in securitycraft.mixins.json:suspiciousmines.BrushItemMixin
[26Jul2026 05:21:37.091] [main/DEBUG] [mixin/]: Mixing inject.MixinItemProperties from architectury-common.mixins.json into net.minecraft.world.item.Item$Properties
[26Jul2026 05:21:37.128] [main/DEBUG] [mixin/]: Mixing AbstractMinecartMixin from alexscaves.mixins.json into net.minecraft.world.entity.vehicle.AbstractMinecart
[26Jul2026 05:21:37.154] [main/DEBUG] [mixin/]: Mixing MixinMinecart from cold_sweat.mixin.json into net.minecraft.world.entity.vehicle.AbstractMinecart
[26Jul2026 05:21:37.202] [main/DEBUG] [mixin/]: Mixing ServerPlayerMixin from betterendisland.mixins.json into net.minecraft.server.level.ServerPlayer
[26Jul2026 05:21:37.203] [main/DEBUG] [mixin/]: Mixing ServerPlayerEntityTickMixin from yungsapi.mixins.json into net.minecraft.server.level.ServerPlayer
[26Jul2026 05:21:37.203] [main/DEBUG] [mixin/]: Mixing ServerPlayerMixin from moonlight-common.mixins.json into net.minecraft.server.level.ServerPlayer
[26Jul2026 05:21:37.205] [main/DEBUG] [mixin/]: Mixing camera.ServerPlayerMixin from securitycraft.mixins.json into net.minecraft.server.level.ServerPlayer
[26Jul2026 05:21:37.236] [main/DEBUG] [mixin/]: Mixing perf.dynamic_dfu.EntityTypeBuilderMixin from modernfix-common.mixins.json into net.minecraft.world.entity.EntityType$Builder
[26Jul2026 05:21:37.248] [main/DEBUG] [mixin/]: Mixing statues.accessor.ArmorStandAccessor from puzzlesapi.common.mixins.json into net.minecraft.world.entity.decoration.ArmorStand
[26Jul2026 05:21:37.263] [main/DEBUG] [mixin/]: Mixing accessor.ExperienceOrbAccessor from bettertridents.common.mixins.json into net.minecraft.world.entity.ExperienceOrb
[26Jul2026 05:21:37.270] [main/DEBUG] [mixin/]: Mixing perf.ticking_chunk_alloc.BatMixin from modernfix-common.mixins.json into net.minecraft.world.entity.ambient.Bat
[26Jul2026 05:21:37.283] [main/DEBUG] [mixin/]: Mixing BeeEntityAccessor from friendsandfoes-common.mixins.json into net.minecraft.world.entity.animal.Bee
[26Jul2026 05:21:37.283] [main/DEBUG] [mixin/]: Mixing BeeEntityMixin from friendsandfoes-common.mixins.json into net.minecraft.world.entity.animal.Bee
[26Jul2026 05:21:37.294] [main/DEBUG] [mixin/]: Mixing TemptGoalMixin from friendsandfoes-common.mixins.json into net.minecraft.world.entity.ai.goal.TemptGoal
[26Jul2026 05:21:37.294] [main/DEBUG] [mixin/]: Renaming synthetic method lambda$friendsandfoes_canStartWithReturn$0(Lcom/faboslav/friendsandfoes/common/entity/TuffGolemEntity;)Z to mdd17185$lambda$friendsandfoes_canStartWithReturn$0$0 in friendsandfoes-common.mixins.json:TemptGoalMixin
[26Jul2026 05:21:37.306] [main/DEBUG] [mixin/]: Mixing BeeEntityMoveToHiveGoalMixin from friendsandfoes-common.mixins.json into net.minecraft.world.entity.animal.Bee$BeeGoToHiveGoal
[26Jul2026 05:21:37.308] [main/DEBUG] [mixin/]: Mixing BeeEntityMoveToFlowerGoalMixin from friendsandfoes-common.mixins.json into net.minecraft.world.entity.animal.Bee$BeeGoToKnownFlowerGoal
[26Jul2026 05:21:37.310] [main/DEBUG] [mixin/]: Mixing BeeGoalMixin from moonlight-common.mixins.json into net.minecraft.world.entity.animal.Bee$BeeGrowCropGoal
[26Jul2026 05:21:37.316] [main/DEBUG] [mixin/]: Mixing entity.NearestAttackableTargetGoalMixin from mixins.netherexp.json into net.minecraft.world.entity.ai.goal.target.NearestAttackableTargetGoal
[26Jul2026 05:21:37.321] [main/DEBUG] [mixin/]: Mixing BlazeEntityMixin from friendsandfoes-common.mixins.json into net.minecraft.world.entity.monster.Blaze
[26Jul2026 05:21:37.345] [main/DEBUG] [mixin/]: Mixing boat.BoatMixin from securitycraft.mixins.json into net.minecraft.world.entity.vehicle.Boat
[26Jul2026 05:21:37.357] [main/DEBUG] [mixin/]: Mixing ZombieHorseAbstractHorseEntityMixin from friendsandfoes-common.mixins.json into net.minecraft.world.entity.animal.horse.AbstractHorse
[26Jul2026 05:21:37.378] [main/DEBUG] [mixin/]: Mixing MixinCatSitOnBlockGoal from lootr.mixins.json into net.minecraft.world.entity.ai.goal.CatSitOnBlockGoal
[26Jul2026 05:21:37.387] [main/DEBUG] [net.minecraftforge.coremod.transformer.CoreModBaseTransformer/COREMOD]: Transforming net/minecraft/world/entity/monster/Spider
[26Jul2026 05:21:37.418] [main/DEBUG] [mixin/]: Mixing ChickenEntityMixin from friendsandfoes-common.mixins.json into net.minecraft.world.entity.animal.Chicken
[26Jul2026 05:21:37.418] [main/DEBUG] [mixin/]: Renaming synthetic method lambda$friendsandfoes_addFleeGoal$0(Ljava/lang/Object;)Z to mdd17185$lambda$friendsandfoes_addFleeGoal$0$0 in friendsandfoes-common.mixins.json:ChickenEntityMixin
[26Jul2026 05:21:37.433] [main/DEBUG] [mixin/]: Mixing entity.CreeperMixin from easy_npc.forge.mixins.json into net.minecraft.world.entity.monster.Creeper
[26Jul2026 05:21:37.433] [main/DEBUG] [mixin/]: Mixing CreeperMixin from naturalist-common.mixins.json into net.minecraft.world.entity.monster.Creeper
[26Jul2026 05:21:37.450] [main/DEBUG] [mixin/]: Mixing entity.AbstractHurtingProjectileMixin from mixins.netherexp.json into net.minecraft.world.entity.projectile.AbstractHurtingProjectile
[26Jul2026 05:21:37.458] [main/DEBUG] [net.minecraftforge.coremod.transformer.CoreModBaseTransformer/COREMOD]: Transforming net/minecraft/world/entity/monster/Zombie
[26Jul2026 05:21:37.512] [main/DEBUG] [mixin/]: Mixing ZombieMixin from naturalist-common.mixins.json into net.minecraft.world.entity.monster.Zombie
[26Jul2026 05:21:37.521] [main/DEBUG] [net.minecraftforge.coremod.transformer.CoreModBaseTransformer/COREMOD]: Transforming net/minecraft/world/entity/monster/ZombieVillager
[26Jul2026 05:21:37.554] [main/DEBUG] [mixin/]: Mixing ThrownTridentMixin from bettertridents.common.mixins.json into net.minecraft.world.entity.projectile.ThrownTrident
[26Jul2026 05:21:37.555] [main/DEBUG] [mixin/]: Renaming synthetic method lambda$tryPickup$inject$head$1(Lnet/minecraft/world/entity/player/Player;Lfuzs/bettertridents/capability/TridentSlotCapability;)Ljava/lang/Boolean; to mdd17185$lambda$tryPickup$inject$head$1$0 in bettertridents.common.mixins.json:ThrownTridentMixin
[26Jul2026 05:21:37.555] [main/DEBUG] [mixin/]: Renaming synthetic method lambda$tryPickup$inject$head$0(Lnet/minecraft/world/entity/player/Player;Lfuzs/bettertridents/capability/TridentSlotCapability;)Ljava/lang/Boolean; to mdd17185$lambda$tryPickup$inject$head$0$1 in bettertridents.common.mixins.json:ThrownTridentMixin
[26Jul2026 05:21:37.557] [main/DEBUG] [mixin/]: Mixing accessor.ThrownTridentAccessor from bettertridents.common.mixins.json into net.minecraft.world.entity.projectile.ThrownTrident
[26Jul2026 05:21:37.557] [main/DEBUG] [mixin/]: Renaming @Accessor method getLoyaltyId()Lnet/minecraft/network/syncher/EntityDataAccessor; to getLoyaltyId_$md$d17185$2 in bettertridents.common.mixins.json:accessor.ThrownTridentAccessor
[26Jul2026 05:21:37.582] [main/DEBUG] [mixin/]: Mixing entity.EndermanMixin from easy_npc.forge.mixins.json into net.minecraft.world.entity.monster.EnderMan
[26Jul2026 05:21:37.583] [main/DEBUG] [mixin/]: Mixing common.EnderManMixin from endermanoverhaul-common.mixins.json into net.minecraft.world.entity.monster.EnderMan
[26Jul2026 05:21:37.602] [main/DEBUG] [mixin/]: Mixing IllusionerSpellcastingIllagerEntityMixin from friendsandfoes-common.mixins.json into net.minecraft.world.entity.monster.SpellcasterIllager
[26Jul2026 05:21:37.605] [main/DEBUG] [mixin/]: Mixing entity.RaiderMixin from easy_npc.forge.mixins.json into net.minecraft.world.entity.raid.Raider
[26Jul2026 05:21:37.606] [main/DEBUG] [mixin/]: Mixing IllusionerRaiderEntityMixin from friendsandfoes-common.mixins.json into net.minecraft.world.entity.raid.Raider
[26Jul2026 05:21:37.615] [main/DEBUG] [net.minecraftforge.coremod.transformer.CoreModBaseTransformer/COREMOD]: Transforming net/minecraft/world/entity/monster/Evoker$EvokerSummonSpellGoal
[26Jul2026 05:21:37.628] [main/DEBUG] [mixin/]: Mixing FixBlockPlaceContextMixin from moonlight-common.mixins.json into net.minecraft.world.item.context.BlockPlaceContext
[26Jul2026 05:21:37.637] [main/DEBUG] [mixin/]: Mixing entity.FoxMixin from easy_npc.forge.mixins.json into net.minecraft.world.entity.animal.Fox
[26Jul2026 05:21:37.656] [main/DEBUG] [mixin/]: Mixing FrogMixin from alexscaves.mixins.json into net.minecraft.world.entity.animal.frog.Frog
[26Jul2026 05:21:37.689] [main/DEBUG] [mixin/]: Mixing IllusionerEntityMixin from friendsandfoes-common.mixins.json into net.minecraft.world.entity.monster.Illusioner
[26Jul2026 05:21:37.713] [main/DEBUG] [mixin/]: Mixing BlindTargetGoalFactory from friendsandfoes-common.mixins.json into net.minecraft.world.entity.monster.Illusioner$IllusionerBlindnessSpellGoal
[26Jul2026 05:21:37.714] [main/DEBUG] [mixin/]: Renaming @Invoker method newBlindTargetGoal(Lnet/minecraft/world/entity/monster/Illusioner;)Lnet/minecraft/world/entity/monster/Illusioner$IllusionerBlindnessSpellGoal; to newBlindTargetGoal_$md$d17185$0 in friendsandfoes-common.mixins.json:BlindTargetGoalFactory
[26Jul2026 05:21:37.720] [main/DEBUG] [mixin/]: Mixing OfferFlowerGoalMixin from copperagebackport.forge.mixins.json into net.minecraft.world.entity.ai.goal.OfferFlowerGoal
[26Jul2026 05:21:37.721] [main/DEBUG] [mixin/]: Renaming synthetic method lambda$copperagebackport$canUseWithCopperGolem$0(Lcom/github/smallinger/copperagebackport/entity/CopperGolemEntity;)Z to mdd17185$lambda$copperagebackport$canUseWithCopperGolem$0$0 in copperagebackport.forge.mixins.json:OfferFlowerGoalMixin
[26Jul2026 05:21:37.764] [main/DEBUG] [mixin/]: Mixing entity.SlimeMixin from easy_npc.forge.mixins.json into net.minecraft.world.entity.monster.Slime
[26Jul2026 05:21:37.827] [main/DEBUG] [mixin/]: Mixing entity.PiglinMixin from easy_npc.forge.mixins.json into net.minecraft.world.entity.monster.piglin.Piglin
[26Jul2026 05:21:37.838] [main/DEBUG] [mixin/]: Mixing entity.PiglinMixin from easy_npc.forge.mixins.json into net.minecraft.world.entity.monster.piglin.PiglinBrute
[26Jul2026 05:21:37.848] [main/DEBUG] [mixin/]: Mixing ThrownPotionMixin from moonlight-common.mixins.json into net.minecraft.world.entity.projectile.ThrownPotion
[26Jul2026 05:21:37.857] [main/DEBUG] [mixin/]: Mixing RabbitsEatCabbageMixin from farmersdelight.mixins.json into net.minecraft.world.entity.animal.Rabbit
[26Jul2026 05:21:37.858] [main/DEBUG] [mixin/]: Mixing RabbitEntityMixin from friendsandfoes-common.mixins.json into net.minecraft.world.entity.animal.Rabbit
[26Jul2026 05:21:37.858] [main/DEBUG] [mixin/]: Renaming synthetic method lambda$friendsandfoes_addFleeGoal$0(Ljava/lang/Object;)Z to mdd17185$lambda$friendsandfoes_addFleeGoal$0$0 in friendsandfoes-common.mixins.json:RabbitEntityMixin
[26Jul2026 05:21:37.866] [main/DEBUG] [mixin/]: Mixing accessor.RavagerAccessor from mutantmonsters.common.mixins.json into net.minecraft.world.entity.monster.Ravager
[26Jul2026 05:21:37.879] [main/DEBUG] [mixin/]: Mixing MixShulkerBullet from justlevelingfork.mixins.json into net.minecraft.world.entity.projectile.ShulkerBullet
[26Jul2026 05:21:37.895] [main/DEBUG] [net.minecraftforge.coremod.transformer.CoreModBaseTransformer/COREMOD]: Transforming net/minecraft/world/entity/animal/horse/SkeletonTrapGoal
[26Jul2026 05:21:37.918] [main/DEBUG] [mixin/]: Mixing SnowballEntityMixin from friendsandfoes-common.mixins.json into net.minecraft.world.entity.projectile.Snowball
[26Jul2026 05:21:37.924] [main/DEBUG] [mixin/]: Mixing spawner.BaseSpawnerMixin from easy_npc.forge.mixins.json into net.minecraft.world.level.BaseSpawner
[26Jul2026 05:21:37.943] [main/DEBUG] [net.minecraftforge.coremod.transformer.CoreModBaseTransformer/COREMOD]: Transforming net/minecraft/world/entity/monster/Strider
[26Jul2026 05:21:37.993] [main/DEBUG] [mixin/]: Mixing entity.StriderMixin from mixins.netherexp.json into net.minecraft.world.entity.monster.Strider
[26Jul2026 05:21:38.019] [main/DEBUG] [mixin/]: Mixing AddCustomEntityPoseMixin from friendsandfoes-common.mixins.json into net.minecraft.world.entity.Pose
[26Jul2026 05:21:38.023] [main/DEBUG] [mixin/]: Renaming @Invoker method newEntityPose(Ljava/lang/String;I)Lnet/minecraft/world/entity/Pose; to newEntityPose_$md$d17185$0 in friendsandfoes-common.mixins.json:AddCustomEntityPoseMixin
[26Jul2026 05:21:38.089] [main/DEBUG] [mixin/]: Mixing VillagerHostilesSensorMixin from friendsandfoes-common.mixins.json into net.minecraft.world.entity.ai.sensing.VillagerHostilesSensor
[26Jul2026 05:21:38.142] [main/DEBUG] [mixin/]: Mixing perf.ticking_chunk_alloc.ChunkAccessMixin from modernfix-common.mixins.json into net.minecraft.world.level.chunk.ChunkAccess
[26Jul2026 05:21:38.156] [main/DEBUG] [mixin/]: Mixing ChunkSectionReadSkipMixin from connectivity.mixins.json into net.minecraft.world.level.chunk.LevelChunk
[26Jul2026 05:21:38.161] [main/DEBUG] [mixin/]: Mixing LevelChunkMixin from refurbished_furniture.common.mixins.json into net.minecraft.world.level.chunk.LevelChunk
[26Jul2026 05:21:38.162] [main/DEBUG] [mixin/]: Mixing LevelChunkMixin from moonlight-common.mixins.json into net.minecraft.world.level.chunk.LevelChunk
[26Jul2026 05:21:38.162] [main/DEBUG] [mixin/]: Mixing LevelChunkMixin from movingelevators.mixins.json into net.minecraft.world.level.chunk.LevelChunk
[26Jul2026 05:21:38.163] [main/DEBUG] [mixin/]: Mixing MixinLevelChunk from lootr.mixins.json into net.minecraft.world.level.chunk.LevelChunk
[26Jul2026 05:21:38.175] [main/WARN] [mixin/]: @Inject(@At("INVOKE_ASSIGN")) Shift.BY=2 on refurbished_furniture.common.mixins.json:LevelChunkMixin::handler$zni000$refurbishedFurniture$AfterRemoveBlockEntity exceeds the maximum allowed value: 0. Increase the value of maxShiftBy to suppress this warning.
[26Jul2026 05:21:38.203] [main/DEBUG] [net.minecraftforge.coremod.transformer.CoreModBaseTransformer/COREMOD]: Transforming net/minecraft/world/entity/npc/Villager
[26Jul2026 05:21:38.269] [main/DEBUG] [mixin/]: Mixing entity.VillagerMixin from easy_npc.forge.mixins.json into net.minecraft.world.entity.npc.Villager
[26Jul2026 05:21:38.272] [main/DEBUG] [mixin/]: Mixing MixVillager from justlevelingfork.mixins.json into net.minecraft.world.entity.npc.Villager
[26Jul2026 05:21:38.276] [main/DEBUG] [mixin/]: Mixing VillagerMixin from moonlight-common.mixins.json into net.minecraft.world.entity.npc.Villager
[26Jul2026 05:21:38.293] [main/DEBUG] [mixin/]: Mixing menu.MerchantMenuMixin from easy_npc.forge.mixins.json into net.minecraft.world.inventory.MerchantMenu
[26Jul2026 05:21:38.297] [main/DEBUG] [mixin/]: Mixing entity.WitchMixin from easy_npc.forge.mixins.json into net.minecraft.world.entity.monster.Witch
[26Jul2026 05:21:38.320] [main/DEBUG] [mixin/]: Mixing ZombieHorseEntityMixin from friendsandfoes-common.mixins.json into net.minecraft.world.entity.animal.horse.ZombieHorse
[26Jul2026 05:21:38.341] [main/DEBUG] [mixin/]: Mixing perf.faster_ingredients.IngredientMixin from modernfix-forge.mixins.json into net.minecraft.world.item.crafting.Ingredient
[26Jul2026 05:21:38.342] [main/DEBUG] [mixin/]: Renaming synthetic method lambda$computeItemsArray$1(I)[Lnet/minecraft/world/item/ItemStack; to mdd17185$lambda$computeItemsArray$1$0 in modernfix-forge.mixins.json:perf.faster_ingredients.IngredientMixin
[26Jul2026 05:21:38.343] [main/DEBUG] [mixin/]: Renaming synthetic method lambda$modernfix$fasterTagIngredientStacking$0(Lnet/minecraft/core/Holder;)I to mdd17185$lambda$modernfix$fasterTagIngredientStacking$0$1 in modernfix-forge.mixins.json:perf.faster_ingredients.IngredientMixin
[26Jul2026 05:21:38.356] [main/DEBUG] [mixin/]: Mixing perf.smart_ingredient_sync.IngredientMixin from modernfix-forge.mixins.json into net.minecraft.world.item.crafting.Ingredient
[26Jul2026 05:21:38.371] [main/DEBUG] [mixin/]: Mixing inject.MixinFoodPropertiesBuilder from architectury-common.mixins.json into net.minecraft.world.food.FoodProperties$Builder
[26Jul2026 05:21:38.373] [main/DEBUG] [net.minecraftforge.coremod.transformer.CoreModBaseTransformer/COREMOD]: Transforming net/minecraft/world/effect/MobEffectInstance
[26Jul2026 05:21:38.375] [main/DEBUG] [mixin/]: Mixing accessors.effect.AccessorMobEffectInstance from bookshelf.common.mixins.json into net.minecraft.world.effect.MobEffectInstance
[26Jul2026 05:21:38.375] [main/DEBUG] [mixin/]: Mixing MobEffectInstanceAccessor from tact.mixins.json into net.minecraft.world.effect.MobEffectInstance
[26Jul2026 05:21:38.376] [main/DEBUG] [mixin/]: Unexpected: Registered method setDuration(I)V in net.minecraft.world.effect.MobEffectInstance was not merged
[26Jul2026 05:21:38.421] [main/DEBUG] [mixin/]: Mixing bugfix.forge_vehicle_packets.ServerGamePacketListenerImplMixin from modernfix-forge.mixins.json into net.minecraft.server.network.ServerGamePacketListenerImpl
[26Jul2026 05:21:38.422] [main/DEBUG] [mixin/]: Mixing passcode.ServerGamePacketListenerImplMixin from securitycraft.mixins.json into net.minecraft.server.network.ServerGamePacketListenerImpl
[26Jul2026 05:21:38.423] [main/DEBUG] [mixin/]: Mixing MixinServerGamePacketListenerImpl from lootr.mixins.json into net.minecraft.server.network.ServerGamePacketListenerImpl
[26Jul2026 05:21:38.424] [main/DEBUG] [mixin/]: Mixing MixinInventoryOpenServer from cold_sweat.mixin.json into net.minecraft.server.network.ServerGamePacketListenerImpl
[26Jul2026 05:21:38.425] [main/DEBUG] [mixin/]: Mixing ServerPlayNetHandlerMixin from connectivity.mixins.json into net.minecraft.server.network.ServerGamePacketListenerImpl
[26Jul2026 05:21:38.425] [main/DEBUG] [mixin/]: Renaming synthetic method lambda$on$0(Lnet/minecraft/network/chat/Component;)V to mdd17185$lambda$on$0$0 in connectivity.mixins.json:ServerPlayNetHandlerMixin
[26Jul2026 05:21:38.464] [main/DEBUG] [mixin/]: Mixing brewing.PotionBrewingAccessor from mixins.netherexp.json into net.minecraft.world.item.alchemy.PotionBrewing
[26Jul2026 05:21:38.464] [main/DEBUG] [mixin/]: Renaming @Invoker method netherexp$addMix(Lnet/minecraft/world/item/alchemy/Potion;Lnet/minecraft/world/item/Item;Lnet/minecraft/world/item/alchemy/Potion;)V to netherexp$addMix_$md$d17185$0 in mixins.netherexp.json:brewing.PotionBrewingAccessor
[26Jul2026 05:21:38.464] [main/DEBUG] [mixin/]: Mixing brewing.PotionBrewingMixin from mixins.netherexp.json into net.minecraft.world.item.alchemy.PotionBrewing
[26Jul2026 05:21:38.465] [main/DEBUG] [mixin/]: Mixing accessor.PotionBrewingAccessor from yungsapi.mixins.json into net.minecraft.world.item.alchemy.PotionBrewing
[26Jul2026 05:21:38.466] [main/DEBUG] [mixin/]: Renaming @Invoker method callAddMix(Lnet/minecraft/world/item/alchemy/Potion;Lnet/minecraft/world/item/Item;Lnet/minecraft/world/item/alchemy/Potion;)V to callAddMix_$md$d17185$1 in yungsapi.mixins.json:accessor.PotionBrewingAccessor
[26Jul2026 05:21:38.466] [main/DEBUG] [mixin/]: Mixing BrewingRecipeRegistryMixin from friendsandfoes-common.mixins.json into net.minecraft.world.item.alchemy.PotionBrewing
[26Jul2026 05:21:38.466] [main/DEBUG] [mixin/]: Renaming @Invoker method invokeRegisterPotionRecipe(Lnet/minecraft/world/item/alchemy/Potion;Lnet/minecraft/world/item/Item;Lnet/minecraft/world/item/alchemy/Potion;)V to invokeRegisterPotionRecipe_$md$d17185$2 in friendsandfoes-common.mixins.json:BrewingRecipeRegistryMixin
[26Jul2026 05:21:38.466] [main/DEBUG] [mixin/]: Mixing accessor.PotionBrewingForgeAccessor from puzzleslib.forge.mixins.json into net.minecraft.world.item.alchemy.PotionBrewing
[26Jul2026 05:21:38.466] [main/DEBUG] [mixin/]: Renaming @Accessor method puzzleslib$getPotionMixes()Ljava/util/List; to puzzleslib$getPotionMixes_$md$d17185$3 in puzzleslib.forge.mixins.json:accessor.PotionBrewingForgeAccessor
[26Jul2026 05:21:38.466] [main/DEBUG] [mixin/]: Renaming @Accessor method puzzleslib$getContainerMixes()Ljava/util/List; to puzzleslib$getContainerMixes_$md$d17185$4 in puzzleslib.forge.mixins.json:accessor.PotionBrewingForgeAccessor
[26Jul2026 05:21:38.466] [main/DEBUG] [mixin/]: Renaming @Accessor method puzzleslib$getAllowedContainers()Ljava/util/List; to puzzleslib$getAllowedContainers_$md$d17185$5 in puzzleslib.forge.mixins.json:accessor.PotionBrewingForgeAccessor
[26Jul2026 05:21:38.523] [main/DEBUG] [mixin/]: Mixing MixinShearsDispenseBehavior from cold_sweat.mixin.json into net.minecraft.core.dispenser.ShearsDispenseItemBehavior
[26Jul2026 05:21:38.562] [main/DEBUG] [mixin/]: Mixing potion.BrewingStandMenuMixin from securitycraft.mixins.json into net.minecraft.world.inventory.BrewingStandMenu
[26Jul2026 05:21:38.569] [main/DEBUG] [mixin/]: Mixing StructureProcessorAccessor from cataclysm.mixins.json into net.minecraft.world.level.levelgen.structure.templatesystem.StructureProcessor
[26Jul2026 05:21:38.570] [main/DEBUG] [mixin/]: Mixing structures.StructureProcessorAccessor from moogs_structures-common.mixins.json into net.minecraft.world.level.levelgen.structure.templatesystem.StructureProcessor
[26Jul2026 05:21:38.570] [main/DEBUG] [mixin/]: Unexpected: Registered method callGetType()Lnet/minecraft/world/level/levelgen/structure/templatesystem/StructureProcessorType; in net.minecraft.world.level.levelgen.structure.templatesystem.StructureProcessor was not merged
[26Jul2026 05:21:38.596] [main/DEBUG] [mixin/]: Mixing perf.dynamic_structure_manager.StructureManagerMixin from modernfix-common.mixins.json into net.minecraft.world.level.levelgen.structure.templatesystem.StructureTemplateManager
[26Jul2026 05:21:38.597] [main/DEBUG] [mixin/]: Mixing perf.cache_upgraded_structures.StructureManagerMixin from modernfix-common.mixins.json into net.minecraft.world.level.levelgen.structure.templatesystem.StructureTemplateManager
[26Jul2026 05:21:38.599] [main/DEBUG] [mixin/]: Mixing structures.StructureTemplateManagerAccessor from moogs_structures-common.mixins.json into net.minecraft.world.level.levelgen.structure.templatesystem.StructureTemplateManager
[26Jul2026 05:21:38.610] [main/DEBUG] [mixin/]: Mixing ChunkGeneratorMixin from citadel.mixins.json into net.minecraft.world.level.chunk.ChunkGenerator
[26Jul2026 05:21:38.611] [main/DEBUG] [mixin/]: Mixing DisableVanillaStrongholdsMixin from betterstrongholds.mixins.json into net.minecraft.world.level.chunk.ChunkGenerator
[26Jul2026 05:21:38.612] [main/DEBUG] [net.minecraftforge.coremod.transformer.CoreModBaseTransformer/COREMOD]: Transforming net/minecraft/world/level/levelgen/structure/Structure
[26Jul2026 05:21:38.656] [main/DEBUG] [mixin/]: Mixing MixinInventory from curios.mixins.json into net.minecraft.world.entity.player.Inventory
[26Jul2026 05:21:38.662] [main/DEBUG] [mixin/]: Mixing InventoryMixin from moonlight-common.mixins.json into net.minecraft.world.entity.player.Inventory
[26Jul2026 05:21:38.678] [main/DEBUG] [mixin/]: Mixing statues.accessor.SimpleContainerAccessor from puzzlesapi.common.mixins.json into net.minecraft.world.SimpleContainer
[26Jul2026 05:21:38.678] [main/DEBUG] [mixin/]: Mixing accessor.SimpleContainerAccessor from puzzleslib.common.mixins.json into net.minecraft.world.SimpleContainer
[26Jul2026 05:21:38.681] [main/DEBUG] [mixin/]: Mixing accessor.SlotAccessor from easyanvils.common.mixins.json into net.minecraft.world.inventory.Slot
[26Jul2026 05:21:38.685] [main/DEBUG] [mixin/]: Mixing brewing.PotionSlotMixin from mixins.netherexp.json into net.minecraft.world.inventory.BrewingStandMenu$PotionSlot
[26Jul2026 05:21:38.689] [main/DEBUG] [mixin/]: Mixing GrindstoneMenuSlotMixin from moonlight-common.mixins.json into net.minecraft.world.inventory.GrindstoneMenu$4
[26Jul2026 05:21:38.706] [main/DEBUG] [mixin/]: Mixing MapExtendingRecipeMixin from moonlight-common.mixins.json into net.minecraft.world.item.crafting.MapExtendingRecipe
[26Jul2026 05:21:38.709] [main/DEBUG] [mixin/]: Mixing accessors.item.crafting.AccessorShapedRecipe from bookshelf.common.mixins.json into net.minecraft.world.item.crafting.ShapedRecipe
[26Jul2026 05:21:38.709] [main/DEBUG] [mixin/]: Renaming @Invoker method bookshelf$keyFromJson(Lcom/google/gson/JsonObject;)Ljava/util/Map; to bookshelf$keyFromJson_$md$d17185$0 in bookshelf.common.mixins.json:accessors.item.crafting.AccessorShapedRecipe
[26Jul2026 05:21:38.709] [main/DEBUG] [mixin/]: Renaming @Invoker method bookshelf$shrink([Ljava/lang/String;)[Ljava/lang/String; to bookshelf$shrink_$md$d17185$1 in bookshelf.common.mixins.json:accessors.item.crafting.AccessorShapedRecipe
[26Jul2026 05:21:38.709] [main/DEBUG] [mixin/]: Renaming @Invoker method bookshelf$patternFromJson(Lcom/google/gson/JsonArray;)[Ljava/lang/String; to bookshelf$patternFromJson_$md$d17185$2 in bookshelf.common.mixins.json:accessors.item.crafting.AccessorShapedRecipe
[26Jul2026 05:21:38.710] [main/DEBUG] [mixin/]: Renaming @Invoker method bookshelf$dissolvePattern([Ljava/lang/String;Ljava/util/Map;II)Lnet/minecraft/core/NonNullList; to bookshelf$dissolvePattern_$md$d17185$3 in bookshelf.common.mixins.json:accessors.item.crafting.AccessorShapedRecipe
[26Jul2026 05:21:38.979] [main/DEBUG] [mixin/]: Mixing EnchantRandomlyFunctionMixin from alexscaves.mixins.json into net.minecraft.world.level.storage.loot.functions.EnchantRandomlyFunction
[26Jul2026 05:21:38.980] [main/DEBUG] [mixin/]: Renaming synthetic method lambda$ac_enchantItem$0(ZLnet/minecraft/world/item/ItemStack;Lnet/minecraft/world/item/enchantment/Enchantment;)Z to mdd17185$lambda$ac_enchantItem$0$0 in alexscaves.mixins.json:EnchantRandomlyFunctionMixin
[26Jul2026 05:21:39.004] [main/DEBUG] [mixin/]: Mixing MixinApplyBonusCount from curios.mixins.json into net.minecraft.world.level.storage.loot.functions.ApplyBonusCount
[26Jul2026 05:21:39.056] [main/DEBUG] [mixin/]: Mixing accessors.util.random.AccessorWeightedRandomList from bookshelf.common.mixins.json into net.minecraft.util.random.WeightedRandomList
[26Jul2026 05:21:39.132] [main/DEBUG] [mixin/]: Mixing NoMultifaceGrowthFeatureInStructuresMixin from cataclysm.mixins.json into net.minecraft.world.level.levelgen.feature.MultifaceGrowthFeature
[26Jul2026 05:21:39.133] [main/DEBUG] [mixin/]: Mixing MultifaceGrowthFeatureMixin from alexscaves.mixins.json into net.minecraft.world.level.levelgen.feature.MultifaceGrowthFeature
[26Jul2026 05:21:39.137] [main/DEBUG] [mixin/]: Mixing NoMagmaBlockInStructuresMixin from cataclysm.mixins.json into net.minecraft.world.level.levelgen.feature.UnderwaterMagmaFeature
[26Jul2026 05:21:39.142] [main/DEBUG] [mixin/]: Mixing NoLakesInStructuresMixin from cataclysm.mixins.json into net.minecraft.world.level.levelgen.feature.LakeFeature
[26Jul2026 05:21:39.145] [main/DEBUG] [mixin/]: Mixing NoOreInStructuresMixin from cataclysm.mixins.json into net.minecraft.world.level.levelgen.feature.OreFeature
[26Jul2026 05:21:39.149] [main/DEBUG] [mixin/]: Mixing SpikeFeatureMixin from betterendisland.mixins.json into net.minecraft.world.level.levelgen.feature.SpikeFeature
[26Jul2026 05:21:39.152] [main/DEBUG] [mixin/]: Mixing EndGatewayFeatureMixin from betterendisland.mixins.json into net.minecraft.world.level.levelgen.feature.EndGatewayFeature
[26Jul2026 05:21:39.153] [main/DEBUG] [mixin/]: Mixing SeagrassFeatureMixin from alexscaves.mixins.json into net.minecraft.world.level.levelgen.feature.SeagrassFeature
[26Jul2026 05:21:39.155] [main/DEBUG] [mixin/]: Mixing KelpFeatureMixin from alexscaves.mixins.json into net.minecraft.world.level.levelgen.feature.KelpFeature
[26Jul2026 05:21:39.157] [main/DEBUG] [mixin/]: Mixing CoralFeatureMixin from alexscaves.mixins.json into net.minecraft.world.level.levelgen.feature.CoralFeature
[26Jul2026 05:21:39.162] [main/DEBUG] [mixin/]: Mixing worldgen.BasaltColumnsFeatureMixin from mixins.netherexp.json into net.minecraft.world.level.levelgen.feature.BasaltColumnsFeature
[26Jul2026 05:21:39.163] [main/DEBUG] [mixin/]: Mixing NoBasaltColumnsInStructuresMixin from cataclysm.mixins.json into net.minecraft.world.level.levelgen.feature.BasaltColumnsFeature
[26Jul2026 05:21:39.166] [main/DEBUG] [mixin/]: Mixing worldgen.DeltaFeatureMixin from mixins.netherexp.json into net.minecraft.world.level.levelgen.feature.DeltaFeature
[26Jul2026 05:21:39.167] [main/DEBUG] [mixin/]: Mixing NoDeltasInStructuresMixin from cataclysm.mixins.json into net.minecraft.world.level.levelgen.feature.DeltaFeature
[26Jul2026 05:21:39.174] [main/DEBUG] [mixin/]: Mixing NoGeodeInStructuresMixin from cataclysm.mixins.json into net.minecraft.world.level.levelgen.feature.GeodeFeature
[26Jul2026 05:21:39.176] [main/DEBUG] [mixin/]: Mixing GeodeFeatureMixin from tact.mixins.json into net.minecraft.world.level.levelgen.feature.GeodeFeature
[26Jul2026 05:21:39.294] [main/DEBUG] [mixin/]: Mixing EndSpikeMixin from betterendisland.mixins.json into net.minecraft.world.level.levelgen.feature.SpikeFeature$EndSpike
[26Jul2026 05:21:39.398] [main/DEBUG] [net.minecraftforge.coremod.transformer.CoreModBaseTransformer/COREMOD]: Transforming net/minecraft/world/level/levelgen/structure/Structure
[26Jul2026 05:21:39.407] [main/DEBUG] [mixin/]: Mixing structures.StructurePieceAccessor from moogs_structures-common.mixins.json into net.minecraft.world.level.levelgen.structure.StructurePiece
[26Jul2026 05:21:39.436] [main/DEBUG] [mixin/]: Mixing StrongholdGeneratorMixin from friendsandfoes-common.mixins.json into net.minecraft.world.level.levelgen.structure.structures.StrongholdPieces$Library
[26Jul2026 05:21:39.461] [main/DEBUG] [net.minecraftforge.coremod.transformer.CoreModBaseTransformer/COREMOD]: Transforming net/minecraft/world/level/levelgen/structure/structures/OceanRuinPieces$OceanRuinPiece
[26Jul2026 05:21:39.476] [main/DEBUG] [net.minecraftforge.coremod.transformer.CoreModBaseTransformer/COREMOD]: Transforming net/minecraft/world/level/levelgen/structure/structures/SwampHutPiece
[26Jul2026 05:21:39.484] [main/DEBUG] [mixin/]: Mixing SwampHutPieceMixin from alexscaves.mixins.json into net.minecraft.world.level.levelgen.structure.structures.SwampHutPiece
[26Jul2026 05:21:39.486] [main/WARN] [mixin/]: Mixin alexscaves.mixins.json:SwampHutPieceMixin has multiple constructors, (Lnet/minecraft/world/level/levelgen/structure/pieces/StructurePieceType;IIIIIILnet/minecraft/core/Direction;)V was selected

[26Jul2026 05:21:39.492] [main/DEBUG] [net.minecraftforge.coremod.transformer.CoreModBaseTransformer/COREMOD]: Transforming net/minecraft/world/level/levelgen/structure/structures/OceanMonumentPieces$OceanMonumentPiece
[26Jul2026 05:21:39.513] [main/DEBUG] [mixin/]: Mixing MixinEndCityPieces$EndCityPiece from lootr.mixins.json into net.minecraft.world.level.levelgen.structure.structures.EndCityPieces$EndCityPiece
[26Jul2026 05:21:39.519] [main/DEBUG] [net.minecraftforge.coremod.transformer.CoreModBaseTransformer/COREMOD]: Transforming net/minecraft/world/level/levelgen/structure/structures/WoodlandMansionPieces$WoodlandMansionPiece
[26Jul2026 05:21:39.533] [main/DEBUG] [mixin/]: Mixing structures.PoolElementStructurePieceAccessor from moogs_structures-common.mixins.json into net.minecraft.world.level.levelgen.structure.PoolElementStructurePiece
[26Jul2026 05:21:39.551] [main/DEBUG] [mixin/]: Mixing JigsawStructureMixin from alexscaves.mixins.json into net.minecraft.world.level.levelgen.structure.structures.JigsawStructure
[26Jul2026 05:21:39.555] [main/DEBUG] [mixin/]: Mixing accessor.StructureTemplatePoolAccessor from yungsapi.mixins.json into net.minecraft.world.level.levelgen.structure.pools.StructureTemplatePool
[26Jul2026 05:21:39.560] [main/DEBUG] [mixin/]: Mixing IncreaseStructureWeightLimitMixinForge from yungsapi_forge.mixins.json into net.minecraft.world.level.levelgen.structure.pools.StructureTemplatePool
[26Jul2026 05:21:39.562] [main/DEBUG] [mixin/]: Mixing accessors.world.AccessorStructureTemplatePool from bookshelf.common.mixins.json into net.minecraft.world.level.levelgen.structure.pools.StructureTemplatePool
[26Jul2026 05:21:39.562] [main/DEBUG] [mixin/]: Mixing accessor.StructureTemplatePoolAccessor from cataclysm.mixins.json into net.minecraft.world.level.levelgen.structure.pools.StructureTemplatePool
[26Jul2026 05:21:39.563] [main/DEBUG] [mixin/]: Mixing structures.StructurePoolAccessor from moogs_structures-common.mixins.json into net.minecraft.world.level.levelgen.structure.pools.StructureTemplatePool
[26Jul2026 05:21:39.563] [main/DEBUG] [mixin/]: Renaming @Accessor method getCODEC_REFERENCE()Lorg/apache/commons/lang3/mutable/MutableObject; to getCODEC_REFERENCE_$md$d17185$0 in moogs_structures-common.mixins.json:structures.StructurePoolAccessor
[26Jul2026 05:21:39.563] [main/DEBUG] [mixin/]: Mixing StructurePoolAccessor from friendsandfoes-common.mixins.json into net.minecraft.world.level.levelgen.structure.pools.StructureTemplatePool
[26Jul2026 05:21:39.565] [main/DEBUG] [mixin/]: Unexpected: Registered method getRawTemplates()Ljava/util/List; in net.minecraft.world.level.levelgen.structure.pools.StructureTemplatePool was not merged
[26Jul2026 05:21:39.578] [main/DEBUG] [mixin/]: Mixing OceanMonumentStructureMixin from alexscaves.mixins.json into net.minecraft.world.level.levelgen.structure.structures.OceanMonumentStructure
[26Jul2026 05:21:39.588] [main/DEBUG] [mixin/]: Mixing ShipwreckStructureMixin from alexscaves.mixins.json into net.minecraft.world.level.levelgen.structure.structures.ShipwreckStructure
[26Jul2026 05:21:39.669] [main/DEBUG] [mixin/]: Mixing biome.BiomeSourceMixin from mixins.elysium_api.json into net.minecraft.world.level.biome.BiomeSource
[26Jul2026 05:21:39.670] [main/DEBUG] [mixin/]: Mixing BiomeSourceMixin from alexscaves.mixins.json into net.minecraft.world.level.biome.BiomeSource
[26Jul2026 05:21:39.671] [main/DEBUG] [mixin/]: Mixing MixinBiomeSource from terrablender.mixins.json into net.minecraft.world.level.biome.BiomeSource
[26Jul2026 05:21:39.671] [main/DEBUG] [mixin/]: Renaming synthetic method lambda$appendDeferredBiomesList$0(Lcom/google/common/collect/ImmutableList;)Ljava/util/Set; to mdd17185$lambda$appendDeferredBiomesList$0$0 in terrablender.mixins.json:MixinBiomeSource
[26Jul2026 05:21:39.678] [main/DEBUG] [mixin/]: Mixing BiomeSourceMixin from mixins.mofus_better_end_.json into net.minecraft.world.level.biome.BiomeSource
[26Jul2026 05:21:39.688] [main/DEBUG] [net.minecraftforge.coremod.transformer.CoreModBaseTransformer/COREMOD]: Transforming net/minecraft/world/level/biome/Biome
[26Jul2026 05:21:39.689] [main/DEBUG] [mixin/]: Mixing MixinFreezingWater from cold_sweat.mixin.json into net.minecraft.world.level.biome.Biome
[26Jul2026 05:21:39.690] [main/DEBUG] [mixin/]: Mixing perf.remove_biome_temperature_cache.BiomeMixin from modernfix-common.mixins.json into net.minecraft.world.level.biome.Biome
[26Jul2026 05:21:39.723] [main/DEBUG] [mixin/]: Mixing accessor.MobSpawnSettingsBuilderForgeAccessor from puzzleslib.forge.mixins.json into net.minecraft.world.level.biome.MobSpawnSettings$Builder
[26Jul2026 05:21:39.736] [main/DEBUG] [mixin/]: Mixing MultiNoiseBiomeSourceMixin from alexscaves.mixins.json into net.minecraft.world.level.biome.MultiNoiseBiomeSource
[26Jul2026 05:21:39.738] [main/DEBUG] [mixin/]: Mixing biome.MultiNoiseBiomeSourceMixin from mixins.elysium_api.json into net.minecraft.world.level.biome.MultiNoiseBiomeSource
[26Jul2026 05:21:39.742] [main/DEBUG] [mixin/]: Mixing MixinMultiNoiseBiomeSource from terrablender.mixins.json into net.minecraft.world.level.biome.MultiNoiseBiomeSource
[26Jul2026 05:21:39.751] [main/DEBUG] [mixin/]: Mixing MixinParameterList from terrablender.mixins.json into net.minecraft.world.level.biome.Climate$ParameterList
[26Jul2026 05:21:39.751] [main/DEBUG] [mixin/]: Renaming synthetic method lambda$initializeForTerraBlender$0(Lnet/minecraft/core/Registry;Lcom/google/common/collect/ImmutableList$Builder;Lcom/mojang/datafixers/util/Pair;)V to mdd17185$lambda$initializeForTerraBlender$0$0 in terrablender.mixins.json:MixinParameterList
[26Jul2026 05:21:39.773] [main/DEBUG] [mixin/]: Mixing TheEndBiomeSourceMixin from mixins.mofus_better_end_.json into net.minecraft.world.level.biome.TheEndBiomeSource
[26Jul2026 05:21:39.773] [main/DEBUG] [mixin/]: Renaming synthetic method lambda$init$1(Lnet/minecraft/core/HolderGetter;)Ljava/lang/Object; to mdd17185$lambda$init$1$0 in mixins.mofus_better_end_.json:TheEndBiomeSourceMixin
[26Jul2026 05:21:39.773] [main/DEBUG] [mixin/]: Renaming synthetic method lambda$modifyCodec$0(Lcom/mojang/serialization/codecs/RecordCodecBuilder$Instance;)Lcom/mojang/datafixers/kinds/App; to mdd17185$lambda$modifyCodec$0$1 in mixins.mofus_better_end_.json:TheEndBiomeSourceMixin
[26Jul2026 05:21:39.812] [main/DEBUG] [mixin/]: Mixing NoiseGeneratorSettingsMixin from citadel.mixins.json into net.minecraft.world.level.levelgen.NoiseGeneratorSettings
[26Jul2026 05:21:39.819] [main/DEBUG] [mixin/]: Mixing biome.NoiseGeneratorSettingsAccessor from mixins.elysium_api.json into net.minecraft.world.level.levelgen.NoiseGeneratorSettings
[26Jul2026 05:21:39.819] [main/DEBUG] [mixin/]: Mixing MixinNoiseGeneratorSettings from terrablender.mixins.json into net.minecraft.world.level.levelgen.NoiseGeneratorSettings
[26Jul2026 05:21:39.820] [main/DEBUG] [mixin/]: Mixing NoiseGeneratorSettingsAccess from mixins.mofus_better_end_.json into net.minecraft.world.level.levelgen.NoiseGeneratorSettings
[26Jul2026 05:21:39.972] [main/DEBUG] [mixin/]: Mixing accessor.SinglePoolElementAccessor from yungsapi.mixins.json into net.minecraft.world.level.levelgen.structure.pools.SinglePoolElement
[26Jul2026 05:21:39.973] [main/DEBUG] [mixin/]: Mixing accessor.SinglePoolElementAccessor from cataclysm.mixins.json into net.minecraft.world.level.levelgen.structure.pools.SinglePoolElement
[26Jul2026 05:21:39.973] [main/DEBUG] [mixin/]: Mixing structures.SinglePoolElementAccessor from moogs_structures-common.mixins.json into net.minecraft.world.level.levelgen.structure.pools.SinglePoolElement
[26Jul2026 05:21:39.973] [main/DEBUG] [mixin/]: Unexpected: Registered method callGetTemplate(Lnet/minecraft/world/level/levelgen/structure/templatesystem/StructureTemplateManager;)Lnet/minecraft/world/level/levelgen/structure/templatesystem/StructureTemplate; in net.minecraft.world.level.levelgen.structure.pools.SinglePoolElement was not merged
[26Jul2026 05:21:39.973] [main/DEBUG] [mixin/]: Unexpected: Registered method callGetTemplate(Lnet/minecraft/world/level/levelgen/structure/templatesystem/StructureTemplateManager;)Lnet/minecraft/world/level/levelgen/structure/templatesystem/StructureTemplate; in net.minecraft.world.level.levelgen.structure.pools.SinglePoolElement was not merged
[26Jul2026 05:21:39.979] [main/DEBUG] [mixin/]: Mixing accessor.ListPoolElementAccessor from yungsapi.mixins.json into net.minecraft.world.level.levelgen.structure.pools.ListPoolElement
[26Jul2026 05:21:39.979] [main/DEBUG] [mixin/]: Mixing accessor.ListPoolElementAccessor from cataclysm.mixins.json into net.minecraft.world.level.levelgen.structure.pools.ListPoolElement
[26Jul2026 05:21:39.980] [main/DEBUG] [mixin/]: Mixing structures.ListPoolElementAccessor from moogs_structures-common.mixins.json into net.minecraft.world.level.levelgen.structure.pools.ListPoolElement
[26Jul2026 05:21:39.980] [main/DEBUG] [mixin/]: Unexpected: Registered method getElements()Ljava/util/List; in net.minecraft.world.level.levelgen.structure.pools.ListPoolElement was not merged
[26Jul2026 05:21:39.982] [main/DEBUG] [mixin/]: Mixing accessor.FeaturePoolElementAccessor from yungsapi.mixins.json into net.minecraft.world.level.levelgen.structure.pools.FeaturePoolElement
[26Jul2026 05:21:39.983] [main/DEBUG] [mixin/]: Mixing accessor.FeaturePoolElementAccessor from cataclysm.mixins.json into net.minecraft.world.level.levelgen.structure.pools.FeaturePoolElement
[26Jul2026 05:21:39.984] [main/DEBUG] [mixin/]: Unexpected: Registered method getFeature()Lnet/minecraft/core/Holder; in net.minecraft.world.level.levelgen.structure.pools.FeaturePoolElement was not merged
[26Jul2026 05:21:40.193] [main/DEBUG] [mixin/]: Mixing core.NetworkHooksMixin from modernfix-forge.mixins.json into net.minecraftforge.network.NetworkHooks
[26Jul2026 05:21:40.198] [main/DEBUG] [net.minecraftforge.network.NetworkHooks/]: Loading Network data for FML net version: FML3
[26Jul2026 05:21:40.217] [main/DEBUG] [net.minecraftforge.common.ForgeI18n/CORE]: Loading I18N data entries: 390
[26Jul2026 05:21:40.241] [main/DEBUG] [net.minecraftforge.fml.ModWorkManager/LOADING]: Using 2 threads for parallel mod-loading
[26Jul2026 05:21:40.248] [main/DEBUG] [net.minecraftforge.fml.javafmlmod.FMLJavaModLanguageProvider/LOADING]: Loading FMLModContainer from classloader cpw.mods.modlauncher.TransformingClassLoader@2e7af36e - got cpw.mods.cl.ModuleClassLoader@74abbb
[26Jul2026 05:21:40.251] [main/DEBUG] [net.minecraftforge.fml.javafmlmod.FMLModContainer/LOADING]: Creating FMLModContainer instance for de.markusbordihn.easynpc.EasyNPCMain
[26Jul2026 05:21:40.253] [main/DEBUG] [net.minecraftforge.fml.javafmlmod.FMLJavaModLanguageProvider/LOADING]: Loading FMLModContainer from classloader cpw.mods.modlauncher.TransformingClassLoader@2e7af36e - got cpw.mods.cl.ModuleClassLoader@74abbb
[26Jul2026 05:21:40.253] [main/DEBUG] [net.minecraftforge.fml.javafmlmod.FMLModContainer/LOADING]: Creating FMLModContainer instance for fuzs.easyanvils.EasyAnvilsForge
[26Jul2026 05:21:40.254] [main/DEBUG] [net.minecraftforge.fml.javafmlmod.FMLJavaModLanguageProvider/LOADING]: Loading FMLModContainer from classloader cpw.mods.modlauncher.TransformingClassLoader@2e7af36e - got cpw.mods.cl.ModuleClassLoader@74abbb
[26Jul2026 05:21:40.254] [main/DEBUG] [net.minecraftforge.fml.javafmlmod.FMLModContainer/LOADING]: Creating FMLModContainer instance for com.supermartijn642.configlib.ConfigLib
[26Jul2026 05:21:40.255] [main/DEBUG] [net.minecraftforge.fml.javafmlmod.FMLJavaModLanguageProvider/LOADING]: Loading FMLModContainer from classloader cpw.mods.modlauncher.TransformingClassLoader@2e7af36e - got cpw.mods.cl.ModuleClassLoader@74abbb
[26Jul2026 05:21:40.255] [main/DEBUG] [net.minecraftforge.fml.javafmlmod.FMLModContainer/LOADING]: Creating FMLModContainer instance for net.jadenxgamer.netherexp.NetherExp
[26Jul2026 05:21:40.256] [main/DEBUG] [net.minecraftforge.fml.javafmlmod.FMLJavaModLanguageProvider/LOADING]: Loading FMLModContainer from classloader cpw.mods.modlauncher.TransformingClassLoader@2e7af36e - got cpw.mods.cl.ModuleClassLoader@74abbb
[26Jul2026 05:21:40.256] [main/DEBUG] [net.minecraftforge.fml.javafmlmod.FMLModContainer/LOADING]: Creating FMLModContainer instance for software.bernie.example.GeckoLibMod
[26Jul2026 05:21:40.257] [main/DEBUG] [net.minecraftforge.fml.javafmlmod.FMLJavaModLanguageProvider/LOADING]: Loading FMLModContainer from classloader cpw.mods.modlauncher.TransformingClassLoader@2e7af36e - got cpw.mods.cl.ModuleClassLoader@74abbb
[26Jul2026 05:21:40.257] [main/DEBUG] [net.minecraftforge.fml.javafmlmod.FMLModContainer/LOADING]: Creating FMLModContainer instance for dev.kosmx.playerAnim.forge.ForgeModInterface
[26Jul2026 05:21:40.258] [main/DEBUG] [net.minecraftforge.fml.javafmlmod.FMLJavaModLanguageProvider/LOADING]: Loading FMLModContainer from classloader cpw.mods.modlauncher.TransformingClassLoader@2e7af36e - got cpw.mods.cl.ModuleClassLoader@74abbb
[26Jul2026 05:21:40.258] [main/DEBUG] [net.minecraftforge.fml.javafmlmod.FMLModContainer/LOADING]: Creating FMLModContainer instance for com.starfish_studios.naturalist.forge.NaturalistForge
[26Jul2026 05:21:40.259] [main/DEBUG] [net.minecraftforge.fml.javafmlmod.FMLJavaModLanguageProvider/LOADING]: Loading FMLModContainer from classloader cpw.mods.modlauncher.TransformingClassLoader@2e7af36e - got cpw.mods.cl.ModuleClassLoader@74abbb
[26Jul2026 05:21:40.259] [main/DEBUG] [net.minecraftforge.fml.javafmlmod.FMLModContainer/LOADING]: Creating FMLModContainer instance for mcjty.incontrol.InControl
[26Jul2026 05:21:40.259] [main/DEBUG] [net.minecraftforge.fml.javafmlmod.FMLJavaModLanguageProvider/LOADING]: Loading FMLModContainer from classloader cpw.mods.modlauncher.TransformingClassLoader@2e7af36e - got cpw.mods.cl.ModuleClassLoader@74abbb
[26Jul2026 05:21:40.260] [main/DEBUG] [net.minecraftforge.fml.javafmlmod.FMLModContainer/LOADING]: Creating FMLModContainer instance for com.connectivity.Connectivity
[26Jul2026 05:21:40.260] [main/DEBUG] [net.minecraftforge.fml.javafmlmod.FMLJavaModLanguageProvider/LOADING]: Loading FMLModContainer from classloader cpw.mods.modlauncher.TransformingClassLoader@2e7af36e - got cpw.mods.cl.ModuleClassLoader@74abbb
[26Jul2026 05:21:40.260] [main/DEBUG] [net.minecraftforge.fml.javafmlmod.FMLModContainer/LOADING]: Creating FMLModContainer instance for dev.shadowsoffire.placebo.Placebo
[26Jul2026 05:21:40.262] [main/DEBUG] [net.minecraftforge.fml.javafmlmod.FMLJavaModLanguageProvider/LOADING]: Loading FMLModContainer from classloader cpw.mods.modlauncher.TransformingClassLoader@2e7af36e - got cpw.mods.cl.ModuleClassLoader@74abbb
[26Jul2026 05:21:40.262] [main/DEBUG] [net.minecraftforge.fml.javafmlmod.FMLModContainer/LOADING]: Creating FMLModContainer instance for org.embeddedt.modernfix.forge.init.ModernFixForge
[26Jul2026 05:21:40.263] [main/DEBUG] [net.minecraftforge.fml.javafmlmod.FMLJavaModLanguageProvider/LOADING]: Loading FMLModContainer from classloader cpw.mods.modlauncher.TransformingClassLoader@2e7af36e - got cpw.mods.cl.ModuleClassLoader@74abbb
[26Jul2026 05:21:40.263] [main/DEBUG] [net.minecraftforge.fml.javafmlmod.FMLModContainer/LOADING]: Creating FMLModContainer instance for net.mcreator.luminoustag.LuminoustagMod
[26Jul2026 05:21:40.264] [main/DEBUG] [net.minecraftforge.fml.javafmlmod.FMLJavaModLanguageProvider/LOADING]: Loading FMLModContainer from classloader cpw.mods.modlauncher.TransformingClassLoader@2e7af36e - got cpw.mods.cl.ModuleClassLoader@74abbb
[26Jul2026 05:21:40.264] [main/DEBUG] [net.minecraftforge.fml.javafmlmod.FMLModContainer/LOADING]: Creating FMLModContainer instance for com.github.alexthe666.citadel.Citadel
[26Jul2026 05:21:40.266] [main/DEBUG] [net.minecraftforge.fml.javafmlmod.FMLJavaModLanguageProvider/LOADING]: Loading FMLModContainer from classloader cpw.mods.modlauncher.TransformingClassLoader@2e7af36e - got cpw.mods.cl.ModuleClassLoader@74abbb
[26Jul2026 05:21:40.266] [main/DEBUG] [net.minecraftforge.fml.javafmlmod.FMLModContainer/LOADING]: Creating FMLModContainer instance for com.yungnickyoung.minecraft.yungsapi.YungsApiForge
[26Jul2026 05:21:40.266] [main/DEBUG] [net.minecraftforge.fml.javafmlmod.FMLJavaModLanguageProvider/LOADING]: Loading FMLModContainer from classloader cpw.mods.modlauncher.TransformingClassLoader@2e7af36e - got cpw.mods.cl.ModuleClassLoader@74abbb
[26Jul2026 05:21:40.267] [main/DEBUG] [net.minecraftforge.fml.javafmlmod.FMLModContainer/LOADING]: Creating FMLModContainer instance for net.darkhax.bookshelf.BookshelfForge
[26Jul2026 05:21:40.268] [main/DEBUG] [net.minecraftforge.fml.javafmlmod.FMLJavaModLanguageProvider/LOADING]: Loading FMLModContainer from classloader cpw.mods.modlauncher.TransformingClassLoader@2e7af36e - got cpw.mods.cl.ModuleClassLoader@74abbb
[26Jul2026 05:21:40.268] [main/DEBUG] [net.minecraftforge.fml.javafmlmod.FMLModContainer/LOADING]: Creating FMLModContainer instance for com.finderfeed.raids_enhanced.RaidsEnhanced
[26Jul2026 05:21:40.269] [main/DEBUG] [net.minecraftforge.fml.javafmlmod.FMLJavaModLanguageProvider/LOADING]: Loading FMLModContainer from classloader cpw.mods.modlauncher.TransformingClassLoader@2e7af36e - got cpw.mods.cl.ModuleClassLoader@74abbb
[26Jul2026 05:21:40.269] [main/DEBUG] [net.minecraftforge.fml.javafmlmod.FMLModContainer/LOADING]: Creating FMLModContainer instance for me.shedaniel.clothconfig.ClothConfigForge
[26Jul2026 05:21:40.270] [main/DEBUG] [net.minecraftforge.fml.javafmlmod.FMLJavaModLanguageProvider/LOADING]: Loading FMLModContainer from classloader cpw.mods.modlauncher.TransformingClassLoader@2e7af36e - got cpw.mods.cl.ModuleClassLoader@74abbb
[26Jul2026 05:21:40.270] [main/DEBUG] [net.minecraftforge.fml.javafmlmod.FMLModContainer/LOADING]: Creating FMLModContainer instance for de.keksuccino.konkrete.Konkrete
[26Jul2026 05:21:40.270] [main/DEBUG] [net.minecraftforge.fml.javafmlmod.FMLJavaModLanguageProvider/LOADING]: Loading FMLModContainer from classloader cpw.mods.modlauncher.TransformingClassLoader@2e7af36e - got cpw.mods.cl.ModuleClassLoader@74abbb
[26Jul2026 05:21:40.270] [main/DEBUG] [net.minecraftforge.fml.javafmlmod.FMLModContainer/LOADING]: Creating FMLModContainer instance for com.seniors.justlevelingfork.JustLevelingFork
[26Jul2026 05:21:40.271] [main/DEBUG] [net.minecraftforge.fml.javafmlmod.FMLJavaModLanguageProvider/LOADING]: Loading FMLModContainer from classloader cpw.mods.modlauncher.TransformingClassLoader@2e7af36e - got cpw.mods.cl.ModuleClassLoader@74abbb
[26Jul2026 05:21:40.272] [main/DEBUG] [net.minecraftforge.fml.javafmlmod.FMLModContainer/LOADING]: Creating FMLModContainer instance for vectorwing.farmersdelight.FarmersDelight
[26Jul2026 05:21:40.273] [main/DEBUG] [net.minecraftforge.fml.javafmlmod.FMLJavaModLanguageProvider/LOADING]: Loading FMLModContainer from classloader cpw.mods.modlauncher.TransformingClassLoader@2e7af36e - got cpw.mods.cl.ModuleClassLoader@74abbb
[26Jul2026 05:21:40.273] [main/DEBUG] [net.minecraftforge.fml.javafmlmod.FMLModContainer/LOADING]: Creating FMLModContainer instance for com.github.smallinger.copperagebackport.CopperAgeBackportForge
[26Jul2026 05:21:40.274] [main/DEBUG] [net.minecraftforge.fml.javafmlmod.FMLJavaModLanguageProvider/LOADING]: Loading FMLModContainer from classloader cpw.mods.modlauncher.TransformingClassLoader@2e7af36e - got cpw.mods.cl.ModuleClassLoader@74abbb
[26Jul2026 05:21:40.274] [main/DEBUG] [net.minecraftforge.fml.javafmlmod.FMLModContainer/LOADING]: Creating FMLModContainer instance for earth.terrarium.handcrafted.forge.HandcraftedForge
[26Jul2026 05:21:40.275] [main/DEBUG] [net.minecraftforge.fml.javafmlmod.FMLJavaModLanguageProvider/LOADING]: Loading FMLModContainer from classloader cpw.mods.modlauncher.TransformingClassLoader@2e7af36e - got cpw.mods.cl.ModuleClassLoader@74abbb
[26Jul2026 05:21:40.275] [main/DEBUG] [net.minecraftforge.fml.javafmlmod.FMLModContainer/LOADING]: Creating FMLModContainer instance for com.axedgaming.endersdelight.EndersDelight
[26Jul2026 05:21:40.275] [main/DEBUG] [net.minecraftforge.fml.javafmlmod.FMLJavaModLanguageProvider/LOADING]: Loading FMLModContainer from classloader cpw.mods.modlauncher.TransformingClassLoader@2e7af36e - got cpw.mods.cl.ModuleClassLoader@74abbb
[26Jul2026 05:21:40.276] [main/DEBUG] [net.minecraftforge.fml.javafmlmod.FMLModContainer/LOADING]: Creating FMLModContainer instance for com.iafenvoy.jupiter.forge.JupiterForge
[26Jul2026 05:21:40.276] [main/DEBUG] [net.minecraftforge.fml.javafmlmod.FMLJavaModLanguageProvider/LOADING]: Loading FMLModContainer from classloader cpw.mods.modlauncher.TransformingClassLoader@2e7af36e - got cpw.mods.cl.ModuleClassLoader@74abbb
[26Jul2026 05:21:40.276] [main/DEBUG] [net.minecraftforge.fml.javafmlmod.FMLModContainer/LOADING]: Creating FMLModContainer instance for com.supermartijn642.core.CoreLib
[26Jul2026 05:21:40.277] [main/DEBUG] [net.minecraftforge.fml.javafmlmod.FMLJavaModLanguageProvider/LOADING]: Loading FMLModContainer from classloader cpw.mods.modlauncher.TransformingClassLoader@2e7af36e - got cpw.mods.cl.ModuleClassLoader@74abbb
[26Jul2026 05:21:40.277] [main/DEBUG] [net.minecraftforge.fml.javafmlmod.FMLModContainer/LOADING]: Creating FMLModContainer instance for com.teamresourceful.resourcefulconfig.forge.ResourcefulconfigForge
[26Jul2026 05:21:40.278] [main/DEBUG] [net.minecraftforge.fml.javafmlmod.FMLJavaModLanguageProvider/LOADING]: Loading FMLModContainer from classloader cpw.mods.modlauncher.TransformingClassLoader@2e7af36e - got cpw.mods.cl.ModuleClassLoader@74abbb
[26Jul2026 05:21:40.278] [main/DEBUG] [net.minecraftforge.fml.javafmlmod.FMLModContainer/LOADING]: Creating FMLModContainer instance for com.github.L_Ender.lionfishapi.LionfishAPI
[26Jul2026 05:21:40.278] [main/DEBUG] [net.minecraftforge.fml.javafmlmod.FMLJavaModLanguageProvider/LOADING]: Loading FMLModContainer from classloader cpw.mods.modlauncher.TransformingClassLoader@2e7af36e - got cpw.mods.cl.ModuleClassLoader@74abbb
[26Jul2026 05:21:40.279] [main/DEBUG] [net.minecraftforge.fml.javafmlmod.FMLModContainer/LOADING]: Creating FMLModContainer instance for com.github.L_Ender.cataclysm.Cataclysm
[26Jul2026 05:21:40.280] [main/DEBUG] [net.minecraftforge.fml.javafmlmod.FMLJavaModLanguageProvider/LOADING]: Loading FMLModContainer from classloader cpw.mods.modlauncher.TransformingClassLoader@2e7af36e - got cpw.mods.cl.ModuleClassLoader@74abbb
[26Jul2026 05:21:40.280] [main/DEBUG] [net.minecraftforge.fml.javafmlmod.FMLModContainer/LOADING]: Creating FMLModContainer instance for top.theillusivec4.curios.Curios
[26Jul2026 05:21:40.281] [main/DEBUG] [net.minecraftforge.fml.javafmlmod.FMLJavaModLanguageProvider/LOADING]: Loading FMLModContainer from classloader cpw.mods.modlauncher.TransformingClassLoader@2e7af36e - got cpw.mods.cl.ModuleClassLoader@74abbb
[26Jul2026 05:21:40.281] [main/DEBUG] [net.minecraftforge.fml.javafmlmod.FMLModContainer/LOADING]: Creating FMLModContainer instance for com.natamus.collective.CollectiveForge
[26Jul2026 05:21:40.282] [main/DEBUG] [net.minecraftforge.fml.javafmlmod.FMLJavaModLanguageProvider/LOADING]: Loading FMLModContainer from classloader cpw.mods.modlauncher.TransformingClassLoader@2e7af36e - got cpw.mods.cl.ModuleClassLoader@74abbb
[26Jul2026 05:21:40.282] [main/DEBUG] [net.minecraftforge.fml.javafmlmod.FMLModContainer/LOADING]: Creating FMLModContainer instance for com.cerbon.cerbons_api.forge.CerbonsAPIForge
[26Jul2026 05:21:40.282] [main/DEBUG] [net.minecraftforge.fml.javafmlmod.FMLJavaModLanguageProvider/LOADING]: Loading FMLModContainer from classloader cpw.mods.modlauncher.TransformingClassLoader@2e7af36e - got cpw.mods.cl.ModuleClassLoader@74abbb
[26Jul2026 05:21:40.282] [main/DEBUG] [net.minecraftforge.fml.javafmlmod.FMLModContainer/LOADING]: Creating FMLModContainer instance for com.yungnickyoung.minecraft.betterstrongholds.BetterStrongholdsForge
[26Jul2026 05:21:40.283] [main/DEBUG] [net.minecraftforge.fml.javafmlmod.FMLJavaModLanguageProvider/LOADING]: Loading FMLModContainer from classloader cpw.mods.modlauncher.TransformingClassLoader@2e7af36e - got cpw.mods.cl.ModuleClassLoader@74abbb
[26Jul2026 05:21:40.284] [main/DEBUG] [net.minecraftforge.fml.javafmlmod.FMLModContainer/LOADING]: Creating FMLModContainer instance for com.teamresourceful.resourcefullib.forge.ResourcefulLibForge
[26Jul2026 05:21:40.284] [main/DEBUG] [net.minecraftforge.fml.javafmlmod.FMLJavaModLanguageProvider/LOADING]: Loading FMLModContainer from classloader cpw.mods.modlauncher.TransformingClassLoader@2e7af36e - got cpw.mods.cl.ModuleClassLoader@74abbb
[26Jul2026 05:21:40.284] [main/DEBUG] [net.minecraftforge.fml.javafmlmod.FMLModContainer/LOADING]: Creating FMLModContainer instance for baguchan.onlylooking.OnlyLooking
[26Jul2026 05:21:40.285] [main/DEBUG] [net.minecraftforge.fml.javafmlmod.FMLJavaModLanguageProvider/LOADING]: Loading FMLModContainer from classloader cpw.mods.modlauncher.TransformingClassLoader@2e7af36e - got cpw.mods.cl.ModuleClassLoader@74abbb
[26Jul2026 05:21:40.285] [main/DEBUG] [net.minecraftforge.fml.javafmlmod.FMLModContainer/LOADING]: Creating FMLModContainer instance for dev.architectury.forge.ArchitecturyForge
[26Jul2026 05:21:40.286] [main/DEBUG] [net.minecraftforge.fml.lowcodemod.LowCodeModLanguageProvider.LowCodeModTarget/LOADING]: Loading LowCodeModContainer from classloader cpw.mods.modlauncher.TransformingClassLoader@2e7af36e - got cpw.mods.cl.ModuleClassLoader@74abbb
[26Jul2026 05:21:40.287] [main/DEBUG] [net.minecraftforge.fml.lowcodemod.LowCodeModContainer/LOADING]: Creating LowCodeModContainer for mr_limesplatus_ending
[26Jul2026 05:21:40.287] [main/DEBUG] [net.minecraftforge.fml.javafmlmod.FMLJavaModLanguageProvider/LOADING]: Loading FMLModContainer from classloader cpw.mods.modlauncher.TransformingClassLoader@2e7af36e - got cpw.mods.cl.ModuleClassLoader@74abbb
[26Jul2026 05:21:40.287] [main/DEBUG] [net.minecraftforge.fml.javafmlmod.FMLModContainer/LOADING]: Creating FMLModContainer instance for com.builtbroken.ai.improvements.AIImprovements
[26Jul2026 05:21:40.288] [main/DEBUG] [net.minecraftforge.fml.javafmlmod.FMLJavaModLanguageProvider/LOADING]: Loading FMLModContainer from classloader cpw.mods.modlauncher.TransformingClassLoader@2e7af36e - got cpw.mods.cl.ModuleClassLoader@74abbb
[26Jul2026 05:21:40.288] [main/DEBUG] [net.minecraftforge.fml.javafmlmod.FMLModContainer/LOADING]: Creating FMLModContainer instance for com.cupboard.Cupboard
[26Jul2026 05:21:40.288] [main/DEBUG] [net.minecraftforge.fml.javafmlmod.FMLJavaModLanguageProvider/LOADING]: Loading FMLModContainer from classloader cpw.mods.modlauncher.TransformingClassLoader@2e7af36e - got cpw.mods.cl.ModuleClassLoader@74abbb
[26Jul2026 05:21:40.289] [main/DEBUG] [net.minecraftforge.fml.javafmlmod.FMLModContainer/LOADING]: Creating FMLModContainer instance for com.mrcrayfish.furniture.refurbished.FurnitureMod
[26Jul2026 05:21:40.289] [main/DEBUG] [net.minecraftforge.fml.javafmlmod.FMLJavaModLanguageProvider/LOADING]: Loading FMLModContainer from classloader cpw.mods.modlauncher.TransformingClassLoader@2e7af36e - got cpw.mods.cl.ModuleClassLoader@74abbb
[26Jul2026 05:21:40.289] [main/DEBUG] [net.minecraftforge.fml.javafmlmod.FMLModContainer/LOADING]: Creating FMLModContainer instance for de.markusbordihn.easynpc.configui.ConfigUIMain
[26Jul2026 05:21:40.290] [main/DEBUG] [net.minecraftforge.fml.javafmlmod.FMLJavaModLanguageProvider/LOADING]: Loading FMLModContainer from classloader cpw.mods.modlauncher.TransformingClassLoader@2e7af36e - got cpw.mods.cl.ModuleClassLoader@74abbb
[26Jul2026 05:21:40.290] [main/DEBUG] [net.minecraftforge.fml.javafmlmod.FMLModContainer/LOADING]: Creating FMLModContainer instance for com.yungnickyoung.minecraft.betterendisland.BetterEndIslandForge
[26Jul2026 05:21:40.290] [main/DEBUG] [net.minecraftforge.fml.javafmlmod.FMLJavaModLanguageProvider/LOADING]: Loading FMLModContainer from classloader cpw.mods.modlauncher.TransformingClassLoader@2e7af36e - got cpw.mods.cl.ModuleClassLoader@74abbb
[26Jul2026 05:21:40.290] [main/DEBUG] [net.minecraftforge.fml.javafmlmod.FMLModContainer/LOADING]: Creating FMLModContainer instance for com.finndog.moogs_structures.forge.MoogsStructuresForge
[26Jul2026 05:21:40.291] [main/DEBUG] [net.minecraftforge.fml.javafmlmod.FMLJavaModLanguageProvider/LOADING]: Loading FMLModContainer from classloader cpw.mods.modlauncher.TransformingClassLoader@2e7af36e - got cpw.mods.cl.ModuleClassLoader@74abbb
[26Jul2026 05:21:40.291] [main/DEBUG] [net.minecraftforge.fml.javafmlmod.FMLModContainer/LOADING]: Creating FMLModContainer instance for com.mrcrayfish.framework.FrameworkForge
[26Jul2026 05:21:40.292] [main/DEBUG] [net.minecraftforge.fml.javafmlmod.FMLJavaModLanguageProvider/LOADING]: Loading FMLModContainer from classloader cpw.mods.modlauncher.TransformingClassLoader@2e7af36e - got cpw.mods.cl.ModuleClassLoader@74abbb
[26Jul2026 05:21:40.292] [main/DEBUG] [net.minecraftforge.fml.javafmlmod.FMLModContainer/LOADING]: Creating FMLModContainer instance for net.salju.trialstowers.Trials
[26Jul2026 05:21:40.293] [main/DEBUG] [net.minecraftforge.fml.javafmlmod.FMLJavaModLanguageProvider/LOADING]: Loading FMLModContainer from classloader cpw.mods.modlauncher.TransformingClassLoader@2e7af36e - got cpw.mods.cl.ModuleClassLoader@74abbb
[26Jul2026 05:21:40.293] [main/DEBUG] [net.minecraftforge.fml.javafmlmod.FMLModContainer/LOADING]: Creating FMLModContainer instance for fuzs.easyshulkerboxes.EasyShulkerBoxesForge
[26Jul2026 05:21:40.294] [main/DEBUG] [net.minecraftforge.fml.javafmlmod.FMLJavaModLanguageProvider/LOADING]: Loading FMLModContainer from classloader cpw.mods.modlauncher.TransformingClassLoader@2e7af36e - got cpw.mods.cl.ModuleClassLoader@74abbb
[26Jul2026 05:21:40.294] [main/DEBUG] [net.minecraftforge.fml.javafmlmod.FMLModContainer/LOADING]: Creating FMLModContainer instance for fuzs.puzzlesapi.impl.PuzzlesApiForge
[26Jul2026 05:21:40.294] [main/DEBUG] [net.minecraftforge.fml.javafmlmod.FMLJavaModLanguageProvider/LOADING]: Loading FMLModContainer from classloader cpw.mods.modlauncher.TransformingClassLoader@2e7af36e - got cpw.mods.cl.ModuleClassLoader@74abbb
[26Jul2026 05:21:40.294] [main/DEBUG] [net.minecraftforge.fml.javafmlmod.FMLModContainer/LOADING]: Creating FMLModContainer instance for dev.ftb.mods.ftblibrary.forge.FTBLibraryForge
[26Jul2026 05:21:40.295] [main/DEBUG] [net.minecraftforge.fml.javafmlmod.FMLJavaModLanguageProvider/LOADING]: Loading FMLModContainer from classloader cpw.mods.modlauncher.TransformingClassLoader@2e7af36e - got cpw.mods.cl.ModuleClassLoader@74abbb
[26Jul2026 05:21:40.295] [main/DEBUG] [net.minecraftforge.fml.javafmlmod.FMLModContainer/LOADING]: Creating FMLModContainer instance for dev.ftb.mods.ftbteams.forge.FTBTeamsForge
[26Jul2026 05:21:40.295] [main/DEBUG] [net.minecraftforge.fml.javafmlmod.FMLJavaModLanguageProvider/LOADING]: Loading FMLModContainer from classloader cpw.mods.modlauncher.TransformingClassLoader@2e7af36e - got cpw.mods.cl.ModuleClassLoader@74abbb
[26Jul2026 05:21:40.296] [main/DEBUG] [net.minecraftforge.fml.javafmlmod.FMLModContainer/LOADING]: Creating FMLModContainer instance for fuzs.mutantmonsters.MutantMonstersForge
[26Jul2026 05:21:40.296] [main/DEBUG] [net.minecraftforge.fml.lowcodemod.LowCodeModLanguageProvider.LowCodeModTarget/LOADING]: Loading LowCodeModContainer from classloader cpw.mods.modlauncher.TransformingClassLoader@2e7af36e - got cpw.mods.cl.ModuleClassLoader@74abbb
[26Jul2026 05:21:40.296] [main/DEBUG] [net.minecraftforge.fml.lowcodemod.LowCodeModContainer/LOADING]: Creating LowCodeModContainer for formationsnether
[26Jul2026 05:21:40.296] [main/DEBUG] [net.minecraftforge.fml.javafmlmod.FMLJavaModLanguageProvider/LOADING]: Loading FMLModContainer from classloader cpw.mods.modlauncher.TransformingClassLoader@2e7af36e - got cpw.mods.cl.ModuleClassLoader@74abbb
[26Jul2026 05:21:40.296] [main/DEBUG] [net.minecraftforge.fml.javafmlmod.FMLModContainer/LOADING]: Creating FMLModContainer instance for net.jadenxgamer.elysium_api.Elysium
[26Jul2026 05:21:40.297] [main/DEBUG] [net.minecraftforge.fml.javafmlmod.FMLJavaModLanguageProvider/LOADING]: Loading FMLModContainer from classloader cpw.mods.modlauncher.TransformingClassLoader@2e7af36e - got cpw.mods.cl.ModuleClassLoader@74abbb
[26Jul2026 05:21:40.297] [main/DEBUG] [net.minecraftforge.fml.javafmlmod.FMLModContainer/LOADING]: Creating FMLModContainer instance for fuzs.easymagic.EasyMagicForge
[26Jul2026 05:21:40.298] [main/DEBUG] [net.minecraftforge.fml.javafmlmod.FMLJavaModLanguageProvider/LOADING]: Loading FMLModContainer from classloader cpw.mods.modlauncher.TransformingClassLoader@2e7af36e - got cpw.mods.cl.ModuleClassLoader@74abbb
[26Jul2026 05:21:40.298] [main/DEBUG] [net.minecraftforge.fml.javafmlmod.FMLModContainer/LOADING]: Creating FMLModContainer instance for mezz.jei.forge.JustEnoughItems
[26Jul2026 05:21:40.298] [main/DEBUG] [net.minecraftforge.fml.javafmlmod.FMLJavaModLanguageProvider/LOADING]: Loading FMLModContainer from classloader cpw.mods.modlauncher.TransformingClassLoader@2e7af36e - got cpw.mods.cl.ModuleClassLoader@74abbb
[26Jul2026 05:21:40.298] [main/DEBUG] [net.minecraftforge.fml.javafmlmod.FMLModContainer/LOADING]: Creating FMLModContainer instance for com.dannbrown.deltaboxlib.platform.ModInitForge
[26Jul2026 05:21:40.299] [main/DEBUG] [net.minecraftforge.fml.javafmlmod.FMLJavaModLanguageProvider/LOADING]: Loading FMLModContainer from classloader cpw.mods.modlauncher.TransformingClassLoader@2e7af36e - got cpw.mods.cl.ModuleClassLoader@74abbb
[26Jul2026 05:21:40.299] [main/DEBUG] [net.minecraftforge.fml.javafmlmod.FMLModContainer/LOADING]: Creating FMLModContainer instance for dev.obscuria.fragmentum.forge.ForgeFragmentum
[26Jul2026 05:21:40.299] [main/DEBUG] [net.minecraftforge.fml.javafmlmod.FMLJavaModLanguageProvider/LOADING]: Loading FMLModContainer from classloader cpw.mods.modlauncher.TransformingClassLoader@2e7af36e - got cpw.mods.cl.ModuleClassLoader@74abbb
[26Jul2026 05:21:40.299] [main/DEBUG] [net.minecraftforge.fml.javafmlmod.FMLModContainer/LOADING]: Creating FMLModContainer instance for dev.shadowsoffire.fastsuite.FastSuite
[26Jul2026 05:21:40.300] [main/DEBUG] [net.minecraftforge.fml.javafmlmod.FMLJavaModLanguageProvider/LOADING]: Loading FMLModContainer from classloader cpw.mods.modlauncher.TransformingClassLoader@2e7af36e - got cpw.mods.cl.ModuleClassLoader@74abbb
[26Jul2026 05:21:40.300] [main/DEBUG] [net.minecraftforge.fml.javafmlmod.FMLModContainer/LOADING]: Creating FMLModContainer instance for com.fastasyncworldsave.FastAsyncWorldSave
[26Jul2026 05:21:40.301] [main/DEBUG] [net.minecraftforge.fml.javafmlmod.FMLJavaModLanguageProvider/LOADING]: Loading FMLModContainer from classloader cpw.mods.modlauncher.TransformingClassLoader@2e7af36e - got cpw.mods.cl.ModuleClassLoader@74abbb
[26Jul2026 05:21:40.301] [main/DEBUG] [net.minecraftforge.fml.javafmlmod.FMLModContainer/LOADING]: Creating FMLModContainer instance for alternate.current.AlternateCurrentMod
[26Jul2026 05:21:40.302] [main/DEBUG] [net.minecraftforge.fml.javafmlmod.FMLJavaModLanguageProvider/LOADING]: Loading FMLModContainer from classloader cpw.mods.modlauncher.TransformingClassLoader@2e7af36e - got cpw.mods.cl.ModuleClassLoader@74abbb
[26Jul2026 05:21:40.302] [main/DEBUG] [net.minecraftforge.fml.javafmlmod.FMLModContainer/LOADING]: Creating FMLModContainer instance for pm.meh.icterine.Icterine
[26Jul2026 05:21:40.302] [main/DEBUG] [net.minecraftforge.fml.javafmlmod.FMLJavaModLanguageProvider/LOADING]: Loading FMLModContainer from classloader cpw.mods.modlauncher.TransformingClassLoader@2e7af36e - got cpw.mods.cl.ModuleClassLoader@74abbb
[26Jul2026 05:21:40.302] [main/DEBUG] [net.minecraftforge.fml.javafmlmod.FMLModContainer/LOADING]: Creating FMLModContainer instance for com.cerbon.better_totem_of_undying.forge.BetterTotemOfUndyingForge
[26Jul2026 05:21:40.303] [main/DEBUG] [net.minecraftforge.fml.javafmlmod.FMLJavaModLanguageProvider/LOADING]: Loading FMLModContainer from classloader cpw.mods.modlauncher.TransformingClassLoader@2e7af36e - got cpw.mods.cl.ModuleClassLoader@74abbb
[26Jul2026 05:21:40.303] [main/DEBUG] [net.minecraftforge.fml.javafmlmod.FMLModContainer/LOADING]: Creating FMLModContainer instance for eu.midnightdust.forge.MidnightLibForge
[26Jul2026 05:21:40.303] [main/DEBUG] [net.minecraftforge.fml.javafmlmod.FMLJavaModLanguageProvider/LOADING]: Loading FMLModContainer from classloader cpw.mods.modlauncher.TransformingClassLoader@2e7af36e - got cpw.mods.cl.ModuleClassLoader@74abbb
[26Jul2026 05:21:40.303] [main/DEBUG] [net.minecraftforge.fml.javafmlmod.FMLModContainer/LOADING]: Creating FMLModContainer instance for com.supermartijn642.formations.Formations
[26Jul2026 05:21:40.304] [main/DEBUG] [net.minecraftforge.fml.javafmlmod.FMLJavaModLanguageProvider/LOADING]: Loading FMLModContainer from classloader cpw.mods.modlauncher.TransformingClassLoader@2e7af36e - got cpw.mods.cl.ModuleClassLoader@74abbb
[26Jul2026 05:21:40.304] [main/DEBUG] [net.minecraftforge.fml.javafmlmod.FMLModContainer/LOADING]: Creating FMLModContainer instance for fuzs.puzzlesaccessapi.forge.PuzzlesAccessApiForge
[26Jul2026 05:21:40.304] [main/DEBUG] [net.minecraftforge.fml.javafmlmod.FMLJavaModLanguageProvider/LOADING]: Loading FMLModContainer from classloader cpw.mods.modlauncher.TransformingClassLoader@2e7af36e - got cpw.mods.cl.ModuleClassLoader@74abbb
[26Jul2026 05:21:40.304] [main/DEBUG] [net.minecraftforge.fml.javafmlmod.FMLModContainer/LOADING]: Creating FMLModContainer instance for net.minecraftforge.common.ForgeMod
[26Jul2026 05:21:40.307] [main/DEBUG] [net.minecraftforge.fml.javafmlmod.FMLJavaModLanguageProvider/LOADING]: Loading FMLModContainer from classloader cpw.mods.modlauncher.TransformingClassLoader@2e7af36e - got cpw.mods.cl.ModuleClassLoader@74abbb
[26Jul2026 05:21:40.307] [main/DEBUG] [net.minecraftforge.fml.javafmlmod.FMLModContainer/LOADING]: Creating FMLModContainer instance for net.mcreator.luminousworld.LuminousworldMod
[26Jul2026 05:21:40.308] [main/DEBUG] [net.minecraftforge.fml.javafmlmod.FMLJavaModLanguageProvider/LOADING]: Loading FMLModContainer from classloader cpw.mods.modlauncher.TransformingClassLoader@2e7af36e - got cpw.mods.cl.ModuleClassLoader@74abbb
[26Jul2026 05:21:40.308] [main/DEBUG] [net.minecraftforge.fml.javafmlmod.FMLModContainer/LOADING]: Creating FMLModContainer instance for com.faboslav.friendsandfoes.forge.FriendsAndFoesForge
[26Jul2026 05:21:40.309] [main/DEBUG] [net.minecraftforge.fml.javafmlmod.FMLJavaModLanguageProvider/LOADING]: Loading FMLModContainer from classloader cpw.mods.modlauncher.TransformingClassLoader@2e7af36e - got cpw.mods.cl.ModuleClassLoader@74abbb
[26Jul2026 05:21:40.309] [main/DEBUG] [net.minecraftforge.fml.javafmlmod.FMLModContainer/LOADING]: Creating FMLModContainer instance for net.mcreator.luminousnether.LuminousNetherMod
[26Jul2026 05:21:40.310] [main/DEBUG] [net.minecraftforge.fml.javafmlmod.FMLJavaModLanguageProvider/LOADING]: Loading FMLModContainer from classloader cpw.mods.modlauncher.TransformingClassLoader@2e7af36e - got cpw.mods.cl.ModuleClassLoader@74abbb
[26Jul2026 05:21:40.310] [main/DEBUG] [net.minecraftforge.fml.javafmlmod.FMLModContainer/LOADING]: Creating FMLModContainer instance for com.github.alexmodguy.alexscaves.AlexsCaves
[26Jul2026 05:21:40.312] [main/DEBUG] [net.minecraftforge.fml.javafmlmod.FMLJavaModLanguageProvider/LOADING]: Loading FMLModContainer from classloader cpw.mods.modlauncher.TransformingClassLoader@2e7af36e - got cpw.mods.cl.ModuleClassLoader@74abbb
[26Jul2026 05:21:40.312] [main/DEBUG] [net.minecraftforge.fml.javafmlmod.FMLModContainer/LOADING]: Creating FMLModContainer instance for com.telepathicgrunt.tact.TACT
[26Jul2026 05:21:40.312] [main/DEBUG] [net.minecraftforge.fml.javafmlmod.FMLJavaModLanguageProvider/LOADING]: Loading FMLModContainer from classloader cpw.mods.modlauncher.TransformingClassLoader@2e7af36e - got cpw.mods.cl.ModuleClassLoader@74abbb
[26Jul2026 05:21:40.312] [main/DEBUG] [net.minecraftforge.fml.javafmlmod.FMLModContainer/LOADING]: Creating FMLModContainer instance for terrablender.core.TerraBlenderForge
[26Jul2026 05:21:40.313] [main/DEBUG] [net.minecraftforge.fml.javafmlmod.FMLJavaModLanguageProvider/LOADING]: Loading FMLModContainer from classloader cpw.mods.modlauncher.TransformingClassLoader@2e7af36e - got cpw.mods.cl.ModuleClassLoader@74abbb
[26Jul2026 05:21:40.313] [main/DEBUG] [net.minecraftforge.fml.javafmlmod.FMLModContainer/LOADING]: Creating FMLModContainer instance for net.mehvahdjukaar.moonlight.forge.MoonlightForge
[26Jul2026 05:21:40.314] [main/DEBUG] [net.minecraftforge.fml.javafmlmod.FMLJavaModLanguageProvider/LOADING]: Loading FMLModContainer from classloader cpw.mods.modlauncher.TransformingClassLoader@2e7af36e - got cpw.mods.cl.ModuleClassLoader@74abbb
[26Jul2026 05:21:40.314] [main/DEBUG] [net.minecraftforge.fml.javafmlmod.FMLModContainer/LOADING]: Creating FMLModContainer instance for tech.alexnijjar.endermanoverhaul.forge.EndermanOverhaulForge
[26Jul2026 05:21:40.314] [main/DEBUG] [net.minecraftforge.fml.javafmlmod.FMLJavaModLanguageProvider/LOADING]: Loading FMLModContainer from classloader cpw.mods.modlauncher.TransformingClassLoader@2e7af36e - got cpw.mods.cl.ModuleClassLoader@74abbb
[26Jul2026 05:21:40.316] [main/DEBUG] [net.minecraftforge.fml.javafmlmod.FMLModContainer/LOADING]: Creating FMLModContainer instance for dev.ftb.mods.ftbquests.forge.FTBQuestsForge
[26Jul2026 05:21:40.317] [main/DEBUG] [net.minecraftforge.fml.javafmlmod.FMLJavaModLanguageProvider/LOADING]: Loading FMLModContainer from classloader cpw.mods.modlauncher.TransformingClassLoader@2e7af36e - got cpw.mods.cl.ModuleClassLoader@74abbb
[26Jul2026 05:21:40.317] [main/DEBUG] [net.minecraftforge.fml.javafmlmod.FMLModContainer/LOADING]: Creating FMLModContainer instance for com.dannbrown.musicbox.platform.ModInitForge
[26Jul2026 05:21:40.318] [main/DEBUG] [net.minecraftforge.fml.javafmlmod.FMLJavaModLanguageProvider/LOADING]: Loading FMLModContainer from classloader cpw.mods.modlauncher.TransformingClassLoader@2e7af36e - got cpw.mods.cl.ModuleClassLoader@74abbb
[26Jul2026 05:21:40.318] [main/DEBUG] [net.minecraftforge.fml.javafmlmod.FMLModContainer/LOADING]: Creating FMLModContainer instance for net.mcreator.mofusbetterend.MofusBetterEndMod
[26Jul2026 05:21:40.318] [main/DEBUG] [net.minecraftforge.fml.javafmlmod.FMLJavaModLanguageProvider/LOADING]: Loading FMLModContainer from classloader cpw.mods.modlauncher.TransformingClassLoader@2e7af36e - got cpw.mods.cl.ModuleClassLoader@74abbb
[26Jul2026 05:21:40.318] [main/DEBUG] [net.minecraftforge.fml.javafmlmod.FMLModContainer/LOADING]: Creating FMLModContainer instance for com.finderfeed.fdlib.FDLib
[26Jul2026 05:21:40.319] [main/DEBUG] [net.minecraftforge.fml.javafmlmod.FMLJavaModLanguageProvider/LOADING]: Loading FMLModContainer from classloader cpw.mods.modlauncher.TransformingClassLoader@2e7af36e - got cpw.mods.cl.ModuleClassLoader@74abbb
[26Jul2026 05:21:40.319] [main/DEBUG] [net.minecraftforge.fml.javafmlmod.FMLModContainer/LOADING]: Creating FMLModContainer instance for team.creative.creativecore.CreativeCore
[26Jul2026 05:21:40.320] [main/DEBUG] [net.minecraftforge.fml.javafmlmod.FMLJavaModLanguageProvider/LOADING]: Loading FMLModContainer from classloader cpw.mods.modlauncher.TransformingClassLoader@2e7af36e - got cpw.mods.cl.ModuleClassLoader@74abbb
[26Jul2026 05:21:40.320] [main/DEBUG] [net.minecraftforge.fml.javafmlmod.FMLModContainer/LOADING]: Creating FMLModContainer instance for com.blackgear.platform.forge.PlatformForge
[26Jul2026 05:21:40.320] [main/DEBUG] [net.minecraftforge.fml.javafmlmod.FMLJavaModLanguageProvider/LOADING]: Loading FMLModContainer from classloader cpw.mods.modlauncher.TransformingClassLoader@2e7af36e - got cpw.mods.cl.ModuleClassLoader@74abbb
[26Jul2026 05:21:40.320] [main/DEBUG] [net.minecraftforge.fml.javafmlmod.FMLModContainer/LOADING]: Creating FMLModContainer instance for com.supermartijn642.movingelevators.MovingElevators
[26Jul2026 05:21:40.322] [main/DEBUG] [net.minecraftforge.fml.javafmlmod.FMLJavaModLanguageProvider/LOADING]: Loading FMLModContainer from classloader cpw.mods.modlauncher.TransformingClassLoader@2e7af36e - got cpw.mods.cl.ModuleClassLoader@74abbb
[26Jul2026 05:21:40.322] [main/DEBUG] [net.minecraftforge.fml.javafmlmod.FMLModContainer/LOADING]: Creating FMLModContainer instance for de.markusbordihn.easynpc.bundle.EasyNPCBundleMod
[26Jul2026 05:21:40.323] [main/DEBUG] [thedarkcolour.kotlinforforge.LoggerKt/LOADING]: Loading KotlinModContainer from classloader cpw.mods.modlauncher.TransformingClassLoader@2e7af36e - got cpw.mods.cl.ModuleClassLoader@74abbb}
[26Jul2026 05:21:40.324] [main/DEBUG] [thedarkcolour.kotlinforforge.LoggerKt/LOADING]: Creating KotlinModContainer instance for thedarkcolour.kotlinforforge.test.KotlinForForge
[26Jul2026 05:21:40.325] [main/DEBUG] [net.minecraftforge.fml.javafmlmod.FMLJavaModLanguageProvider/LOADING]: Loading FMLModContainer from classloader cpw.mods.modlauncher.TransformingClassLoader@2e7af36e - got cpw.mods.cl.ModuleClassLoader@74abbb
[26Jul2026 05:21:40.326] [main/DEBUG] [net.minecraftforge.fml.javafmlmod.FMLModContainer/LOADING]: Creating FMLModContainer instance for com.anthonyhilyard.iceberg.Loader
[26Jul2026 05:21:40.326] [main/DEBUG] [net.minecraftforge.fml.javafmlmod.FMLJavaModLanguageProvider/LOADING]: Loading FMLModContainer from classloader cpw.mods.modlauncher.TransformingClassLoader@2e7af36e - got cpw.mods.cl.ModuleClassLoader@74abbb
[26Jul2026 05:21:40.326] [main/DEBUG] [net.minecraftforge.fml.javafmlmod.FMLModContainer/LOADING]: Creating FMLModContainer instance for com.mrbysco.lunar.Lunar
[26Jul2026 05:21:40.327] [main/DEBUG] [net.minecraftforge.fml.javafmlmod.FMLJavaModLanguageProvider/LOADING]: Loading FMLModContainer from classloader cpw.mods.modlauncher.TransformingClassLoader@2e7af36e - got cpw.mods.cl.ModuleClassLoader@74abbb
[26Jul2026 05:21:40.327] [main/DEBUG] [net.minecraftforge.fml.javafmlmod.FMLModContainer/LOADING]: Creating FMLModContainer instance for net.geforcemods.securitycraft.SecurityCraft
[26Jul2026 05:21:40.329] [main/DEBUG] [net.minecraftforge.fml.javafmlmod.FMLJavaModLanguageProvider/LOADING]: Loading FMLModContainer from classloader cpw.mods.modlauncher.TransformingClassLoader@2e7af36e - got cpw.mods.cl.ModuleClassLoader@74abbb
[26Jul2026 05:21:40.329] [main/DEBUG] [net.minecraftforge.fml.javafmlmod.FMLModContainer/LOADING]: Creating FMLModContainer instance for fuzs.bettertridents.BetterTridentsForge
[26Jul2026 05:21:40.329] [main/DEBUG] [net.minecraftforge.fml.lowcodemod.LowCodeModLanguageProvider.LowCodeModTarget/LOADING]: Loading LowCodeModContainer from classloader cpw.mods.modlauncher.TransformingClassLoader@2e7af36e - got cpw.mods.cl.ModuleClassLoader@74abbb
[26Jul2026 05:21:40.329] [main/DEBUG] [net.minecraftforge.fml.lowcodemod.LowCodeModContainer/LOADING]: Creating LowCodeModContainer for mvs
[26Jul2026 05:21:40.329] [main/DEBUG] [net.minecraftforge.fml.javafmlmod.FMLJavaModLanguageProvider/LOADING]: Loading FMLModContainer from classloader cpw.mods.modlauncher.TransformingClassLoader@2e7af36e - got cpw.mods.cl.ModuleClassLoader@74abbb
[26Jul2026 05:21:40.329] [main/DEBUG] [net.minecraftforge.fml.javafmlmod.FMLModContainer/LOADING]: Creating FMLModContainer instance for tech.thatgravyboat.creeperoverhaul.forge.CreepersForge
[26Jul2026 05:21:40.330] [main/DEBUG] [net.minecraftforge.fml.javafmlmod.FMLJavaModLanguageProvider/LOADING]: Loading FMLModContainer from classloader cpw.mods.modlauncher.TransformingClassLoader@2e7af36e - got cpw.mods.cl.ModuleClassLoader@74abbb
[26Jul2026 05:21:40.330] [main/DEBUG] [net.minecraftforge.fml.javafmlmod.FMLModContainer/LOADING]: Creating FMLModContainer instance for noobanidus.mods.lootr.Lootr
[26Jul2026 05:21:40.330] [main/DEBUG] [net.minecraftforge.fml.javafmlmod.FMLJavaModLanguageProvider/LOADING]: Loading FMLModContainer from classloader cpw.mods.modlauncher.TransformingClassLoader@2e7af36e - got cpw.mods.cl.ModuleClassLoader@74abbb
[26Jul2026 05:21:40.331] [main/DEBUG] [net.minecraftforge.fml.javafmlmod.FMLModContainer/LOADING]: Creating FMLModContainer instance for malte0811.ferritecore.ModMainForge
[26Jul2026 05:21:40.331] [main/DEBUG] [net.minecraftforge.fml.javafmlmod.FMLJavaModLanguageProvider/LOADING]: Loading FMLModContainer from classloader cpw.mods.modlauncher.TransformingClassLoader@2e7af36e - got cpw.mods.cl.ModuleClassLoader@74abbb
[26Jul2026 05:21:40.331] [main/DEBUG] [net.minecraftforge.fml.javafmlmod.FMLModContainer/LOADING]: Creating FMLModContainer instance for dev.isxander.yacl3.platform.PlatformEntrypoint
[26Jul2026 05:21:40.331] [main/DEBUG] [net.minecraftforge.fml.javafmlmod.FMLJavaModLanguageProvider/LOADING]: Loading FMLModContainer from classloader cpw.mods.modlauncher.TransformingClassLoader@2e7af36e - got cpw.mods.cl.ModuleClassLoader@74abbb
[26Jul2026 05:21:40.331] [main/DEBUG] [net.minecraftforge.fml.javafmlmod.FMLModContainer/LOADING]: Creating FMLModContainer instance for fuzs.puzzleslib.impl.PuzzlesLibForge
[26Jul2026 05:21:40.332] [main/DEBUG] [net.minecraftforge.fml.javafmlmod.FMLJavaModLanguageProvider/LOADING]: Loading FMLModContainer from classloader cpw.mods.modlauncher.TransformingClassLoader@2e7af36e - got cpw.mods.cl.ModuleClassLoader@74abbb
[26Jul2026 05:21:40.332] [main/DEBUG] [net.minecraftforge.fml.javafmlmod.FMLModContainer/LOADING]: Creating FMLModContainer instance for net.mcreator.deepdarkregrowth.DeepDarkRegrowthMod
[26Jul2026 05:21:40.332] [main/DEBUG] [net.minecraftforge.fml.javafmlmod.FMLJavaModLanguageProvider/LOADING]: Loading FMLModContainer from classloader cpw.mods.modlauncher.TransformingClassLoader@2e7af36e - got cpw.mods.cl.ModuleClassLoader@74abbb
[26Jul2026 05:21:40.333] [main/DEBUG] [net.minecraftforge.fml.javafmlmod.FMLModContainer/LOADING]: Creating FMLModContainer instance for com.momosoftworks.coldsweat.ColdSweat
[26Jul2026 05:21:40.333] [main/DEBUG] [net.minecraftforge.fml.javafmlmod.FMLJavaModLanguageProvider/LOADING]: Loading FMLModContainer from classloader cpw.mods.modlauncher.TransformingClassLoader@2e7af36e - got cpw.mods.cl.ModuleClassLoader@74abbb
[26Jul2026 05:21:40.334] [main/DEBUG] [net.minecraftforge.fml.javafmlmod.FMLModContainer/LOADING]: Creating FMLModContainer instance for lain.mods.cos.init.forge.ForgeCosmeticArmorReworked
[26Jul2026 05:21:40.334] [main/DEBUG] [net.minecraftforge.fml.javafmlmod.FMLJavaModLanguageProvider/LOADING]: Loading FMLModContainer from classloader cpw.mods.modlauncher.TransformingClassLoader@2e7af36e - got cpw.mods.cl.ModuleClassLoader@74abbb
[26Jul2026 05:21:40.334] [main/DEBUG] [net.minecraftforge.fml.javafmlmod.FMLModContainer/LOADING]: Creating FMLModContainer instance for dev.xylonity.explosiveenhancement.ExplosiveEnhancement
[26Jul2026 05:21:40.335] [main/DEBUG] [net.minecraftforge.fml.javafmlmod.FMLJavaModLanguageProvider/LOADING]: Loading FMLModContainer from classloader cpw.mods.modlauncher.TransformingClassLoader@2e7af36e - got cpw.mods.cl.ModuleClassLoader@74abbb
[26Jul2026 05:21:40.335] [main/DEBUG] [net.minecraftforge.fml.javafmlmod.FMLModContainer/LOADING]: Creating FMLModContainer instance for com.natamus.healingcampfire.ModForge
[26Jul2026 05:21:40.335] [main/DEBUG] [net.minecraftforge.fml.javafmlmod.FMLJavaModLanguageProvider/LOADING]: Loading FMLModContainer from classloader cpw.mods.modlauncher.TransformingClassLoader@2e7af36e - got cpw.mods.cl.ModuleClassLoader@74abbb
[26Jul2026 05:21:40.336] [main/DEBUG] [net.minecraftforge.fml.javafmlmod.FMLModContainer/LOADING]: Creating FMLModContainer instance for net.mcreator.dedsafio3.Dedsafio3Mod
[26Jul2026 05:21:40.336] [main/DEBUG] [net.minecraftforge.fml.javafmlmod.FMLJavaModLanguageProvider/LOADING]: Loading FMLModContainer from classloader cpw.mods.modlauncher.TransformingClassLoader@2e7af36e - got cpw.mods.cl.ModuleClassLoader@74abbb
[26Jul2026 05:21:40.336] [main/DEBUG] [net.minecraftforge.fml.javafmlmod.FMLModContainer/LOADING]: Creating FMLModContainer instance for net.cristellib.forge.CristelLibForge
[26Jul2026 05:21:40.438] [modloading-worker-0/DEBUG] [net.minecraftforge.fml.javafmlmod.AutomaticEventSubscriber/LOADING]: Attempting to inject @EventBusSubscriber classes into the eventbus for easyanvils
[26Jul2026 05:21:40.436] [modloading-worker-0/INFO] [Easy NPC: Core/]: Initializing Easy NPC (Forge) ...
[26Jul2026 05:21:40.440] [modloading-worker-0/INFO] [Easy NPC: Core/]: 🗣 Register Easy NPC: Core Debug Manager ...
[26Jul2026 05:21:40.442] [modloading-worker-0/DEBUG] [net.minecraftforge.fml.javafmlmod.AutomaticEventSubscriber/LOADING]: Auto-subscribing fuzs.easyanvils.EasyAnvilsForge to MOD
[26Jul2026 05:21:40.443] [modloading-worker-0/WARN] [Easy NPC: Core/]: [Debug Manager] Detected debug log level for Easy NPC: Core with ALL!
[26Jul2026 05:21:40.444] [modloading-worker-0/WARN] [Easy NPC: Core/]: [Debug Manager] Adjusting log level for Easy NPC: Core from ALL to INFO, for performance reasons!
[26Jul2026 05:21:40.444] [modloading-worker-0/INFO] [Easy NPC: Core/]: [Debug Manager] Add new logger config for Easy NPC: Core with level INFO ...
[26Jul2026 05:21:40.451] [modloading-worker-0/INFO] [Easy NPC: Core/]: 🗣 Register Easy NPC: Core Constants ...
[26Jul2026 05:21:40.456] [modloading-worker-0/INFO] [Easy NPC: Core/]: 🗣 Register Easy NPC: Core Configuration ...
[26Jul2026 05:21:40.459] [modloading-worker-0/INFO] [Easy NPC: Core/]: [Config] Registering common configuration ...
[26Jul2026 05:21:40.482] [modloading-worker-0/INFO] [Easy NPC: Core/]: Initialized 740 supported and 349 unsupported entity types from defaults.
[26Jul2026 05:21:40.514] [modloading-worker-0/INFO] [Puzzles Lib/]: Constructing common components for easyanvils:main
[26Jul2026 05:21:40.519] [modloading-worker-0/INFO] [Easy NPC: Core/]: [Config] Registering server configuration ...
[26Jul2026 05:21:40.521] [modloading-worker-0/INFO] [Easy NPC: Core/]: 🗣 Register Easy NPC: Core Common Data Files ...
[26Jul2026 05:21:40.523] [modloading-worker-0/INFO] [Easy NPC: Core/]: 🗣 Register Easy NPC: Core Common data folders ...
[26Jul2026 05:21:40.526] [modloading-worker-0/INFO] [Easy NPC: Core/]: 🗣 Register Easy NPC: Core Entity Data Serializers ...
[26Jul2026 05:21:40.571] [modloading-worker-0/DEBUG] [mixin/]: Mixing perf.faster_ingredients.ForgeHooksMixin from modernfix-forge.mixins.json into net.minecraftforge.common.ForgeHooks
[26Jul2026 05:21:40.613] [modloading-worker-0/DEBUG] [net.minecraftforge.fml.config.ConfigTracker/CONFIG]: Config file easyanvils-server.toml for easyanvils tracking
[26Jul2026 05:21:40.644] [modloading-worker-0/DEBUG] [mixin/]: Mixing ServerResourcesMixin from placebo.mixins.json into net.minecraft.server.ReloadableServerResources
[26Jul2026 05:21:40.646] [modloading-worker-0/DEBUG] [mixin/]: Mixing ServerResourcesMixin from fastsuite.mixins.json into net.minecraft.server.ReloadableServerResources
[26Jul2026 05:21:40.647] [modloading-worker-0/DEBUG] [mixin/]: Mixing ReloadableServerResourcesMixin from moonlight-common.mixins.json into net.minecraft.server.ReloadableServerResources
[26Jul2026 05:21:40.667] [modloading-worker-0/INFO] [Easy NPC: Core/]: 🗣 Register Easy NPC: Core Compatibility Handler ...
[26Jul2026 05:21:40.670] [modloading-worker-0/INFO] [Easy NPC: Core/]: 🗣 Register Easy NPC: Core Compat Handler ...
[26Jul2026 05:21:40.673] [modloading-worker-0/INFO] [Easy NPC: Core/]: [Compat Manager] Epic Fight mod with id 'epicfight' loaded: false
[26Jul2026 05:21:40.678] [modloading-worker-0/DEBUG] [mixin/]: Mixing perf.forge_registry_lambda.RegistryObjectMixin from modernfix-forge.mixins.json into net.minecraftforge.registries.RegistryObject
[26Jul2026 05:21:40.677] [modloading-worker-0/INFO] [Easy NPC: Core/]: [Compat Manager] Cobblemon mod with id 'cobblemon' loaded: false
[26Jul2026 05:21:40.680] [modloading-worker-0/INFO] [Easy NPC: Core/]: 🗣 Register Easy NPC: Core Command Argument Types ...
[26Jul2026 05:21:40.694] [modloading-worker-0/INFO] [Easy NPC: Core/]: 🗣 Register Easy NPC: Core Entity Types ...
[26Jul2026 05:21:40.749] [modloading-worker-0/DEBUG] [net.minecraftforge.fml.javafmlmod.AutomaticEventSubscriber/LOADING]: Attempting to inject @EventBusSubscriber classes into the eventbus for supermartijn642configlib
[26Jul2026 05:21:40.788] [modloading-worker-0/DEBUG] [net.minecraftforge.fml.config.ConfigTracker/CONFIG]: Config file netherexp-common.toml for netherexp tracking
[26Jul2026 05:21:40.792] [modloading-worker-0/DEBUG] [mixin/]: Mixing accessor.CriteriaTriggersAccessor from yungsapi.mixins.json into net.minecraft.advancements.CriteriaTriggers
[26Jul2026 05:21:40.793] [modloading-worker-0/DEBUG] [mixin/]: Renaming @Accessor method getValues()Ljava/util/Map; to getValues_$md$d17185$0 in yungsapi.mixins.json:accessor.CriteriaTriggersAccessor
[26Jul2026 05:21:40.794] [modloading-worker-0/DEBUG] [mixin/]: Mixing accessor.CriteriaTriggersAccessor from cataclysm.mixins.json into net.minecraft.advancements.CriteriaTriggers
[26Jul2026 05:21:40.794] [modloading-worker-0/DEBUG] [mixin/]: Renaming @Accessor method getValues()Ljava/util/Map; to getValues_$md$d17185$1 in cataclysm.mixins.json:accessor.CriteriaTriggersAccessor
[26Jul2026 05:21:40.806] [modloading-worker-0/DEBUG] [mixin/]: Mixing InventoryChangeTriggerMixin from icterine.mixins.json into net.minecraft.advancements.critereon.InventoryChangeTrigger
[26Jul2026 05:21:40.807] [modloading-worker-0/DEBUG] [mixin/]: Renaming synthetic method lambda$trigger$1(Lnet/minecraft/world/item/ItemStack;)Ljava/lang/String; to mdd17185$lambda$trigger$1$0 in icterine.mixins.json:InventoryChangeTriggerMixin
[26Jul2026 05:21:40.807] [modloading-worker-0/DEBUG] [mixin/]: Renaming synthetic method lambda$trigger$0(Lnet/minecraft/world/item/ItemStack;)Ljava/lang/String; to mdd17185$lambda$trigger$0$1 in icterine.mixins.json:InventoryChangeTriggerMixin
[26Jul2026 05:21:40.812] [modloading-worker-0/DEBUG] [mixin/]: Mixing InventoryChangeTriggerInstanceMixin from icterine.mixins.json into net.minecraft.advancements.critereon.InventoryChangeTrigger$TriggerInstance
[26Jul2026 05:21:40.813] [modloading-worker-0/DEBUG] [mixin/]: Renaming synthetic method lambda$matches$0(Lnet/minecraft/world/item/ItemStack;Lnet/minecraft/advancements/critereon/ItemPredicate;)Z to mdd17185$lambda$matches$0$0 in icterine.mixins.json:InventoryChangeTriggerInstanceMixin
[26Jul2026 05:21:41.176] [modloading-worker-0/DEBUG] [net.minecraftforge.fml.javafmlmod.AutomaticEventSubscriber/LOADING]: Attempting to inject @EventBusSubscriber classes into the eventbus for netherexp
[26Jul2026 05:21:41.177] [modloading-worker-0/DEBUG] [net.minecraftforge.fml.javafmlmod.AutomaticEventSubscriber/LOADING]: Auto-subscribing net.jadenxgamer.netherexp.event.JNEEvents to FORGE
[26Jul2026 05:21:41.185] [modloading-worker-0/DEBUG] [net.minecraftforge.fml.javafmlmod.AutomaticEventSubscriber/LOADING]: Auto-subscribing net.jadenxgamer.netherexp.event.JNEEvents$ModBusEvents to MOD
[26Jul2026 05:21:41.219] [modloading-worker-0/DEBUG] [net.minecraftforge.fml.javafmlmod.AutomaticEventSubscriber/LOADING]: Attempting to inject @EventBusSubscriber classes into the eventbus for geckolib
[26Jul2026 05:21:41.222] [modloading-worker-0/DEBUG] [net.minecraftforge.fml.javafmlmod.AutomaticEventSubscriber/LOADING]: Auto-subscribing software.bernie.example.GeckoLibMod to FORGE
[26Jul2026 05:21:41.222] [modloading-worker-0/DEBUG] [net.minecraftforge.fml.javafmlmod.AutomaticEventSubscriber/LOADING]: Auto-subscribing software.bernie.example.CommonListener to MOD
[26Jul2026 05:21:41.223] [modloading-worker-0/DEBUG] [net.minecraftforge.fml.javafmlmod.AutomaticEventSubscriber/LOADING]: Attempting to inject @EventBusSubscriber classes into the eventbus for playeranimator
[26Jul2026 05:21:41.612] [modloading-worker-0/DEBUG] [net.minecraftforge.fml.javafmlmod.AutomaticEventSubscriber/LOADING]: Attempting to inject @EventBusSubscriber classes into the eventbus for naturalist
[26Jul2026 05:21:41.615] [modloading-worker-0/DEBUG] [net.minecraftforge.fml.javafmlmod.AutomaticEventSubscriber/LOADING]: Auto-subscribing com.starfish_studios.naturalist.forge.NaturalistForgeClient to MOD
[26Jul2026 05:21:41.620] [modloading-worker-0/DEBUG] [net.minecraftforge.fml.javafmlmod.AutomaticEventSubscriber/LOADING]: Auto-subscribing com.starfish_studios.naturalist.core.registry.forge.NaturalistCreativeModeTabForge to MOD
[26Jul2026 05:21:41.627] [modloading-worker-0/DEBUG] [net.minecraftforge.fml.config.ConfigTracker/CONFIG]: Config file incontrol-server.toml for incontrol tracking
[26Jul2026 05:21:41.634] [modloading-worker-0/DEBUG] [net.minecraftforge.fml.javafmlmod.AutomaticEventSubscriber/LOADING]: Attempting to inject @EventBusSubscriber classes into the eventbus for incontrol
[26Jul2026 05:21:41.852] [modloading-worker-0/DEBUG] [net.minecraftforge.fml.javafmlmod.AutomaticEventSubscriber/LOADING]: Attempting to inject @EventBusSubscriber classes into the eventbus for connectivity
[26Jul2026 05:21:41.866] [modloading-worker-0/DEBUG] [net.minecraftforge.fml.javafmlmod.AutomaticEventSubscriber/LOADING]: Attempting to inject @EventBusSubscriber classes into the eventbus for placebo
[26Jul2026 05:21:41.867] [modloading-worker-0/DEBUG] [net.minecraftforge.fml.javafmlmod.AutomaticEventSubscriber/LOADING]: Auto-subscribing dev.shadowsoffire.placebo.util.PlaceboTaskQueue to FORGE
[26Jul2026 05:21:41.899] [modloading-worker-0/DEBUG] [mixin/]: Mixing perf.smart_ingredient_sync.PlayerListMixin from modernfix-forge.mixins.json into net.minecraft.server.players.PlayerList
[26Jul2026 05:21:41.902] [modloading-worker-0/DEBUG] [mixin/]: Mixing camera.PlayerListMixin from securitycraft.mixins.json into net.minecraft.server.players.PlayerList
[26Jul2026 05:21:41.941] [modloading-worker-0/DEBUG] [net.minecraftforge.fml.config.ConfigTracker/CONFIG]: Config file modernfix-common.toml for modernfix tracking
[26Jul2026 05:21:41.953] [modloading-worker-0/DEBUG] [net.minecraftforge.fml.javafmlmod.AutomaticEventSubscriber/LOADING]: Attempting to inject @EventBusSubscriber classes into the eventbus for modernfix
[26Jul2026 05:21:41.962] [modloading-worker-0/DEBUG] [net.minecraftforge.fml.javafmlmod.AutomaticEventSubscriber/LOADING]: Attempting to inject @EventBusSubscriber classes into the eventbus for luminoustag
[26Jul2026 05:21:41.963] [modloading-worker-0/DEBUG] [net.minecraftforge.fml.javafmlmod.AutomaticEventSubscriber/LOADING]: Auto-subscribing net.mcreator.luminoustag.init.LuminoustagModTabs to MOD
[26Jul2026 05:21:42.037] [modloading-worker-0/DEBUG] [net.minecraftforge.fml.config.ConfigTracker/CONFIG]: Config file citadel-common.toml for citadel tracking
[26Jul2026 05:21:42.046] [modloading-worker-0/DEBUG] [net.minecraftforge.fml.javafmlmod.AutomaticEventSubscriber/LOADING]: Attempting to inject @EventBusSubscriber classes into the eventbus for citadel
[26Jul2026 05:21:42.048] [modloading-worker-0/DEBUG] [net.minecraftforge.fml.javafmlmod.AutomaticEventSubscriber/LOADING]: Auto-subscribing com.github.alexthe666.citadel.ServerProxy to MOD
[26Jul2026 05:21:42.156] [modloading-worker-0/INFO] [Easy NPC: Core/]: Registered 30 raw entity types.
[26Jul2026 05:21:42.156] [modloading-worker-0/INFO] [Easy NPC: Core/]: Registered 35 NPC entity types.
[26Jul2026 05:21:42.157] [modloading-worker-0/INFO] [Easy NPC: Core/]: Registered 4 custom entity types.
[26Jul2026 05:21:42.158] [modloading-worker-0/INFO] [Easy NPC: Core/]: Initializing user-defined NPC registry...
[26Jul2026 05:21:42.161] [modloading-worker-0/INFO] [Easy NPC: Core/]: Loaded 2 user-defined NPC configurations
[26Jul2026 05:21:42.162] [modloading-worker-0/INFO] [Easy NPC: Core/]: Successfully registered 2 out of 2 user-defined NPCs
[26Jul2026 05:21:42.164] [modloading-worker-0/INFO] [Easy NPC: Core/]: Registered 2 user-defined entity types.
[26Jul2026 05:21:42.165] [modloading-worker-0/INFO] [Easy NPC: Core/]: 🗣 Register Easy NPC: Core Blocks ...
[26Jul2026 05:21:42.170] [modloading-worker-0/INFO] [Easy NPC: Core/]: 🗣 Register Easy NPC: Core Blocks Entity Types ...
[26Jul2026 05:21:42.170] [modloading-worker-0/INFO] [Easy NPC: Core/]: 🗣 Register Easy NPC: Core Items ...
[26Jul2026 05:21:42.175] [modloading-worker-0/DEBUG] [net.minecraftforge.fml.javafmlmod.AutomaticEventSubscriber/LOADING]: Attempting to inject @EventBusSubscriber classes into the eventbus for yungsapi
[26Jul2026 05:21:42.186] [modloading-worker-0/DEBUG] [Bookshelf/]: Loaded net.darkhax.bookshelf.impl.util.PlatformHelperForge@d79ed1c for service interface net.darkhax.bookshelf.api.util.IPlatformHelper.
[26Jul2026 05:21:42.190] [modloading-worker-0/DEBUG] [Bookshelf/]: Loaded net.darkhax.bookshelf.impl.event.EventHelperForge@2bed8138 for service interface net.darkhax.bookshelf.api.event.IEventHelper.
[26Jul2026 05:21:42.194] [modloading-worker-0/DEBUG] [Bookshelf/]: Loaded net.darkhax.bookshelf.impl.registry.ContentLoaderForge@499bd768 for service interface net.darkhax.bookshelf.api.registry.IContentLoader.
[26Jul2026 05:21:42.198] [modloading-worker-0/DEBUG] [Bookshelf/]: Loaded net.darkhax.bookshelf.impl.data.TagHelperForge@6ba85e20 for service interface net.darkhax.bookshelf.api.data.ITagHelper.
[26Jul2026 05:21:42.202] [modloading-worker-0/DEBUG] [Bookshelf/]: Loaded net.darkhax.bookshelf.impl.util.InventoryHelperForge@3673bb89 for service interface net.darkhax.bookshelf.api.util.IInventoryHelper.
[26Jul2026 05:21:42.203] [modloading-worker-0/DEBUG] [Bookshelf/]: Loaded net.darkhax.bookshelf.impl.util.ConstructHelperForge@4a0bbf1d for service interface net.darkhax.bookshelf.api.util.IConstructHelper.
[26Jul2026 05:21:42.240] [modloading-worker-0/INFO] [Bookshelf/]: Fixing MC-151457. Crafting remainder for minecraft:pufferfish_bucket is now minecraft:bucket.
[26Jul2026 05:21:42.243] [modloading-worker-0/INFO] [Bookshelf/]: Fixing MC-151457. Crafting remainder for minecraft:salmon_bucket is now minecraft:bucket.
[26Jul2026 05:21:42.243] [modloading-worker-0/INFO] [Bookshelf/]: Fixing MC-151457. Crafting remainder for minecraft:cod_bucket is now minecraft:bucket.
[26Jul2026 05:21:42.243] [modloading-worker-0/INFO] [Bookshelf/]: Fixing MC-151457. Crafting remainder for minecraft:tropical_fish_bucket is now minecraft:bucket.
[26Jul2026 05:21:42.243] [modloading-worker-0/INFO] [Bookshelf/]: Fixing MC-151457. Crafting remainder for minecraft:axolotl_bucket is now minecraft:bucket.
[26Jul2026 05:21:42.243] [modloading-worker-0/INFO] [Bookshelf/]: Fixing MC-151457. Crafting remainder for minecraft:powder_snow_bucket is now minecraft:bucket.
[26Jul2026 05:21:42.243] [modloading-worker-0/INFO] [Bookshelf/]: Fixing MC-151457. Crafting remainder for minecraft:tadpole_bucket is now minecraft:bucket.
[26Jul2026 05:21:42.250] [modloading-worker-0/DEBUG] [net.minecraftforge.fml.javafmlmod.AutomaticEventSubscriber/LOADING]: Attempting to inject @EventBusSubscriber classes into the eventbus for bookshelf
[26Jul2026 05:21:42.250] [modloading-worker-0/DEBUG] [net.minecraftforge.fml.javafmlmod.AutomaticEventSubscriber/LOADING]: Auto-subscribing net.darkhax.bookshelf.impl.gametest.BookshelfForgeGameTests to MOD
[26Jul2026 05:21:42.389] [modloading-worker-0/DEBUG] [net.minecraftforge.fml.javafmlmod.AutomaticEventSubscriber/LOADING]: Attempting to inject @EventBusSubscriber classes into the eventbus for raidsenhanced
[26Jul2026 05:21:42.391] [modloading-worker-0/DEBUG] [net.minecraftforge.fml.javafmlmod.AutomaticEventSubscriber/LOADING]: Auto-subscribing com.finderfeed.raids_enhanced.init.REEntities to MOD
[26Jul2026 05:21:42.391] [modloading-worker-0/DEBUG] [net.minecraftforge.fml.javafmlmod.AutomaticEventSubscriber/LOADING]: Auto-subscribing com.finderfeed.raids_enhanced.content.entities.raid_drill.RaidDrill$Events to FORGE
[26Jul2026 05:21:42.429] [modloading-worker-0/DEBUG] [net.minecraftforge.fml.javafmlmod.AutomaticEventSubscriber/LOADING]: Auto-subscribing com.finderfeed.raids_enhanced.content.entities.player_blimp.PlayerBlimpEntity$Events to FORGE
[26Jul2026 05:21:42.452] [modloading-worker-0/DEBUG] [net.minecraftforge.fml.javafmlmod.AutomaticEventSubscriber/LOADING]: Attempting to inject @EventBusSubscriber classes into the eventbus for cloth_config
[26Jul2026 05:21:42.455] [modloading-worker-0/INFO] [de.keksuccino.konkrete.Konkrete/]: [KONKRETE] Successfully initialized!
[26Jul2026 05:21:42.456] [modloading-worker-0/INFO] [de.keksuccino.konkrete.Konkrete/]: [KONKRETE] Server-side libs ready to use!
[26Jul2026 05:21:42.457] [modloading-worker-0/DEBUG] [net.minecraftforge.fml.javafmlmod.AutomaticEventSubscriber/LOADING]: Attempting to inject @EventBusSubscriber classes into the eventbus for konkrete
[26Jul2026 05:21:42.471] [modloading-worker-0/DEBUG] [net.minecraftforge.fml.config.ConfigTracker/CONFIG]: Config file JLFork/just_leveling-client.toml for justlevelingfork tracking
[26Jul2026 05:21:42.692] [modloading-worker-0/INFO] [YetAnotherConfigLib/]: Deserializing HandlerConvergenceItemsConfig from '/workspaces/enderdeath/servidor_minecraft/config/JLFork/justleveling-fork.convergence-items.json5'
[26Jul2026 05:21:42.722] [modloading-worker-0/INFO] [YetAnotherConfigLib/]: Deserializing HandlerTitlesConfig from '/workspaces/enderdeath/servidor_minecraft/config/JLFork/justleveling-fork.titles.json5'
[26Jul2026 05:21:42.768] [modloading-worker-0/INFO] [Easy NPC: Core/]: Registered 35 NPC spawn eggs.
[26Jul2026 05:21:42.768] [modloading-worker-0/INFO] [Easy NPC: Core/]: Registered 4 custom spawn eggs.
[26Jul2026 05:21:42.771] [modloading-worker-0/INFO] [Easy NPC: Core/]: 🗣 Register Easy NPC: Core Menu Types ...
[26Jul2026 05:21:42.774] [modloading-worker-0/INFO] [Easy NPC: Core/]: 🗣 Register Easy NPC: Core Menu Handler ...
[26Jul2026 05:21:42.783] [modloading-worker-0/INFO] [Easy NPC: Core/]: 🗣 Register Easy NPC: Core Network Handler ...
[26Jul2026 05:21:42.793] [modloading-worker-0/INFO] [Easy NPC: Core/]: Registering server network handler for Server -> Client messages.
[26Jul2026 05:21:42.794] [modloading-worker-0/INFO] [Easy NPC: Core/]: 🗣 Register Easy NPC: Core Client Network Message Handler ...
[26Jul2026 05:21:42.799] [modloading-worker-0/DEBUG] [net.minecraftforge.fml.javafmlmod.AutomaticEventSubscriber/LOADING]: Attempting to inject @EventBusSubscriber classes into the eventbus for easy_npc
[26Jul2026 05:21:42.799] [modloading-worker-0/DEBUG] [net.minecraftforge.fml.javafmlmod.AutomaticEventSubscriber/LOADING]: Auto-subscribing de.markusbordihn.easynpc.server.ServerEventHandler to FORGE
[26Jul2026 05:21:42.812] [modloading-worker-0/DEBUG] [net.minecraftforge.fml.javafmlmod.AutomaticEventSubscriber/LOADING]: Auto-subscribing de.markusbordihn.easynpc.entity.ModEntityType to MOD
[26Jul2026 05:21:42.813] [modloading-worker-0/DEBUG] [net.minecraftforge.fml.javafmlmod.AutomaticEventSubscriber/LOADING]: Auto-subscribing de.markusbordihn.easynpc.entity.LivingEntityEventHandler to FORGE
[26Jul2026 05:21:42.816] [modloading-worker-0/DEBUG] [net.minecraftforge.fml.config.ConfigTracker/CONFIG]: Config file just_leveling-common.toml for justlevelingfork tracking
[26Jul2026 05:21:42.818] [modloading-worker-0/INFO] [YetAnotherConfigLib/]: Deserializing HandlerCommonConfig from '/workspaces/enderdeath/servidor_minecraft/config/JLFork/justleveling-fork.common.json5'
[26Jul2026 05:21:42.820] [modloading-worker-0/DEBUG] [net.minecraftforge.fml.javafmlmod.AutomaticEventSubscriber/LOADING]: Auto-subscribing de.markusbordihn.easynpc.commands.CommandsEventHandler to FORGE
[26Jul2026 05:21:42.851] [modloading-worker-0/INFO] [YetAnotherConfigLib/]: Deserializing HandlerLockItemsConfig from '/workspaces/enderdeath/servidor_minecraft/config/JLFork/justleveling-fork.lockItems.json5'
[26Jul2026 05:21:42.858] [modloading-worker-0/DEBUG] [net.minecraftforge.fml.config.ConfigTracker/CONFIG]: Config file farmersdelight-common.toml for farmersdelight tracking
[26Jul2026 05:21:42.859] [modloading-worker-0/DEBUG] [net.minecraftforge.fml.config.ConfigTracker/CONFIG]: Config file farmersdelight-client.toml for farmersdelight tracking
[26Jul2026 05:21:43.210] [modloading-worker-0/DEBUG] [net.minecraftforge.fml.javafmlmod.AutomaticEventSubscriber/LOADING]: Attempting to inject @EventBusSubscriber classes into the eventbus for farmersdelight
[26Jul2026 05:21:43.211] [modloading-worker-0/DEBUG] [net.minecraftforge.fml.javafmlmod.AutomaticEventSubscriber/LOADING]: Auto-subscribing vectorwing.farmersdelight.data.DataGenerators to MOD
[26Jul2026 05:21:43.213] [modloading-worker-0/DEBUG] [net.minecraftforge.fml.javafmlmod.AutomaticEventSubscriber/LOADING]: Auto-subscribing vectorwing.farmersdelight.common.item.SkilletItem$SkilletEvents to FORGE
[26Jul2026 05:21:43.216] [modloading-worker-0/DEBUG] [net.minecraftforge.fml.javafmlmod.AutomaticEventSubscriber/LOADING]: Auto-subscribing vectorwing.farmersdelight.common.item.KnifeItem$KnifeEvents to FORGE
[26Jul2026 05:21:43.218] [modloading-worker-0/DEBUG] [net.minecraftforge.fml.javafmlmod.AutomaticEventSubscriber/LOADING]: Auto-subscribing vectorwing.farmersdelight.common.item.HorseFeedItem$HorseFeedEvent to FORGE
[26Jul2026 05:21:43.220] [modloading-worker-0/DEBUG] [net.minecraftforge.fml.javafmlmod.AutomaticEventSubscriber/LOADING]: Auto-subscribing vectorwing.farmersdelight.common.item.enchantment.BackstabbingEnchantment$BackstabbingEvent to FORGE
[26Jul2026 05:21:43.226] [modloading-worker-0/DEBUG] [net.minecraftforge.fml.javafmlmod.AutomaticEventSubscriber/LOADING]: Auto-subscribing vectorwing.farmersdelight.common.item.DogFoodItem$DogFoodEvent to FORGE
[26Jul2026 05:21:43.230] [modloading-worker-0/DEBUG] [net.minecraftforge.fml.javafmlmod.AutomaticEventSubscriber/LOADING]: Auto-subscribing vectorwing.farmersdelight.common.event.VillagerEvents to FORGE
[26Jul2026 05:21:43.231] [modloading-worker-0/DEBUG] [net.minecraftforge.fml.javafmlmod.AutomaticEventSubscriber/LOADING]: Auto-subscribing vectorwing.farmersdelight.common.event.SetupEvents to MOD
[26Jul2026 05:21:43.232] [modloading-worker-0/DEBUG] [net.minecraftforge.fml.javafmlmod.AutomaticEventSubscriber/LOADING]: Auto-subscribing vectorwing.farmersdelight.common.event.MappingEvents to FORGE
[26Jul2026 05:21:43.245] [modloading-worker-0/DEBUG] [net.minecraftforge.fml.javafmlmod.AutomaticEventSubscriber/LOADING]: Auto-subscribing vectorwing.farmersdelight.common.event.CommonEvents to FORGE
[26Jul2026 05:21:43.277] [modloading-worker-0/DEBUG] [net.minecraftforge.fml.javafmlmod.AutomaticEventSubscriber/LOADING]: Auto-subscribing vectorwing.farmersdelight.common.block.CuttingBoardBlock$ToolCarvingEvent to FORGE
[26Jul2026 05:21:43.320] [modloading-worker-0/INFO] [Copper-Age-Backport/]: Loaded config: golemBuildSpawning=true, golemPressesButtons=true, buttonPressChance=5%, golemTransportStackSize=16, weatheringTickFrom=504000, weatheringTickTo=552000
[26Jul2026 05:21:43.357] [modloading-worker-0/DEBUG] [Copper-Age-Backport/]: Loaded com.github.smallinger.copperagebackport.platform.ForgePlatformHelper@57f215d4 for service interface com.github.smallinger.copperagebackport.platform.services.IPlatformHelper
[26Jul2026 05:21:43.362] [modloading-worker-0/DEBUG] [Copper-Age-Backport/]: Loaded com.github.smallinger.copperagebackport.platform.ForgeBlockEntityHelper@6cd3ae03 for service interface com.github.smallinger.copperagebackport.platform.services.IBlockEntityHelper
[26Jul2026 05:21:43.365] [modloading-worker-0/DEBUG] [Copper-Age-Backport/]: Loaded com.github.smallinger.copperagebackport.registry.ModItemHelperImpl@63451864 for service interface com.github.smallinger.copperagebackport.registry.ModItemHelper
[26Jul2026 05:21:43.367] [modloading-worker-0/INFO] [Copper-Age-Backport/]: Initializing Copper-Age-Backport on Forge
[26Jul2026 05:21:43.369] [modloading-worker-0/INFO] [Copper-Age-Backport/]: Registering sounds for Copper-Age-Backport
[26Jul2026 05:21:43.398] [modloading-worker-0/DEBUG] [Copper-Age-Backport/]: Created DeferredRegister for registry: minecraft:sound_event with namespace: minecraft
[26Jul2026 05:21:43.402] [modloading-worker-0/INFO] [Copper-Age-Backport/]: Registering memory module types for Copper-Age-Backport
[26Jul2026 05:21:43.409] [modloading-worker-0/DEBUG] [Copper-Age-Backport/]: Created DeferredRegister for registry: minecraft:memory_module_type
[26Jul2026 05:21:43.422] [modloading-worker-0/INFO] [Copper-Age-Backport/]: Registering particles for Copper-Age-Backport
[26Jul2026 05:21:43.428] [modloading-worker-0/DEBUG] [Copper-Age-Backport/]: Created DeferredRegister for registry: minecraft:particle_type with namespace: minecraft
[26Jul2026 05:21:43.452] [modloading-worker-0/INFO] [Copper-Age-Backport/]: Registering blocks for Copper-Age-Backport
[26Jul2026 05:21:43.470] [modloading-worker-0/DEBUG] [Copper-Age-Backport/]: Created DeferredRegister for registry: minecraft:block with namespace: minecraft
[26Jul2026 05:21:43.486] [modloading-worker-0/DEBUG] [Copper-Age-Backport/]: Created DeferredRegister for registry: minecraft:block
[26Jul2026 05:21:43.698] [modloading-worker-0/INFO] [Copper-Age-Backport/]: Registering block entities for Copper-Age-Backport
[26Jul2026 05:21:43.700] [modloading-worker-0/DEBUG] [Copper-Age-Backport/]: Created DeferredRegister for registry: minecraft:block_entity_type with namespace: minecraft
[26Jul2026 05:21:43.714] [modloading-worker-0/INFO] [Copper-Age-Backport/]: Registering entities for Copper-Age-Backport
[26Jul2026 05:21:43.717] [modloading-worker-0/DEBUG] [Copper-Age-Backport/]: Created DeferredRegister for registry: minecraft:entity_type with namespace: minecraft
[26Jul2026 05:21:43.747] [modloading-worker-0/INFO] [Copper-Age-Backport/]: Registering items for Copper-Age-Backport
[26Jul2026 05:21:43.750] [modloading-worker-0/DEBUG] [Copper-Age-Backport/]: Created DeferredRegister for registry: minecraft:item with namespace: minecraft
[26Jul2026 05:21:43.756] [modloading-worker-0/DEBUG] [Copper-Age-Backport/]: Created DeferredRegister for registry: minecraft:item
[26Jul2026 05:21:43.972] [modloading-worker-0/INFO] [Copper-Age-Backport/]: ModCompat: Mod 'fastchest' not loaded, skipping compatibility module
[26Jul2026 05:21:43.983] [modloading-worker-0/INFO] [Copper-Age-Backport/]: ModCompat: Mod 'sophisticatedstorage' not loaded, skipping compatibility module
[26Jul2026 05:21:43.989] [modloading-worker-0/INFO] [Copper-Age-Backport/]: ModCompat: Mod 'ironchest' not loaded, skipping compatibility module
[26Jul2026 05:21:43.989] [modloading-worker-0/INFO] [Copper-Age-Backport/]: ModCompat: Initializing 0 compatibility modules...
[26Jul2026 05:21:43.989] [modloading-worker-0/INFO] [Copper-Age-Backport/]: ModCompat: Initialization complete. 0 chest handlers, 0 container handlers registered.
[26Jul2026 05:21:43.992] [modloading-worker-0/INFO] [Copper-Age-Backport/]: Copper-Age-Backport initialized successfully!
[26Jul2026 05:21:44.009] [modloading-worker-0/DEBUG] [net.minecraftforge.fml.javafmlmod.AutomaticEventSubscriber/LOADING]: Attempting to inject @EventBusSubscriber classes into the eventbus for copperagebackport
[26Jul2026 05:21:44.011] [modloading-worker-0/DEBUG] [net.minecraftforge.fml.javafmlmod.AutomaticEventSubscriber/LOADING]: Auto-subscribing com.github.smallinger.copperagebackport.ForgeEvents to FORGE
[26Jul2026 05:21:44.272] [modloading-worker-0/DEBUG] [net.minecraftforge.fml.javafmlmod.AutomaticEventSubscriber/LOADING]: Attempting to inject @EventBusSubscriber classes into the eventbus for handcrafted
[26Jul2026 05:21:44.304] [modloading-worker-0/DEBUG] [net.minecraftforge.fml.javafmlmod.AutomaticEventSubscriber/LOADING]: Attempting to inject @EventBusSubscriber classes into the eventbus for endersdelight
[26Jul2026 05:21:44.304] [modloading-worker-0/DEBUG] [net.minecraftforge.fml.javafmlmod.AutomaticEventSubscriber/LOADING]: Auto-subscribing com.axedgaming.endersdelight.effect.WhenPlayerIsAttacked to FORGE
[26Jul2026 05:21:44.311] [modloading-worker-0/DEBUG] [net.minecraftforge.fml.javafmlmod.AutomaticEventSubscriber/LOADING]: Attempting to inject @EventBusSubscriber classes into the eventbus for jupiter
[26Jul2026 05:21:44.313] [modloading-worker-0/DEBUG] [net.minecraftforge.fml.javafmlmod.AutomaticEventSubscriber/LOADING]: Auto-subscribing com.iafenvoy.jupiter.forge.JupiterForge to MOD
[26Jul2026 05:21:44.314] [modloading-worker-0/DEBUG] [net.minecraftforge.fml.javafmlmod.AutomaticEventSubscriber/LOADING]: Auto-subscribing com.iafenvoy.jupiter.forge.JupiterForge$ForgeEvents to FORGE
[26Jul2026 05:21:44.337] [modloading-worker-0/DEBUG] [mixin/]: Mixing perf.tag_id_caching.TagEntryMixin from modernfix-forge.mixins.json into net.minecraft.tags.TagEntry
[26Jul2026 05:21:44.359] [modloading-worker-0/DEBUG] [mixin/]: Mixing CraftingHelperMixin from supermartijn642corelib.mixins.json into net.minecraftforge.common.crafting.CraftingHelper
[26Jul2026 05:21:44.384] [modloading-worker-0/DEBUG] [net.minecraftforge.fml.javafmlmod.AutomaticEventSubscriber/LOADING]: Attempting to inject @EventBusSubscriber classes into the eventbus for supermartijn642corelib
[26Jul2026 05:21:44.384] [modloading-worker-0/DEBUG] [net.minecraftforge.fml.javafmlmod.AutomaticEventSubscriber/LOADING]: Auto-subscribing com.supermartijn642.core.CommonUtils to MOD
[26Jul2026 05:21:44.799] [modloading-worker-0/DEBUG] [net.minecraftforge.fml.javafmlmod.AutomaticEventSubscriber/LOADING]: Attempting to inject @EventBusSubscriber classes into the eventbus for resourcefulconfig
[26Jul2026 05:21:44.808] [modloading-worker-0/DEBUG] [net.minecraftforge.fml.javafmlmod.AutomaticEventSubscriber/LOADING]: Attempting to inject @EventBusSubscriber classes into the eventbus for lionfishapi
[26Jul2026 05:21:44.808] [modloading-worker-0/DEBUG] [net.minecraftforge.fml.javafmlmod.AutomaticEventSubscriber/LOADING]: Auto-subscribing com.github.L_Ender.lionfishapi.LionfishAPI to FORGE
[26Jul2026 05:21:44.809] [modloading-worker-0/DEBUG] [net.minecraftforge.fml.javafmlmod.AutomaticEventSubscriber/LOADING]: Auto-subscribing com.github.L_Ender.lionfishapi.CommonProxy to MOD
[26Jul2026 05:21:44.843] [modloading-worker-0/DEBUG] [net.minecraftforge.fml.config.ConfigTracker/CONFIG]: Config file cataclysm.toml for cataclysm tracking
[26Jul2026 05:21:45.204] [modloading-worker-0/DEBUG] [net.minecraftforge.fml.javafmlmod.AutomaticEventSubscriber/LOADING]: Attempting to inject @EventBusSubscriber classes into the eventbus for cataclysm
[26Jul2026 05:21:45.205] [modloading-worker-0/DEBUG] [net.minecraftforge.fml.javafmlmod.AutomaticEventSubscriber/LOADING]: Auto-subscribing com.github.L_Ender.cataclysm.world.CMWorldRegistry to MOD
[26Jul2026 05:21:45.207] [modloading-worker-0/DEBUG] [net.minecraftforge.fml.javafmlmod.AutomaticEventSubscriber/LOADING]: Auto-subscribing com.github.L_Ender.cataclysm.init.ModEntities to MOD
[26Jul2026 05:21:45.208] [modloading-worker-0/DEBUG] [net.minecraftforge.fml.javafmlmod.AutomaticEventSubscriber/LOADING]: Auto-subscribing com.github.L_Ender.cataclysm.event.ServerEventHandler to FORGE
[26Jul2026 05:21:45.208] [modloading-worker-0/DEBUG] [net.minecraftforge.fml.javafmlmod.AutomaticEventSubscriber/LOADING]: Auto-subscribing com.github.L_Ender.cataclysm.CommonProxy to MOD
[26Jul2026 05:21:45.209] [modloading-worker-0/DEBUG] [net.minecraftforge.fml.javafmlmod.AutomaticEventSubscriber/LOADING]: Auto-subscribing com.github.L_Ender.cataclysm.Cataclysm to FORGE
[26Jul2026 05:21:45.218] [modloading-worker-0/DEBUG] [net.minecraftforge.fml.config.ConfigTracker/CONFIG]: Config file curios-client.toml for curios tracking
[26Jul2026 05:21:45.220] [modloading-worker-0/DEBUG] [net.minecraftforge.fml.config.ConfigTracker/CONFIG]: Config file curios-common.toml for curios tracking
[26Jul2026 05:21:45.220] [modloading-worker-0/DEBUG] [net.minecraftforge.fml.config.ConfigTracker/CONFIG]: Config file curios-server.toml for curios tracking
[26Jul2026 05:21:45.220] [modloading-worker-0/DEBUG] [net.minecraftforge.fml.javafmlmod.AutomaticEventSubscriber/LOADING]: Attempting to inject @EventBusSubscriber classes into the eventbus for curios
[26Jul2026 05:21:45.226] [modloading-worker-0/INFO] [Collective/]: Loading Collective version 8.13.
[26Jul2026 05:21:45.238] [modloading-worker-0/INFO] [com.seniors.justlevelingfork.JustLevelingFork/]: >> NEW VERSION AVAILABLE: 1.2.4
[26Jul2026 05:21:45.241] [modloading-worker-0/DEBUG] [net.minecraftforge.fml.javafmlmod.AutomaticEventSubscriber/LOADING]: Attempting to inject @EventBusSubscriber classes into the eventbus for justlevelingfork
[26Jul2026 05:21:45.242] [modloading-worker-0/DEBUG] [net.minecraftforge.fml.javafmlmod.AutomaticEventSubscriber/LOADING]: Auto-subscribing com.seniors.justlevelingfork.registry.RegistryCommonEvents to FORGE
[26Jul2026 05:21:45.289] [modloading-worker-0/DEBUG] [net.minecraftforge.fml.javafmlmod.AutomaticEventSubscriber/LOADING]: Attempting to inject @EventBusSubscriber classes into the eventbus for cerbons_api
[26Jul2026 05:21:45.294] [modloading-worker-0/DEBUG] [net.minecraftforge.fml.javafmlmod.AutomaticEventSubscriber/LOADING]: Auto-subscribing com.cerbon.cerbons_api.forge.event.CerbonsApiForgeEvents to MOD
[26Jul2026 05:21:45.306] [modloading-worker-0/DEBUG] [net.minecraftforge.fml.javafmlmod.AutomaticEventSubscriber/LOADING]: Auto-subscribing com.cerbon.cerbons_api.forge.event.ForgeEvents to FORGE
[26Jul2026 05:21:45.328] [modloading-worker-0/DEBUG] [betterstrongholds/]: Loaded com.yungnickyoung.minecraft.betterstrongholds.services.ForgePlatformHelper@43b5dfb9 for service interface com.yungnickyoung.minecraft.betterstrongholds.services.IPlatformHelper
[26Jul2026 05:21:45.328] [modloading-worker-0/DEBUG] [betterstrongholds/]: Loaded com.yungnickyoung.minecraft.betterstrongholds.services.ForgeModulesLoader@4e1807f1 for service interface com.yungnickyoung.minecraft.betterstrongholds.services.IModulesLoader
[26Jul2026 05:21:45.329] [modloading-worker-0/DEBUG] [betterstrongholds/]: Loaded com.yungnickyoung.minecraft.betterstrongholds.services.ForgeProcessorProvider@34559bfa for service interface com.yungnickyoung.minecraft.betterstrongholds.services.IProcessorProvider
[26Jul2026 05:21:45.456] [modloading-worker-0/DEBUG] [net.minecraftforge.fml.javafmlmod.AutomaticEventSubscriber/LOADING]: Attempting to inject @EventBusSubscriber classes into the eventbus for collective
[26Jul2026 05:21:45.456] [modloading-worker-0/DEBUG] [net.minecraftforge.fml.javafmlmod.AutomaticEventSubscriber/LOADING]: Auto-subscribing com.natamus.collective.forge.events.RegisterCollectiveForgeEvents to FORGE
[26Jul2026 05:21:45.482] [modloading-worker-0/DEBUG] [net.minecraftforge.fml.javafmlmod.AutomaticEventSubscriber/LOADING]: Attempting to inject @EventBusSubscriber classes into the eventbus for resourcefullib
[26Jul2026 05:21:45.491] [modloading-worker-0/DEBUG] [net.minecraftforge.fml.config.ConfigTracker/CONFIG]: Config file onlylooking-common.toml for onlylooking tracking
[26Jul2026 05:21:45.491] [modloading-worker-0/DEBUG] [net.minecraftforge.fml.javafmlmod.AutomaticEventSubscriber/LOADING]: Attempting to inject @EventBusSubscriber classes into the eventbus for onlylooking
[26Jul2026 05:21:45.521] [modloading-worker-0/DEBUG] [mixin/]: Mixing MixinLevelEvent from architectury.mixins.json into net.minecraftforge.event.level.LevelEvent
[26Jul2026 05:21:45.540] [modloading-worker-0/DEBUG] [mixin/]: Mixing LootTableMixin from platform.mixins.json into net.minecraft.world.level.storage.loot.LootTable
[26Jul2026 05:21:45.541] [modloading-worker-0/DEBUG] [mixin/]: Mixing accessor.LootTableForgeAccessor from puzzleslib.forge.mixins.json into net.minecraft.world.level.storage.loot.LootTable
[26Jul2026 05:21:45.570] [modloading-worker-0/DEBUG] [net.minecraftforge.fml.javafmlmod.AutomaticEventSubscriber/LOADING]: Attempting to inject @EventBusSubscriber classes into the eventbus for architectury
[26Jul2026 05:21:45.570] [modloading-worker-0/DEBUG] [net.minecraftforge.fml.javafmlmod.AutomaticEventSubscriber/LOADING]: Auto-subscribing dev.architectury.registry.level.entity.trade.forge.TradeRegistryImpl to FORGE
[26Jul2026 05:21:45.571] [modloading-worker-0/DEBUG] [net.minecraftforge.fml.javafmlmod.AutomaticEventSubscriber/LOADING]: Auto-subscribing dev.architectury.registry.forge.ReloadListenerRegistryImpl to FORGE
[26Jul2026 05:21:45.572] [modloading-worker-0/DEBUG] [net.minecraftforge.fml.javafmlmod.AutomaticEventSubscriber/LOADING]: Auto-subscribing dev.architectury.networking.forge.NetworkManagerImpl to FORGE
[26Jul2026 05:21:45.577] [modloading-worker-0/INFO] [dev.architectury.networking.forge.NetworkManagerImpl/]: Registering C2S receiver with id architectury:sync_ids
[26Jul2026 05:21:45.585] [modloading-worker-0/DEBUG] [net.minecraftforge.fml.config.ConfigTracker/CONFIG]: Config file aiimprovements-common.toml for aiimprovements tracking
[26Jul2026 05:21:45.585] [modloading-worker-0/DEBUG] [net.minecraftforge.fml.javafmlmod.AutomaticEventSubscriber/LOADING]: Attempting to inject @EventBusSubscriber classes into the eventbus for aiimprovements
[26Jul2026 05:21:45.585] [modloading-worker-0/DEBUG] [net.minecraftforge.fml.javafmlmod.AutomaticEventSubscriber/LOADING]: Auto-subscribing com.builtbroken.ai.improvements.modifier.ModifierSystem to FORGE
[26Jul2026 05:21:45.600] [modloading-worker-0/DEBUG] [net.minecraftforge.fml.javafmlmod.AutomaticEventSubscriber/LOADING]: Auto-subscribing com.builtbroken.ai.improvements.AIImprovements to MOD
[26Jul2026 05:21:45.605] [modloading-worker-0/INFO] [com.cupboard.Cupboard/]: Loaded config for: cupboard.json
[26Jul2026 05:21:45.608] [modloading-worker-0/DEBUG] [net.minecraftforge.fml.javafmlmod.AutomaticEventSubscriber/LOADING]: Attempting to inject @EventBusSubscriber classes into the eventbus for cupboard
[26Jul2026 05:21:45.618] [modloading-worker-0/DEBUG] [net.minecraftforge.fml.javafmlmod.AutomaticEventSubscriber/LOADING]: Attempting to inject @EventBusSubscriber classes into the eventbus for refurbished_furniture
[26Jul2026 05:21:45.619] [modloading-worker-0/DEBUG] [net.minecraftforge.fml.javafmlmod.AutomaticEventSubscriber/LOADING]: Auto-subscribing com.mrcrayfish.furniture.refurbished.ForgeEvents to FORGE
[26Jul2026 05:21:45.630] [modloading-worker-0/INFO] [Easy NPC: Config UI/]: Initializing Easy NPC: Config UI (Forge) ...
[26Jul2026 05:21:45.632] [modloading-worker-0/INFO] [Easy NPC: Config UI/]: 🗣 Register Easy NPC: Config UI Debug Manager ...
[26Jul2026 05:21:45.632] [modloading-worker-0/WARN] [Easy NPC: Config UI/]: [Debug Manager] Detected debug log level for Easy NPC: Config UI with ALL!
[26Jul2026 05:21:45.633] [modloading-worker-0/WARN] [Easy NPC: Config UI/]: [Debug Manager] Adjusting log level for Easy NPC: Config UI from ALL to INFO, for performance reasons!
[26Jul2026 05:21:45.634] [modloading-worker-0/INFO] [Easy NPC: Config UI/]: [Debug Manager] Add new logger config for Easy NPC: Config UI with level INFO ...
[26Jul2026 05:21:45.637] [modloading-worker-0/INFO] [Easy NPC: Config UI/]: 🗣 Register Easy NPC: Config UI Constants ...
[26Jul2026 05:21:45.638] [modloading-worker-0/INFO] [Easy NPC: Config UI/]: 🗣 Register Easy NPC: Config UI Items ...
[26Jul2026 05:21:45.643] [modloading-worker-0/INFO] [Easy NPC: Config UI/]: 🗣 Register Easy NPC: Config UI Menu Types ...
[26Jul2026 05:21:45.680] [modloading-worker-0/INFO] [Easy NPC: Config UI/]: 🗣 Register Easy NPC: Config UI Menu Handler ...
[26Jul2026 05:21:45.687] [modloading-worker-0/INFO] [Easy NPC: Config UI/]: 🗣 Register Easy NPC: Config UI Network Handler ...
[26Jul2026 05:21:45.693] [modloading-worker-0/INFO] [Easy NPC: Config UI/]: Registering server network handler for Server -> Client messages.
[26Jul2026 05:21:45.694] [modloading-worker-0/INFO] [Easy NPC: Config UI/]: 🗣 Register Easy NPC: Config UI Client Network Message Handler ...
[26Jul2026 05:21:45.695] [modloading-worker-0/DEBUG] [net.minecraftforge.fml.javafmlmod.AutomaticEventSubscriber/LOADING]: Attempting to inject @EventBusSubscriber classes into the eventbus for easy_npc_config_ui
[26Jul2026 05:21:45.695] [modloading-worker-0/DEBUG] [net.minecraftforge.fml.javafmlmod.AutomaticEventSubscriber/LOADING]: Auto-subscribing de.markusbordihn.easynpc.configui.commands.CommandsEventHandler to FORGE
[26Jul2026 05:21:45.698] [modloading-worker-0/DEBUG] [betterendisland/]: Loaded com.yungnickyoung.minecraft.betterendisland.services.ForgePlatformHelper@586a5071 for service interface com.yungnickyoung.minecraft.betterendisland.services.IPlatformHelper
[26Jul2026 05:21:45.699] [modloading-worker-0/DEBUG] [betterendisland/]: Loaded com.yungnickyoung.minecraft.betterendisland.services.ForgeModulesLoader@2dfa900d for service interface com.yungnickyoung.minecraft.betterendisland.services.IModulesLoader
[26Jul2026 05:21:45.700] [modloading-worker-0/DEBUG] [net.minecraftforge.fml.config.ConfigTracker/CONFIG]: Config file betterendisland-forge-1_20.toml for betterendisland tracking
[26Jul2026 05:21:45.701] [modloading-worker-0/DEBUG] [net.minecraftforge.fml.javafmlmod.AutomaticEventSubscriber/LOADING]: Attempting to inject @EventBusSubscriber classes into the eventbus for betterendisland
[26Jul2026 05:21:45.740] [modloading-worker-0/DEBUG] [net.minecraftforge.fml.javafmlmod.AutomaticEventSubscriber/LOADING]: Attempting to inject @EventBusSubscriber classes into the eventbus for moogs_structures
[26Jul2026 05:21:45.790] [modloading-worker-0/DEBUG] [Framework/]: Loaded com.mrcrayfish.framework.platform.ForgePlatformHelper@4e800454 for service interface com.mrcrayfish.framework.platform.services.IPlatformHelper
[26Jul2026 05:21:45.791] [modloading-worker-0/DEBUG] [Framework/]: Loaded com.mrcrayfish.framework.platform.ForgeNetworkHelper@1d535c9e for service interface com.mrcrayfish.framework.platform.services.INetworkHelper
[26Jul2026 05:21:45.795] [modloading-worker-0/DEBUG] [Framework/]: Loaded com.mrcrayfish.framework.platform.ForgeRegistrationHelper@420ff9e5 for service interface com.mrcrayfish.framework.platform.services.IRegistrationHelper
[26Jul2026 05:21:45.796] [modloading-worker-0/DEBUG] [Framework/]: Loaded com.mrcrayfish.framework.platform.ForgeEntityHelper@9c2edd9 for service interface com.mrcrayfish.framework.platform.services.IEntityHelper
[26Jul2026 05:21:45.798] [modloading-worker-0/DEBUG] [Framework/]: Loaded com.mrcrayfish.framework.platform.ForgeItemHelper@69db5c7f for service interface com.mrcrayfish.framework.platform.services.IItemHelper
[26Jul2026 05:21:45.799] [modloading-worker-0/DEBUG] [Framework/]: Loaded com.mrcrayfish.framework.platform.ForgeConfigHelper@488f7157 for service interface com.mrcrayfish.framework.platform.services.IConfigHelper
[26Jul2026 05:21:45.822] [modloading-worker-0/DEBUG] [net.minecraftforge.fml.config.ConfigTracker/CONFIG]: Config file betterstrongholds-forge-1_20.toml for betterstrongholds tracking
[26Jul2026 05:21:45.823] [modloading-worker-0/DEBUG] [net.minecraftforge.fml.javafmlmod.AutomaticEventSubscriber/LOADING]: Attempting to inject @EventBusSubscriber classes into the eventbus for betterstrongholds
[26Jul2026 05:21:45.878] [modloading-worker-0/DEBUG] [MrCrayfish's Furniture Mod: Refurbished/]: Loaded com.mrcrayfish.furniture.refurbished.platform.ForgePlatformHelper@2f00cff8 for service interface com.mrcrayfish.furniture.refurbished.platform.services.IPlatformHelper
[26Jul2026 05:21:45.882] [modloading-worker-0/DEBUG] [MrCrayfish's Furniture Mod: Refurbished/]: Loaded com.mrcrayfish.furniture.refurbished.platform.ForgeBlockHelper@1b9e1566 for service interface com.mrcrayfish.furniture.refurbished.platform.services.IBlockHelper
[26Jul2026 05:21:45.911] [modloading-worker-0/DEBUG] [MrCrayfish's Furniture Mod: Refurbished/]: Loaded com.mrcrayfish.furniture.refurbished.platform.ForgeBlockEntityHelper@1e9f986 for service interface com.mrcrayfish.furniture.refurbished.platform.services.IBlockEntityHelper
[26Jul2026 05:21:45.912] [modloading-worker-0/DEBUG] [MrCrayfish's Furniture Mod: Refurbished/]: Loaded com.mrcrayfish.furniture.refurbished.platform.ForgeItemHelper@5915ac7c for service interface com.mrcrayfish.furniture.refurbished.platform.services.IItemHelper
[26Jul2026 05:21:45.915] [modloading-worker-0/DEBUG] [MrCrayfish's Furniture Mod: Refurbished/]: Loaded com.mrcrayfish.furniture.refurbished.platform.ForgeEntityHelper@d054828 for service interface com.mrcrayfish.furniture.refurbished.platform.services.IEntityHelper
[26Jul2026 05:21:45.916] [modloading-worker-0/DEBUG] [MrCrayfish's Furniture Mod: Refurbished/]: Loaded com.mrcrayfish.furniture.refurbished.platform.ForgeRecipeHelper@6f00abdd for service interface com.mrcrayfish.furniture.refurbished.platform.services.IRecipeHelper
[26Jul2026 05:21:45.921] [modloading-worker-0/DEBUG] [MrCrayfish's Furniture Mod: Refurbished/]: Loaded com.mrcrayfish.furniture.refurbished.platform.ForgeFluidHelper@22ff4b81 for service interface com.mrcrayfish.furniture.refurbished.platform.services.IFluidHelper
[26Jul2026 05:21:45.922] [modloading-worker-0/DEBUG] [MrCrayfish's Furniture Mod: Refurbished/]: Loaded com.mrcrayfish.furniture.refurbished.platform.ForgeTagHelper@3307d919 for service interface com.mrcrayfish.furniture.refurbished.platform.services.ITagHelper
[26Jul2026 05:21:45.931] [modloading-worker-0/DEBUG] [net.minecraftforge.fml.javafmlmod.AutomaticEventSubscriber/LOADING]: Attempting to inject @EventBusSubscriber classes into the eventbus for trials
[26Jul2026 05:21:45.928] [modloading-worker-0/DEBUG] [MrCrayfish's Furniture Mod: Refurbished/]: Loaded com.mrcrayfish.furniture.refurbished.platform.ForgeMenuHelper@64002691 for service interface com.mrcrayfish.furniture.refurbished.platform.services.IMenuHelper
[26Jul2026 05:21:45.932] [modloading-worker-0/DEBUG] [net.minecraftforge.fml.javafmlmod.AutomaticEventSubscriber/LOADING]: Auto-subscribing net.salju.trialstowers.network.NetworkSetup to MOD
[26Jul2026 05:21:45.933] [modloading-worker-0/DEBUG] [net.minecraftforge.fml.javafmlmod.AutomaticEventSubscriber/LOADING]: Auto-subscribing net.salju.trialstowers.init.TrialsPotions to MOD
[26Jul2026 05:21:45.934] [modloading-worker-0/DEBUG] [net.minecraftforge.fml.javafmlmod.AutomaticEventSubscriber/LOADING]: Auto-subscribing net.salju.trialstowers.init.TrialsMobs to MOD
[26Jul2026 05:21:45.935] [modloading-worker-0/DEBUG] [net.minecraftforge.fml.javafmlmod.AutomaticEventSubscriber/LOADING]: Auto-subscribing net.salju.trialstowers.init.TrialsItems to MOD
[26Jul2026 05:21:45.937] [modloading-worker-0/DEBUG] [net.minecraftforge.fml.javafmlmod.AutomaticEventSubscriber/LOADING]: Auto-subscribing net.salju.trialstowers.events.TrialsEvents to FORGE
[26Jul2026 05:21:45.943] [modloading-worker-0/DEBUG] [net.minecraftforge.fml.javafmlmod.AutomaticEventSubscriber/LOADING]: Attempting to inject @EventBusSubscriber classes into the eventbus for easyshulkerboxes
[26Jul2026 05:21:45.946] [modloading-worker-0/DEBUG] [net.minecraftforge.fml.javafmlmod.AutomaticEventSubscriber/LOADING]: Auto-subscribing fuzs.easyshulkerboxes.EasyShulkerBoxesForge to MOD
[26Jul2026 05:21:45.950] [modloading-worker-0/INFO] [Puzzles Lib/]: Constructing common components for easyshulkerboxes:main
[26Jul2026 05:21:45.972] [modloading-worker-0/DEBUG] [net.minecraftforge.fml.javafmlmod.AutomaticEventSubscriber/LOADING]: Attempting to inject @EventBusSubscriber classes into the eventbus for puzzlesapi
[26Jul2026 05:21:45.974] [modloading-worker-0/DEBUG] [net.minecraftforge.fml.javafmlmod.AutomaticEventSubscriber/LOADING]: Auto-subscribing fuzs.puzzlesapi.impl.PuzzlesApiForge to MOD
[26Jul2026 05:21:45.977] [modloading-worker-0/DEBUG] [mixin/]: Mixing ConditionHackMixin from moonlight.mixins.json into net.minecraft.server.packs.resources.SimplePreparableReloadListener
[26Jul2026 05:21:45.983] [modloading-worker-0/DEBUG] [mixin/]: Mixing patches.packs.resources.MixinSimpleJsonResourceReloadListener from bookshelf.common.mixins.json into net.minecraft.server.packs.resources.SimpleJsonResourceReloadListener
[26Jul2026 05:21:45.983] [modloading-worker-0/DEBUG] [mixin/]: Renaming synthetic method lambda$prepare$0(Ljava/util/Map$Entry;)Z to mdd17185$lambda$prepare$0$0 in bookshelf.common.mixins.json:patches.packs.resources.MixinSimpleJsonResourceReloadListener
[26Jul2026 05:21:45.991] [modloading-worker-0/INFO] [Puzzles Lib/]: Constructing common components for puzzlesapi:iteminteractions
[26Jul2026 05:21:45.995] [modloading-worker-0/DEBUG] [net.minecraftforge.fml.config.ConfigTracker/CONFIG]: Config file puzzlesapi-iteminteractions-server.toml for puzzlesapi tracking
[26Jul2026 05:21:46.070] [modloading-worker-0/INFO] [Puzzles Lib/]: Constructing common components for puzzlesapi:slotcycling
[26Jul2026 05:21:46.074] [modloading-worker-0/INFO] [Puzzles Lib/]: Constructing common components for puzzlesapi:limitlesscontainers
[26Jul2026 05:21:46.100] [modloading-worker-0/INFO] [Puzzles Lib/]: Constructing common components for puzzlesapi:statues
[26Jul2026 05:21:46.141] [modloading-worker-0/INFO] [dev.architectury.networking.forge.NetworkManagerImpl/]: Registering C2S receiver with id ftblibrary:edit_nbt_response
[26Jul2026 05:21:46.155] [modloading-worker-0/DEBUG] [net.minecraftforge.fml.javafmlmod.AutomaticEventSubscriber/LOADING]: Attempting to inject @EventBusSubscriber classes into the eventbus for ftblibrary
[26Jul2026 05:21:46.182] [modloading-worker-0/INFO] [dev.architectury.networking.forge.NetworkManagerImpl/]: Registering C2S receiver with id ftbteams:open_gui
[26Jul2026 05:21:46.189] [modloading-worker-0/INFO] [dev.architectury.networking.forge.NetworkManagerImpl/]: Registering C2S receiver with id ftbteams:update_settings
[26Jul2026 05:21:46.192] [modloading-worker-0/INFO] [dev.architectury.networking.forge.NetworkManagerImpl/]: Registering C2S receiver with id ftbteams:send_message
[26Jul2026 05:21:46.197] [modloading-worker-0/INFO] [dev.architectury.networking.forge.NetworkManagerImpl/]: Registering C2S receiver with id ftbteams:create_party
[26Jul2026 05:21:46.199] [modloading-worker-0/INFO] [dev.architectury.networking.forge.NetworkManagerImpl/]: Registering C2S receiver with id ftbteams:player_gui_operation
[26Jul2026 05:21:46.202] [modloading-worker-0/DEBUG] [net.minecraftforge.fml.javafmlmod.AutomaticEventSubscriber/LOADING]: Attempting to inject @EventBusSubscriber classes into the eventbus for ftbteams
[26Jul2026 05:21:46.203] [modloading-worker-0/DEBUG] [net.minecraftforge.fml.javafmlmod.AutomaticEventSubscriber/LOADING]: Attempting to inject @EventBusSubscriber classes into the eventbus for mutantmonsters
[26Jul2026 05:21:46.203] [modloading-worker-0/DEBUG] [net.minecraftforge.fml.javafmlmod.AutomaticEventSubscriber/LOADING]: Auto-subscribing fuzs.mutantmonsters.MutantMonstersForge to MOD
[26Jul2026 05:21:46.211] [modloading-worker-0/INFO] [Puzzles Lib/]: Constructing common components for mutantmonsters:main
[26Jul2026 05:21:46.213] [modloading-worker-0/DEBUG] [net.minecraftforge.fml.config.ConfigTracker/CONFIG]: Config file mutantmonsters-common.toml for mutantmonsters tracking
[26Jul2026 05:21:46.214] [modloading-worker-0/DEBUG] [net.minecraftforge.fml.config.ConfigTracker/CONFIG]: Config file mutantmonsters-server.toml for mutantmonsters tracking
[26Jul2026 05:21:46.303] [modloading-worker-0/DEBUG] [mixin/]: Mixing accessor.LootContextParamSetsAccessor from mutantmonsters.common.mixins.json into net.minecraft.world.level.storage.loot.parameters.LootContextParamSets
[26Jul2026 05:21:46.327] [modloading-worker-0/DEBUG] [mixin/]: Mixing access.LevelResourceAccessor from platform-common.mixins.json into net.minecraft.world.level.storage.LevelResource
[26Jul2026 05:21:46.327] [modloading-worker-0/DEBUG] [mixin/]: Renaming @Invoker method createLevelResource(Ljava/lang/String;)Lnet/minecraft/world/level/storage/LevelResource; to createLevelResource_$md$d17185$0 in platform-common.mixins.json:access.LevelResourceAccessor
[26Jul2026 05:21:46.353] [modloading-worker-0/DEBUG] [net.minecraftforge.fml.javafmlmod.AutomaticEventSubscriber/LOADING]: Attempting to inject @EventBusSubscriber classes into the eventbus for elysium_api
[26Jul2026 05:21:46.358] [modloading-worker-0/DEBUG] [net.minecraftforge.fml.javafmlmod.AutomaticEventSubscriber/LOADING]: Auto-subscribing net.jadenxgamer.elysium_api.impl.event.ElysiumEvents to FORGE
[26Jul2026 05:21:46.360] [modloading-worker-0/DEBUG] [net.minecraftforge.fml.javafmlmod.AutomaticEventSubscriber/LOADING]: Auto-subscribing net.jadenxgamer.elysium_api.impl.event.ElysiumEvents$ModBusEvents to MOD
[26Jul2026 05:21:46.364] [modloading-worker-0/DEBUG] [net.minecraftforge.fml.javafmlmod.AutomaticEventSubscriber/LOADING]: Attempting to inject @EventBusSubscriber classes into the eventbus for easymagic
[26Jul2026 05:21:46.364] [modloading-worker-0/DEBUG] [net.minecraftforge.fml.javafmlmod.AutomaticEventSubscriber/LOADING]: Auto-subscribing fuzs.easymagic.EasyMagicForge to MOD
[26Jul2026 05:21:46.373] [modloading-worker-0/INFO] [Puzzles Lib/]: Constructing common components for easymagic:main
[26Jul2026 05:21:46.376] [modloading-worker-0/DEBUG] [net.minecraftforge.fml.config.ConfigTracker/CONFIG]: Config file easymagic-server.toml for easymagic tracking
[26Jul2026 05:21:46.394] [modloading-worker-0/DEBUG] [net.minecraftforge.fml.config.ConfigTracker/CONFIG]: Config file jei-server.toml for jei tracking
[26Jul2026 05:21:46.402] [modloading-worker-0/DEBUG] [net.minecraftforge.fml.javafmlmod.AutomaticEventSubscriber/LOADING]: Attempting to inject @EventBusSubscriber classes into the eventbus for jei
[26Jul2026 05:21:46.414] [modloading-worker-0/DEBUG] [mixin/]: Mixing AdvancedPacketErrorLogging from connectivity.mixins.json into net.minecraft.network.Connection
[26Jul2026 05:21:46.419] [modloading-worker-0/DEBUG] [mixin/]: Mixing ConnectionMixin from connectivity.mixins.json into net.minecraft.network.Connection
[26Jul2026 05:21:46.420] [modloading-worker-0/DEBUG] [mixin/]: Renaming synthetic method lambda$on$2(Ljava/lang/String;Lio/netty/channel/ChannelHandlerContext;Lio/netty/util/concurrent/Future;)V to mdd17185$lambda$on$2$0 in connectivity.mixins.json:ConnectionMixin
[26Jul2026 05:21:46.420] [modloading-worker-0/DEBUG] [mixin/]: Renaming synthetic method lambda$on$1(Ljava/lang/String;Lio/netty/channel/ChannelHandlerContext;Lio/netty/util/concurrent/Future;)V to mdd17185$lambda$on$1$1 in connectivity.mixins.json:ConnectionMixin
[26Jul2026 05:21:46.420] [modloading-worker-0/DEBUG] [mixin/]: Renaming synthetic method lambda$on$0(Ljava/lang/String;Lio/netty/channel/ChannelHandlerContext;Lio/netty/util/concurrent/Future;)V to mdd17185$lambda$on$0$2 in connectivity.mixins.json:ConnectionMixin
[26Jul2026 05:21:46.424] [modloading-worker-0/DEBUG] [mixin/]: Mixing perf.smart_ingredient_sync.ConnectionMixin from modernfix-forge.mixins.json into net.minecraft.network.Connection
[26Jul2026 05:21:46.454] [modloading-worker-0/DEBUG] [net.minecraftforge.fml.javafmlmod.AutomaticEventSubscriber/LOADING]: Attempting to inject @EventBusSubscriber classes into the eventbus for framework
[26Jul2026 05:21:46.459] [modloading-worker-0/DEBUG] [net.minecraftforge.fml.javafmlmod.AutomaticEventSubscriber/LOADING]: Auto-subscribing com.mrcrayfish.framework.entity.sync.ForgeSyncedEntityDataHandler to FORGE
[26Jul2026 05:21:46.466] [modloading-worker-0/DEBUG] [net.minecraftforge.fml.javafmlmod.AutomaticEventSubscriber/LOADING]: Attempting to inject @EventBusSubscriber classes into the eventbus for fragmentum
[26Jul2026 05:21:46.476] [modloading-worker-0/DEBUG] [mixin/]: Mixing accessors.world.AccessorRecipeManager from bookshelf.common.mixins.json into net.minecraft.world.item.crafting.RecipeManager
[26Jul2026 05:21:46.476] [modloading-worker-0/DEBUG] [mixin/]: Mixing accessor.RecipeManagerAccessor from farmersdelight.mixins.json into net.minecraft.world.item.crafting.RecipeManager
[26Jul2026 05:21:46.476] [modloading-worker-0/DEBUG] [mixin/]: Mixing perf.datapack_reload_exceptions.RecipeManagerMixin from modernfix-forge.mixins.json into net.minecraft.world.item.crafting.RecipeManager
[26Jul2026 05:21:46.496] [modloading-worker-0/DEBUG] [net.minecraftforge.fml.javafmlmod.AutomaticEventSubscriber/LOADING]: Attempting to inject @EventBusSubscriber classes into the eventbus for fastsuite
[26Jul2026 05:21:46.498] [modloading-worker-0/DEBUG] [net.minecraftforge.fml.javafmlmod.AutomaticEventSubscriber/LOADING]: Attempting to inject @EventBusSubscriber classes into the eventbus for fastasyncworldsave
[26Jul2026 05:21:46.504] [modloading-worker-0/DEBUG] [net.minecraftforge.fml.javafmlmod.AutomaticEventSubscriber/LOADING]: Attempting to inject @EventBusSubscriber classes into the eventbus for alternate_current
[26Jul2026 05:21:46.504] [modloading-worker-0/DEBUG] [net.minecraftforge.fml.javafmlmod.AutomaticEventSubscriber/LOADING]: Auto-subscribing alternate.current.AlternateCurrentMod$ModEvents to FORGE
[26Jul2026 05:21:46.507] [modloading-worker-0/DEBUG] [net.minecraftforge.fml.javafmlmod.AutomaticEventSubscriber/LOADING]: Attempting to inject @EventBusSubscriber classes into the eventbus for icterine
[26Jul2026 05:21:46.620] [modloading-worker-0/DEBUG] [com.cerbon.cerbons_api.util.Constants/]: Loaded com.cerbon.cerbons_api.forge.platform.ForgePlatformHelper@694d62a for service interface com.cerbon.cerbons_api.platform.services.IPlatformHelper
[26Jul2026 05:21:46.623] [modloading-worker-0/DEBUG] [com.cerbon.cerbons_api.util.Constants/]: Loaded com.cerbon.cerbons_api.forge.platform.ForgeRegistryHelper@50a93b92 for service interface com.cerbon.cerbons_api.platform.services.IRegistryHelper
[26Jul2026 05:21:46.624] [modloading-worker-0/DEBUG] [com.cerbon.cerbons_api.util.Constants/]: Loaded com.cerbon.cerbons_api.forge.platform.ForgeCapabilityHelper@1c2744f7 for service interface com.cerbon.cerbons_api.platform.services.ICapabilityHelper
[26Jul2026 05:21:46.628] [modloading-worker-0/DEBUG] [com.cerbon.better_totem_of_undying.util.BTUConstants/]: Enqueued IMC to curios
[26Jul2026 05:21:46.628] [modloading-worker-0/DEBUG] [net.minecraftforge.fml.javafmlmod.AutomaticEventSubscriber/LOADING]: Attempting to inject @EventBusSubscriber classes into the eventbus for better_totem_of_undying
[26Jul2026 05:21:46.628] [modloading-worker-0/DEBUG] [net.minecraftforge.fml.javafmlmod.AutomaticEventSubscriber/LOADING]: Auto-subscribing com.cerbon.better_totem_of_undying.forge.event.ForgeEvents to FORGE
[26Jul2026 05:21:46.631] [modloading-worker-0/DEBUG] [net.minecraftforge.fml.javafmlmod.AutomaticEventSubscriber/LOADING]: Attempting to inject @EventBusSubscriber classes into the eventbus for deltaboxlib
[26Jul2026 05:21:46.634] [modloading-worker-0/DEBUG] [mixin/]: Mixing CommandExceptionLoggingMixin from cupboard.mixins.json into net.minecraft.commands.Commands
[26Jul2026 05:21:46.640] [modloading-worker-0/DEBUG] [net.minecraftforge.fml.javafmlmod.AutomaticEventSubscriber/LOADING]: Attempting to inject @EventBusSubscriber classes into the eventbus for formations
[26Jul2026 05:21:46.643] [modloading-worker-0/DEBUG] [net.minecraftforge.fml.javafmlmod.AutomaticEventSubscriber/LOADING]: Attempting to inject @EventBusSubscriber classes into the eventbus for puzzlesaccessapi
[26Jul2026 05:21:46.656] [modloading-worker-0/DEBUG] [net.minecraftforge.versions.forge.ForgeVersion/CORE]: Forge Version package package net.minecraftforge.versions.forge, Forge, version 47.4 from cpw.mods.modlauncher.TransformingClassLoader@2e7af36e
[26Jul2026 05:21:46.657] [modloading-worker-0/DEBUG] [net.minecraftforge.fml.javafmlmod.AutomaticEventSubscriber/LOADING]: Attempting to inject @EventBusSubscriber classes into the eventbus for midnightlib
[26Jul2026 05:21:46.657] [modloading-worker-0/DEBUG] [net.minecraftforge.fml.javafmlmod.AutomaticEventSubscriber/LOADING]: Auto-subscribing eu.midnightdust.forge.MidnightLibServerEvents to FORGE
[26Jul2026 05:21:46.660] [modloading-worker-0/DEBUG] [net.minecraftforge.versions.forge.ForgeVersion/CORE]: Found Forge version 47.4.10
[26Jul2026 05:21:46.660] [modloading-worker-0/DEBUG] [net.minecraftforge.versions.forge.ForgeVersion/CORE]: Found Forge spec 47.4
[26Jul2026 05:21:46.660] [modloading-worker-0/DEBUG] [net.minecraftforge.versions.forge.ForgeVersion/CORE]: Found Forge group net.minecraftforge
[26Jul2026 05:21:46.660] [modloading-worker-0/DEBUG] [net.minecraftforge.versions.mcp.MCPVersion/CORE]: MCP Version package package net.minecraftforge.versions.mcp, Minecraft, version 1.20.1 from cpw.mods.modlauncher.TransformingClassLoader@2e7af36e
[26Jul2026 05:21:46.660] [modloading-worker-0/DEBUG] [net.minecraftforge.versions.mcp.MCPVersion/CORE]: Found MC version information 1.20.1
[26Jul2026 05:21:46.661] [modloading-worker-0/DEBUG] [net.minecraftforge.versions.mcp.MCPVersion/CORE]: Found MCP version information 20230612.114412
[26Jul2026 05:21:46.661] [modloading-worker-0/INFO] [net.minecraftforge.common.ForgeMod/FORGEMOD]: Forge mod loading, version 47.4.10, for MC 1.20.1 with MCP 20230612.114412
[26Jul2026 05:21:46.661] [modloading-worker-0/INFO] [net.minecraftforge.common.MinecraftForge/FORGE]: MinecraftForge v47.4.10 Initialized
[26Jul2026 05:21:46.710] [modloading-worker-0/DEBUG] [net.minecraftforge.fml.config.ConfigTracker/CONFIG]: Config file forge-client.toml for forge tracking
[26Jul2026 05:21:46.711] [modloading-worker-0/DEBUG] [net.minecraftforge.fml.config.ConfigTracker/CONFIG]: Config file forge-server.toml for forge tracking
[26Jul2026 05:21:46.711] [modloading-worker-0/DEBUG] [net.minecraftforge.fml.ModLoadingContext/]: Attempted to register an empty config for type COMMON on mod forge
[26Jul2026 05:21:46.734] [modloading-worker-0/DEBUG] [net.minecraftforge.fml.javafmlmod.AutomaticEventSubscriber/LOADING]: Attempting to inject @EventBusSubscriber classes into the eventbus for forge
[26Jul2026 05:21:46.734] [modloading-worker-0/DEBUG] [net.minecraftforge.fml.javafmlmod.AutomaticEventSubscriber/LOADING]: Auto-subscribing net.minecraftforge.common.ForgeSpawnEggItem$CommonHandler to MOD
[26Jul2026 05:21:46.863] [modloading-worker-0/DEBUG] [net.minecraftforge.fml.javafmlmod.AutomaticEventSubscriber/LOADING]: Attempting to inject @EventBusSubscriber classes into the eventbus for friendsandfoes
[26Jul2026 05:21:46.864] [modloading-worker-0/DEBUG] [net.minecraftforge.fml.javafmlmod.AutomaticEventSubscriber/LOADING]: Auto-subscribing com.faboslav.friendsandfoes.forge.datagen.StructureNbtUpdaterDatagen to MOD
[26Jul2026 05:21:46.875] [modloading-worker-0/DEBUG] [net.minecraftforge.fml.config.ConfigTracker/CONFIG]: Config file Luminous_Nether_Terrablender.toml for luminous_nether tracking
[26Jul2026 05:21:47.341] [modloading-worker-0/DEBUG] [net.minecraftforge.fml.javafmlmod.AutomaticEventSubscriber/LOADING]: Attempting to inject @EventBusSubscriber classes into the eventbus for luminous_nether
[26Jul2026 05:21:47.342] [modloading-worker-0/DEBUG] [net.minecraftforge.fml.javafmlmod.AutomaticEventSubscriber/LOADING]: Auto-subscribing net.mcreator.luminousnether.world.inventory.PottergeistGUIMenu to FORGE
[26Jul2026 05:21:47.357] [modloading-worker-0/DEBUG] [net.minecraftforge.fml.javafmlmod.AutomaticEventSubscriber/LOADING]: Auto-subscribing net.mcreator.luminousnether.world.features.StructureFeature to FORGE
[26Jul2026 05:21:47.360] [modloading-worker-0/DEBUG] [net.minecraftforge.fml.javafmlmod.AutomaticEventSubscriber/LOADING]: Auto-subscribing net.mcreator.luminousnether.recipes.brewing.LevitationRecipeBrewingRecipe to MOD
[26Jul2026 05:21:47.361] [modloading-worker-0/DEBUG] [net.minecraftforge.fml.javafmlmod.AutomaticEventSubscriber/LOADING]: Auto-subscribing net.mcreator.luminousnether.recipes.brewing.ContaminantReciepeBrewingRecipe to MOD
[26Jul2026 05:21:47.362] [modloading-worker-0/DEBUG] [net.minecraftforge.fml.javafmlmod.AutomaticEventSubscriber/LOADING]: Auto-subscribing net.mcreator.luminousnether.recipes.brewing.AntidoteRecipeBrewingRecipe to MOD
[26Jul2026 05:21:47.366] [modloading-worker-0/DEBUG] [net.minecraftforge.fml.javafmlmod.AutomaticEventSubscriber/LOADING]: Auto-subscribing net.mcreator.luminousnether.procedures.WarpedSpewerAttacksProcedure to FORGE
[26Jul2026 05:21:47.367] [modloading-worker-0/DEBUG] [net.minecraftforge.fml.javafmlmod.AutomaticEventSubscriber/LOADING]: Auto-subscribing net.mcreator.luminousnether.procedures.WarpedKingNewSpawningProcedure to FORGE
[26Jul2026 05:21:47.370] [modloading-worker-0/DEBUG] [net.minecraftforge.fml.javafmlmod.AutomaticEventSubscriber/LOADING]: Auto-subscribing net.mcreator.luminousnether.procedures.WallCandleLightProcedure to FORGE
[26Jul2026 05:21:47.371] [modloading-worker-0/DEBUG] [net.minecraftforge.fml.javafmlmod.AutomaticEventSubscriber/LOADING]: Auto-subscribing net.mcreator.luminousnether.procedures.WSlightProcedure to FORGE
[26Jul2026 05:21:47.372] [modloading-worker-0/DEBUG] [net.minecraftforge.fml.javafmlmod.AutomaticEventSubscriber/LOADING]: Auto-subscribing net.mcreator.luminousnether.procedures.StripWitheredWoodProcedure to FORGE
[26Jul2026 05:21:47.373] [modloading-worker-0/DEBUG] [net.minecraftforge.fml.javafmlmod.AutomaticEventSubscriber/LOADING]: Auto-subscribing net.mcreator.luminousnether.procedures.StripWitheredLogProcedure to FORGE
[26Jul2026 05:21:47.374] [modloading-worker-0/DEBUG] [net.minecraftforge.fml.javafmlmod.AutomaticEventSubscriber/LOADING]: Auto-subscribing net.mcreator.luminousnether.procedures.SoulFurnaceAttacksProcedure to FORGE
[26Jul2026 05:21:47.376] [modloading-worker-0/DEBUG] [net.minecraftforge.fml.javafmlmod.AutomaticEventSubscriber/LOADING]: Auto-subscribing net.mcreator.luminousnether.procedures.SoulCleaveProcedureProcedure to FORGE
[26Jul2026 05:21:47.377] [modloading-worker-0/DEBUG] [net.minecraftforge.fml.javafmlmod.AutomaticEventSubscriber/LOADING]: Auto-subscribing net.mcreator.luminousnether.procedures.SaturationCooldownProcedure to FORGE
[26Jul2026 05:21:47.377] [modloading-worker-0/DEBUG] [net.minecraftforge.fml.javafmlmod.AutomaticEventSubscriber/LOADING]: Auto-subscribing net.mcreator.luminousnether.procedures.SanityCooldownProcedure to FORGE
[26Jul2026 05:21:47.378] [modloading-worker-0/DEBUG] [net.minecraftforge.fml.javafmlmod.AutomaticEventSubscriber/LOADING]: Auto-subscribing net.mcreator.luminousnether.procedures.SCwhiteoffProcedure to FORGE
[26Jul2026 05:21:47.379] [modloading-worker-0/DEBUG] [net.minecraftforge.fml.javafmlmod.AutomaticEventSubscriber/LOADING]: Auto-subscribing net.mcreator.luminousnether.procedures.SCorangeoffProcedure to FORGE
[26Jul2026 05:21:47.381] [modloading-worker-0/DEBUG] [net.minecraftforge.fml.javafmlmod.AutomaticEventSubscriber/LOADING]: Auto-subscribing net.mcreator.luminousnether.procedures.SClightProcedure to FORGE
[26Jul2026 05:21:47.381] [modloading-worker-0/DEBUG] [net.minecraftforge.fml.javafmlmod.AutomaticEventSubscriber/LOADING]: Auto-subscribing net.mcreator.luminousnether.procedures.SCblueoffProcedure to FORGE
[26Jul2026 05:21:47.382] [modloading-worker-0/DEBUG] [net.minecraftforge.fml.javafmlmod.AutomaticEventSubscriber/LOADING]: Auto-subscribing net.mcreator.luminousnether.procedures.RitualWorldFirstJoinProcedure to FORGE
[26Jul2026 05:21:47.383] [modloading-worker-0/DEBUG] [net.minecraftforge.fml.javafmlmod.AutomaticEventSubscriber/LOADING]: Auto-subscribing net.mcreator.luminousnether.procedures.RitualRefreshProcedure to FORGE
[26Jul2026 05:21:47.384] [modloading-worker-0/DEBUG] [net.minecraftforge.fml.javafmlmod.AutomaticEventSubscriber/LOADING]: Auto-subscribing net.mcreator.luminousnether.procedures.RightClickStemProcedure to FORGE
[26Jul2026 05:21:47.385] [modloading-worker-0/DEBUG] [net.minecraftforge.fml.javafmlmod.AutomaticEventSubscriber/LOADING]: Auto-subscribing net.mcreator.luminousnether.procedures.RightClickRitualProcedure to FORGE
[26Jul2026 05:21:47.386] [modloading-worker-0/DEBUG] [net.minecraftforge.fml.javafmlmod.AutomaticEventSubscriber/LOADING]: Auto-subscribing net.mcreator.luminousnether.procedures.RevenantProcedureProcedure to FORGE
[26Jul2026 05:21:47.388] [modloading-worker-0/DEBUG] [net.minecraftforge.fml.javafmlmod.AutomaticEventSubscriber/LOADING]: Auto-subscribing net.mcreator.luminousnether.procedures.PouchDropProcedure to FORGE
[26Jul2026 05:21:47.389] [modloading-worker-0/DEBUG] [net.minecraftforge.fml.javafmlmod.AutomaticEventSubscriber/LOADING]: Auto-subscribing net.mcreator.luminousnether.procedures.PouchActivateProcedure to FORGE
[26Jul2026 05:21:47.392] [modloading-worker-0/DEBUG] [net.minecraftforge.fml.javafmlmod.AutomaticEventSubscriber/LOADING]: Auto-subscribing net.mcreator.luminousnether.procedures.PlacingWarpedFlagProcedure to FORGE
[26Jul2026 05:21:47.393] [modloading-worker-0/DEBUG] [net.minecraftforge.fml.javafmlmod.AutomaticEventSubscriber/LOADING]: Auto-subscribing net.mcreator.luminousnether.procedures.PlacingSoulFlagProcedure to FORGE
[26Jul2026 05:21:47.394] [modloading-worker-0/DEBUG] [net.minecraftforge.fml.javafmlmod.AutomaticEventSubscriber/LOADING]: Auto-subscribing net.mcreator.luminousnether.procedures.PlacingPiglinBannerProcedure to FORGE
[26Jul2026 05:21:47.395] [modloading-worker-0/DEBUG] [net.minecraftforge.fml.javafmlmod.AutomaticEventSubscriber/LOADING]: Auto-subscribing net.mcreator.luminousnether.procedures.PlacingNetherCandleStandProcedure to FORGE
[26Jul2026 05:21:47.396] [modloading-worker-0/DEBUG] [net.minecraftforge.fml.javafmlmod.AutomaticEventSubscriber/LOADING]: Auto-subscribing net.mcreator.luminousnether.procedures.PlacingLanternProcedure to FORGE
[26Jul2026 05:21:47.397] [modloading-worker-0/DEBUG] [net.minecraftforge.fml.javafmlmod.AutomaticEventSubscriber/LOADING]: Auto-subscribing net.mcreator.luminousnether.procedures.PlacingGhostFlagProcedure to FORGE
[26Jul2026 05:21:47.398] [modloading-worker-0/DEBUG] [net.minecraftforge.fml.javafmlmod.AutomaticEventSubscriber/LOADING]: Auto-subscribing net.mcreator.luminousnether.procedures.PlacingDeltaFlagProcedure to FORGE
[26Jul2026 05:21:47.399] [modloading-worker-0/DEBUG] [net.minecraftforge.fml.javafmlmod.AutomaticEventSubscriber/LOADING]: Auto-subscribing net.mcreator.luminousnether.procedures.PlacingCrimsonFlagProcedure to FORGE
[26Jul2026 05:21:47.400] [modloading-worker-0/DEBUG] [net.minecraftforge.fml.javafmlmod.AutomaticEventSubscriber/LOADING]: Auto-subscribing net.mcreator.luminousnether.procedures.PlacingCandleProcedure to FORGE
[26Jul2026 05:21:47.401] [modloading-worker-0/DEBUG] [net.minecraftforge.fml.javafmlmod.AutomaticEventSubscriber/LOADING]: Auto-subscribing net.mcreator.luminousnether.procedures.PlacingBlankFlagProcedure to FORGE
[26Jul2026 05:21:47.402] [modloading-worker-0/DEBUG] [net.minecraftforge.fml.javafmlmod.AutomaticEventSubscriber/LOADING]: Auto-subscribing net.mcreator.luminousnether.procedures.PlacingBannerProcedure to FORGE
[26Jul2026 05:21:47.403] [modloading-worker-0/DEBUG] [net.minecraftforge.fml.javafmlmod.AutomaticEventSubscriber/LOADING]: Auto-subscribing net.mcreator.luminousnether.procedures.NighCooldownProcedure to FORGE
[26Jul2026 05:21:47.404] [modloading-worker-0/DEBUG] [net.minecraftforge.fml.javafmlmod.AutomaticEventSubscriber/LOADING]: Auto-subscribing net.mcreator.luminousnether.procedures.NetherWallCandleLightProcedure to FORGE
[26Jul2026 05:21:47.405] [modloading-worker-0/DEBUG] [net.minecraftforge.fml.javafmlmod.AutomaticEventSubscriber/LOADING]: Auto-subscribing net.mcreator.luminousnether.procedures.MushlinSpit1Procedure to FORGE
[26Jul2026 05:21:47.410] [modloading-worker-0/DEBUG] [net.minecraftforge.fml.javafmlmod.AutomaticEventSubscriber/LOADING]: Auto-subscribing net.mcreator.luminousnether.procedures.MendingCooldownProcedure to FORGE
[26Jul2026 05:21:47.411] [modloading-worker-0/DEBUG] [net.minecraftforge.fml.javafmlmod.AutomaticEventSubscriber/LOADING]: Auto-subscribing net.mcreator.luminousnether.procedures.MakePlayerStopRidingProcedure to FORGE
[26Jul2026 05:21:47.411] [modloading-worker-0/DEBUG] [net.minecraftforge.fml.javafmlmod.AutomaticEventSubscriber/LOADING]: Auto-subscribing net.mcreator.luminousnether.procedures.LuminousTagReminderProcedure to FORGE
[26Jul2026 05:21:47.414] [modloading-worker-0/DEBUG] [net.minecraftforge.fml.javafmlmod.AutomaticEventSubscriber/LOADING]: Auto-subscribing net.mcreator.luminousnether.procedures.LightWhiteFireProcedure to FORGE
[26Jul2026 05:21:47.415] [modloading-worker-0/DEBUG] [net.minecraftforge.fml.javafmlmod.AutomaticEventSubscriber/LOADING]: Auto-subscribing net.mcreator.luminousnether.procedures.HemorrhageProcedureProcedure to FORGE
[26Jul2026 05:21:47.416] [modloading-worker-0/DEBUG] [net.minecraftforge.fml.javafmlmod.AutomaticEventSubscriber/LOADING]: Auto-subscribing net.mcreator.luminousnether.procedures.HealthCooldownProcedure to FORGE
[26Jul2026 05:21:47.419] [modloading-worker-0/DEBUG] [net.minecraftforge.fml.javafmlmod.AutomaticEventSubscriber/LOADING]: Auto-subscribing net.mcreator.luminousnether.procedures.GuzzleGhastSetstargetProcedure to FORGE
[26Jul2026 05:21:47.420] [modloading-worker-0/DEBUG] [net.minecraftforge.fml.javafmlmod.AutomaticEventSubscriber/LOADING]: Auto-subscribing net.mcreator.luminousnether.procedures.GhostAttacksProcedure to FORGE
[26Jul2026 05:21:47.422] [modloading-worker-0/DEBUG] [net.minecraftforge.fml.javafmlmod.AutomaticEventSubscriber/LOADING]: Auto-subscribing net.mcreator.luminousnether.procedures.FurnaceAttacksProcedure to FORGE
[26Jul2026 05:21:47.423] [modloading-worker-0/DEBUG] [net.minecraftforge.fml.javafmlmod.AutomaticEventSubscriber/LOADING]: Auto-subscribing net.mcreator.luminousnether.procedures.FeedGliderProcedure to FORGE
[26Jul2026 05:21:47.426] [modloading-worker-0/DEBUG] [net.minecraftforge.fml.javafmlmod.AutomaticEventSubscriber/LOADING]: Auto-subscribing net.mcreator.luminousnether.procedures.FeedGliderFromTopProcedure to FORGE
[26Jul2026 05:21:47.427] [modloading-worker-0/DEBUG] [net.minecraftforge.fml.javafmlmod.AutomaticEventSubscriber/LOADING]: Auto-subscribing net.mcreator.luminousnether.procedures.ExperienceCooldownProcedure to FORGE
[26Jul2026 05:21:47.430] [modloading-worker-0/DEBUG] [net.minecraftforge.fml.javafmlmod.AutomaticEventSubscriber/LOADING]: Auto-subscribing net.mcreator.luminousnether.procedures.ExecutionerHoodEventProcedure to FORGE
[26Jul2026 05:21:47.431] [modloading-worker-0/DEBUG] [net.minecraftforge.fml.javafmlmod.AutomaticEventSubscriber/LOADING]: Auto-subscribing net.mcreator.luminousnether.procedures.ExecutionerDelayProcedure to FORGE
[26Jul2026 05:21:47.432] [modloading-worker-0/DEBUG] [net.minecraftforge.fml.javafmlmod.AutomaticEventSubscriber/LOADING]: Auto-subscribing net.mcreator.luminousnether.procedures.EmberAttacksProcedure to FORGE
[26Jul2026 05:21:47.434] [modloading-worker-0/DEBUG] [net.minecraftforge.fml.javafmlmod.AutomaticEventSubscriber/LOADING]: Auto-subscribing net.mcreator.luminousnether.procedures.EctoplasmplayertickProcedure to FORGE
[26Jul2026 05:21:47.435] [modloading-worker-0/DEBUG] [net.minecraftforge.fml.javafmlmod.AutomaticEventSubscriber/LOADING]: Auto-subscribing net.mcreator.luminousnether.procedures.DisplayeCreative5Procedure to FORGE
[26Jul2026 05:21:47.437] [modloading-worker-0/DEBUG] [net.minecraftforge.fml.javafmlmod.AutomaticEventSubscriber/LOADING]: Auto-subscribing net.mcreator.luminousnether.procedures.DisplayFullProcedure to FORGE
[26Jul2026 05:21:47.438] [modloading-worker-0/DEBUG] [net.minecraftforge.fml.javafmlmod.AutomaticEventSubscriber/LOADING]: Auto-subscribing net.mcreator.luminousnether.procedures.DisplayCreative4Procedure to FORGE
[26Jul2026 05:21:47.440] [modloading-worker-0/DEBUG] [net.minecraftforge.fml.javafmlmod.AutomaticEventSubscriber/LOADING]: Auto-subscribing net.mcreator.luminousnether.procedures.DisplayCreative3Procedure to FORGE
[26Jul2026 05:21:47.441] [modloading-worker-0/DEBUG] [net.minecraftforge.fml.javafmlmod.AutomaticEventSubscriber/LOADING]: Auto-subscribing net.mcreator.luminousnether.procedures.DisplayCreative2Procedure to FORGE
[26Jul2026 05:21:47.443] [modloading-worker-0/DEBUG] [net.minecraftforge.fml.javafmlmod.AutomaticEventSubscriber/LOADING]: Auto-subscribing net.mcreator.luminousnether.procedures.DisplayCreative1Procedure to FORGE
[26Jul2026 05:21:47.444] [modloading-worker-0/DEBUG] [net.minecraftforge.fml.javafmlmod.AutomaticEventSubscriber/LOADING]: Auto-subscribing net.mcreator.luminousnether.procedures.Display4Procedure to FORGE
[26Jul2026 05:21:47.447] [modloading-worker-0/DEBUG] [net.minecraftforge.fml.javafmlmod.AutomaticEventSubscriber/LOADING]: Auto-subscribing net.mcreator.luminousnether.procedures.Display3Procedure to FORGE
[26Jul2026 05:21:47.448] [modloading-worker-0/DEBUG] [net.minecraftforge.fml.javafmlmod.AutomaticEventSubscriber/LOADING]: Auto-subscribing net.mcreator.luminousnether.procedures.Display2Procedure to FORGE
[26Jul2026 05:21:47.449] [modloading-worker-0/DEBUG] [net.minecraftforge.fml.javafmlmod.AutomaticEventSubscriber/LOADING]: Auto-subscribing net.mcreator.luminousnether.procedures.Display1Procedure to FORGE
[26Jul2026 05:21:47.449] [modloading-worker-0/DEBUG] [net.minecraftforge.fml.javafmlmod.AutomaticEventSubscriber/LOADING]: Auto-subscribing net.mcreator.luminousnether.procedures.CowlDropProcedure to FORGE
[26Jul2026 05:21:47.452] [modloading-worker-0/DEBUG] [net.minecraftforge.fml.javafmlmod.AutomaticEventSubscriber/LOADING]: Auto-subscribing net.mcreator.luminousnether.procedures.CoalDropProcedure to FORGE
[26Jul2026 05:21:47.455] [modloading-worker-0/DEBUG] [net.minecraftforge.fml.javafmlmod.AutomaticEventSubscriber/LOADING]: Auto-subscribing net.mcreator.luminousnether.procedures.CleansingCooldownProcedure to FORGE
[26Jul2026 05:21:47.456] [modloading-worker-0/DEBUG] [net.minecraftforge.fml.javafmlmod.AutomaticEventSubscriber/LOADING]: Auto-subscribing net.mcreator.luminousnether.procedures.ChanceCooldownProcedure to FORGE
[26Jul2026 05:21:47.457] [modloading-worker-0/DEBUG] [net.minecraftforge.fml.javafmlmod.AutomaticEventSubscriber/LOADING]: Auto-subscribing net.mcreator.luminousnether.procedures.CarvePaleMelonProcedure to FORGE
[26Jul2026 05:21:47.460] [modloading-worker-0/DEBUG] [net.minecraftforge.fml.javafmlmod.AutomaticEventSubscriber/LOADING]: Auto-subscribing net.mcreator.luminousnether.procedures.BumpPadPlayerProcedure to FORGE
[26Jul2026 05:21:47.460] [modloading-worker-0/DEBUG] [net.minecraftforge.fml.javafmlmod.AutomaticEventSubscriber/LOADING]: Auto-subscribing net.mcreator.luminousnether.procedures.BasaltExecutionerAttacksProcedure to FORGE
[26Jul2026 05:21:47.464] [modloading-worker-0/DEBUG] [net.minecraftforge.fml.javafmlmod.AutomaticEventSubscriber/LOADING]: Auto-subscribing net.mcreator.luminousnether.network.XpGUISlotMessage to MOD
[26Jul2026 05:21:47.465] [modloading-worker-0/DEBUG] [net.minecraftforge.fml.javafmlmod.AutomaticEventSubscriber/LOADING]: Auto-subscribing net.mcreator.luminousnether.network.XpGUIButtonMessage to MOD
[26Jul2026 05:21:47.467] [modloading-worker-0/DEBUG] [net.minecraftforge.fml.javafmlmod.AutomaticEventSubscriber/LOADING]: Auto-subscribing net.mcreator.luminousnether.network.SaturationGUISlotMessage to MOD
[26Jul2026 05:21:47.470] [modloading-worker-0/DEBUG] [net.minecraftforge.fml.javafmlmod.AutomaticEventSubscriber/LOADING]: Auto-subscribing net.mcreator.luminousnether.network.SaturationGUIButtonMessage to MOD
[26Jul2026 05:21:47.471] [modloading-worker-0/DEBUG] [net.minecraftforge.fml.javafmlmod.AutomaticEventSubscriber/LOADING]: Auto-subscribing net.mcreator.luminousnether.network.SanityGUISlotMessage to MOD
[26Jul2026 05:21:47.472] [modloading-worker-0/DEBUG] [net.minecraftforge.fml.javafmlmod.AutomaticEventSubscriber/LOADING]: Auto-subscribing net.mcreator.luminousnether.network.SanityGUIButtonMessage to MOD
[26Jul2026 05:21:47.474] [modloading-worker-0/DEBUG] [net.minecraftforge.fml.javafmlmod.AutomaticEventSubscriber/LOADING]: Auto-subscribing net.mcreator.luminousnether.network.PottergeistGUISlotMessage to MOD
[26Jul2026 05:21:47.475] [modloading-worker-0/DEBUG] [net.minecraftforge.fml.javafmlmod.AutomaticEventSubscriber/LOADING]: Auto-subscribing net.mcreator.luminousnether.network.PottergeistGUIButtonMessage to MOD
[26Jul2026 05:21:47.478] [modloading-worker-0/DEBUG] [net.minecraftforge.fml.javafmlmod.AutomaticEventSubscriber/LOADING]: Auto-subscribing net.mcreator.luminousnether.network.NightGUISlotMessage to MOD
[26Jul2026 05:21:47.479] [modloading-worker-0/DEBUG] [net.minecraftforge.fml.javafmlmod.AutomaticEventSubscriber/LOADING]: Auto-subscribing net.mcreator.luminousnether.network.NightGUIButtonMessage to MOD
[26Jul2026 05:21:47.480] [modloading-worker-0/DEBUG] [net.minecraftforge.fml.javafmlmod.AutomaticEventSubscriber/LOADING]: Auto-subscribing net.mcreator.luminousnether.network.MendingGUISlotMessage to MOD
[26Jul2026 05:21:47.482] [modloading-worker-0/DEBUG] [net.minecraftforge.fml.javafmlmod.AutomaticEventSubscriber/LOADING]: Auto-subscribing net.mcreator.luminousnether.network.MendingGUIButtonMessage to MOD
[26Jul2026 05:21:47.483] [modloading-worker-0/DEBUG] [net.minecraftforge.fml.javafmlmod.AutomaticEventSubscriber/LOADING]: Auto-subscribing net.mcreator.luminousnether.network.LuminousNetherModVariables to MOD
[26Jul2026 05:21:47.487] [modloading-worker-0/DEBUG] [net.minecraftforge.fml.javafmlmod.AutomaticEventSubscriber/LOADING]: Auto-subscribing net.mcreator.luminousnether.network.LuminousNetherModVariables$PlayerVariablesProvider to FORGE
[26Jul2026 05:21:47.489] [modloading-worker-0/DEBUG] [net.minecraftforge.fml.javafmlmod.AutomaticEventSubscriber/LOADING]: Auto-subscribing net.mcreator.luminousnether.network.LuminousNetherModVariables$EventBusVariableHandlers to FORGE
[26Jul2026 05:21:47.498] [modloading-worker-0/DEBUG] [net.minecraftforge.fml.javafmlmod.AutomaticEventSubscriber/LOADING]: Auto-subscribing net.mcreator.luminousnether.network.HealthGUISlotMessage to MOD
[26Jul2026 05:21:47.499] [modloading-worker-0/DEBUG] [net.minecraftforge.fml.javafmlmod.AutomaticEventSubscriber/LOADING]: Auto-subscribing net.mcreator.luminousnether.network.HealthGUIButtonMessage to MOD
[26Jul2026 05:21:47.500] [modloading-worker-0/DEBUG] [net.minecraftforge.fml.javafmlmod.AutomaticEventSubscriber/LOADING]: Auto-subscribing net.mcreator.luminousnether.network.CleansingGUISlotMessage to MOD
[26Jul2026 05:21:47.502] [modloading-worker-0/DEBUG] [net.minecraftforge.fml.javafmlmod.AutomaticEventSubscriber/LOADING]: Auto-subscribing net.mcreator.luminousnether.network.CleansingGUIButtonMessage to MOD
[26Jul2026 05:21:47.505] [modloading-worker-0/DEBUG] [net.minecraftforge.fml.javafmlmod.AutomaticEventSubscriber/LOADING]: Auto-subscribing net.mcreator.luminousnether.network.ChanceGUISlotMessage to MOD
[26Jul2026 05:21:47.506] [modloading-worker-0/DEBUG] [net.minecraftforge.fml.javafmlmod.AutomaticEventSubscriber/LOADING]: Auto-subscribing net.mcreator.luminousnether.network.ChanceGUIButtonMessage to MOD
[26Jul2026 05:21:47.509] [modloading-worker-0/DEBUG] [net.minecraftforge.fml.javafmlmod.AutomaticEventSubscriber/LOADING]: Auto-subscribing net.mcreator.luminousnether.item.extension.EctoplasmBallExtensionItemExtension to MOD
[26Jul2026 05:21:47.510] [modloading-worker-0/DEBUG] [net.minecraftforge.fml.javafmlmod.AutomaticEventSubscriber/LOADING]: Auto-subscribing net.mcreator.luminousnether.init.LuminousNetherModLootModifier to MOD
[26Jul2026 05:21:47.511] [modloading-worker-0/DEBUG] [net.minecraftforge.fml.javafmlmod.AutomaticEventSubscriber/LOADING]: Auto-subscribing net.mcreator.luminousnether.init.LuminousNetherModFeatures to FORGE
[26Jul2026 05:21:47.514] [modloading-worker-0/DEBUG] [net.minecraftforge.fml.javafmlmod.AutomaticEventSubscriber/LOADING]: Auto-subscribing net.mcreator.luminousnether.init.LuminousNetherModEntities to MOD
[26Jul2026 05:21:47.514] [modloading-worker-0/DEBUG] [net.minecraftforge.fml.javafmlmod.AutomaticEventSubscriber/LOADING]: Auto-subscribing net.mcreator.luminousnether.init.LuminousNetherModConfigs to MOD
[26Jul2026 05:21:47.515] [modloading-worker-0/DEBUG] [net.minecraftforge.fml.javafmlmod.AutomaticEventSubscriber/LOADING]: Auto-subscribing net.mcreator.luminousnether.init.LuminousNetherModCompostableItems to MOD
[26Jul2026 05:21:47.517] [modloading-worker-0/DEBUG] [net.minecraftforge.fml.javafmlmod.AutomaticEventSubscriber/LOADING]: Auto-subscribing net.mcreator.luminousnether.init.LuminousNetherModBiomes to MOD
[26Jul2026 05:21:47.517] [modloading-worker-0/DEBUG] [net.minecraftforge.fml.javafmlmod.AutomaticEventSubscriber/LOADING]: Auto-subscribing net.mcreator.luminousnether.init.LuminousNetherConfig to MOD
[26Jul2026 05:21:47.520] [modloading-worker-0/DEBUG] [net.minecraftforge.fml.javafmlmod.AutomaticEventSubscriber/LOADING]: Auto-subscribing net.mcreator.luminousnether.init.EntityAnimationFactory to FORGE
[26Jul2026 05:21:47.537] [modloading-worker-0/DEBUG] [net.minecraftforge.fml.config.ConfigTracker/CONFIG]: Config file alexscaves-general.toml for alexscaves tracking
[26Jul2026 05:21:47.537] [modloading-worker-0/DEBUG] [net.minecraftforge.fml.config.ConfigTracker/CONFIG]: Config file alexscaves-client.toml for alexscaves tracking
[26Jul2026 05:21:47.544] [modloading-worker-0/DEBUG] [mixin/]: Mixing CommonEventsMixin from tact.mixins.json into com.github.alexmodguy.alexscaves.server.event.CommonEvents
[26Jul2026 05:21:47.546] [modloading-worker-0/DEBUG] [mixin/]: Mixing ResizeEventFixMixin from tact.mixins.json into com.github.alexmodguy.alexscaves.server.event.CommonEvents
[26Jul2026 05:21:47.878] [modloading-worker-0/DEBUG] [mixin/]: Mixing SpearItemAccessor from tact.mixins.json into com.github.alexmodguy.alexscaves.server.item.SpearItem
[26Jul2026 05:21:47.886] [modloading-worker-0/DEBUG] [mixin/]: Mixing PrimitiveClubItemMixin from tact.mixins.json into com.github.alexmodguy.alexscaves.server.item.PrimitiveClubItem
[26Jul2026 05:21:47.895] [modloading-worker-0/DEBUG] [mixin/]: Mixing BiomeTreatItemMixin from tact.mixins.json into com.github.alexmodguy.alexscaves.server.item.BiomeTreatItem
[26Jul2026 05:21:47.922] [modloading-worker-0/DEBUG] [mixin/]: Mixing DreadbowItemMixin from tact.mixins.json into com.github.alexmodguy.alexscaves.server.item.DreadbowItem
[26Jul2026 05:21:47.931] [modloading-worker-0/DEBUG] [mixin/]: Mixing DarknessArmorItemMixin from tact.mixins.json into com.github.alexmodguy.alexscaves.server.item.DarknessArmorItem
[26Jul2026 05:21:47.935] [modloading-worker-0/DEBUG] [mixin/]: Mixing DesolateDaggerItemMixin from tact.mixins.json into com.github.alexmodguy.alexscaves.server.item.DesolateDaggerItem
[26Jul2026 05:21:47.957] [modloading-worker-0/DEBUG] [mixin/]: Mixing RaygunItemMixin from tact.mixins.json into com.github.alexmodguy.alexscaves.server.item.RaygunItem
[26Jul2026 05:21:47.969] [modloading-worker-0/DEBUG] [mixin/]: Mixing HazmatArmorItemMixin from tact.mixins.json into com.github.alexmodguy.alexscaves.server.item.HazmatArmorItem
[26Jul2026 05:21:47.997] [modloading-worker-0/DEBUG] [net.minecraftforge.fml.javafmlmod.AutomaticEventSubscriber/LOADING]: Attempting to inject @EventBusSubscriber classes into the eventbus for luminousworld
[26Jul2026 05:21:48.000] [modloading-worker-0/DEBUG] [net.minecraftforge.fml.javafmlmod.AutomaticEventSubscriber/LOADING]: Auto-subscribing net.mcreator.luminousworld.world.features.treedecorators.AuburnForestTrunkDecorator to MOD
[26Jul2026 05:21:48.004] [modloading-worker-0/DEBUG] [net.minecraftforge.fml.javafmlmod.AutomaticEventSubscriber/LOADING]: Auto-subscribing net.mcreator.luminousworld.world.features.treedecorators.AuburnForestLeaveDecorator to MOD
[26Jul2026 05:21:48.005] [modloading-worker-0/DEBUG] [net.minecraftforge.fml.javafmlmod.AutomaticEventSubscriber/LOADING]: Auto-subscribing net.mcreator.luminousworld.world.features.treedecorators.AuburnForestFruitDecorator to MOD
[26Jul2026 05:21:48.006] [modloading-worker-0/DEBUG] [net.minecraftforge.fml.javafmlmod.AutomaticEventSubscriber/LOADING]: Auto-subscribing net.mcreator.luminousworld.world.features.StructureFeature to FORGE
[26Jul2026 05:21:48.008] [modloading-worker-0/DEBUG] [net.minecraftforge.fml.javafmlmod.AutomaticEventSubscriber/LOADING]: Auto-subscribing net.mcreator.luminousworld.recipes.brewing.BleachrecBrewingRecipe to MOD
[26Jul2026 05:21:48.008] [modloading-worker-0/DEBUG] [net.minecraftforge.fml.javafmlmod.AutomaticEventSubscriber/LOADING]: Auto-subscribing net.mcreator.luminousworld.procedures.YetiAttacksProcedure to FORGE
[26Jul2026 05:21:48.012] [modloading-worker-0/DEBUG] [net.minecraftforge.fml.javafmlmod.AutomaticEventSubscriber/LOADING]: Auto-subscribing net.mcreator.luminousworld.procedures.WrapsDropProcedure to FORGE
[26Jul2026 05:21:48.014] [modloading-worker-0/DEBUG] [net.minecraftforge.fml.javafmlmod.AutomaticEventSubscriber/LOADING]: Auto-subscribing net.mcreator.luminousworld.procedures.ViperToothDropProcedure to FORGE
[26Jul2026 05:21:48.015] [modloading-worker-0/DEBUG] [net.minecraftforge.fml.javafmlmod.AutomaticEventSubscriber/LOADING]: Auto-subscribing net.mcreator.luminousworld.procedures.ViperBlindProcedure to FORGE
[26Jul2026 05:21:48.018] [modloading-worker-0/DEBUG] [net.minecraftforge.fml.javafmlmod.AutomaticEventSubscriber/LOADING]: Auto-subscribing net.mcreator.luminousworld.procedures.TreeEntAttacksProcedure to FORGE
[26Jul2026 05:21:48.019] [modloading-worker-0/DEBUG] [net.minecraftforge.fml.javafmlmod.AutomaticEventSubscriber/LOADING]: Auto-subscribing net.mcreator.luminousworld.procedures.StripWhiteWoodProcedure to FORGE
[26Jul2026 05:21:48.021] [modloading-worker-0/DEBUG] [net.minecraftforge.fml.javafmlmod.AutomaticEventSubscriber/LOADING]: Auto-subscribing net.mcreator.luminousworld.procedures.StripWhiteLogProcedure to FORGE
[26Jul2026 05:21:48.022] [modloading-worker-0/DEBUG] [net.minecraftforge.fml.javafmlmod.AutomaticEventSubscriber/LOADING]: Auto-subscribing net.mcreator.luminousworld.procedures.StripPalmWoodProcedure to FORGE
[26Jul2026 05:21:48.025] [modloading-worker-0/DEBUG] [net.minecraftforge.fml.javafmlmod.AutomaticEventSubscriber/LOADING]: Auto-subscribing net.mcreator.luminousworld.procedures.StripPalmLogProcedure to FORGE
[26Jul2026 05:21:48.026] [modloading-worker-0/DEBUG] [net.minecraftforge.fml.javafmlmod.AutomaticEventSubscriber/LOADING]: Auto-subscribing net.mcreator.luminousworld.procedures.StripBirchWoodProcedure to FORGE
[26Jul2026 05:21:48.027] [modloading-worker-0/DEBUG] [net.minecraftforge.fml.javafmlmod.AutomaticEventSubscriber/LOADING]: Auto-subscribing net.mcreator.luminousworld.procedures.StripBirchLogProcedure to FORGE
[26Jul2026 05:21:48.029] [modloading-worker-0/DEBUG] [net.minecraftforge.fml.javafmlmod.AutomaticEventSubscriber/LOADING]: Auto-subscribing net.mcreator.luminousworld.procedures.StripBaoBabWoodProcedure to FORGE
[26Jul2026 05:21:48.030] [modloading-worker-0/DEBUG] [net.minecraftforge.fml.javafmlmod.AutomaticEventSubscriber/LOADING]: Auto-subscribing net.mcreator.luminousworld.procedures.StripBaoBabLogProcedure to FORGE
[26Jul2026 05:21:48.033] [modloading-worker-0/DEBUG] [net.minecraftforge.fml.javafmlmod.AutomaticEventSubscriber/LOADING]: Auto-subscribing net.mcreator.luminousworld.procedures.StripAuburnWoodProcedure to FORGE
[26Jul2026 05:21:48.034] [modloading-worker-0/DEBUG] [net.minecraftforge.fml.javafmlmod.AutomaticEventSubscriber/LOADING]: Auto-subscribing net.mcreator.luminousworld.procedures.StripAuburnLogProcedure to FORGE
[26Jul2026 05:21:48.037] [modloading-worker-0/DEBUG] [net.minecraftforge.fml.javafmlmod.AutomaticEventSubscriber/LOADING]: Auto-subscribing net.mcreator.luminousworld.procedures.SoilGlobalProcedure to FORGE
[26Jul2026 05:21:48.038] [modloading-worker-0/DEBUG] [net.minecraftforge.fml.javafmlmod.AutomaticEventSubscriber/LOADING]: Auto-subscribing net.mcreator.luminousworld.procedures.ShellDropProcedure to FORGE
[26Jul2026 05:21:48.039] [modloading-worker-0/DEBUG] [net.minecraftforge.fml.javafmlmod.AutomaticEventSubscriber/LOADING]: Auto-subscribing net.mcreator.luminousworld.procedures.SavannaGrassGlobalProcedure to FORGE
[26Jul2026 05:21:48.041] [modloading-worker-0/DEBUG] [net.minecraftforge.fml.javafmlmod.AutomaticEventSubscriber/LOADING]: Auto-subscribing net.mcreator.luminousworld.procedures.RootDropProcedure to FORGE
[26Jul2026 05:21:48.042] [modloading-worker-0/DEBUG] [net.minecraftforge.fml.javafmlmod.AutomaticEventSubscriber/LOADING]: Auto-subscribing net.mcreator.luminousworld.procedures.ReplaceSavannahZombiesProcedure to FORGE
[26Jul2026 05:21:48.045] [modloading-worker-0/DEBUG] [net.minecraftforge.fml.javafmlmod.AutomaticEventSubscriber/LOADING]: Auto-subscribing net.mcreator.luminousworld.procedures.ReplaceSavannahSkeletonsProcedure to FORGE
[26Jul2026 05:21:48.046] [modloading-worker-0/DEBUG] [net.minecraftforge.fml.javafmlmod.AutomaticEventSubscriber/LOADING]: Auto-subscribing net.mcreator.luminousworld.procedures.RedMummyInvulnerableProcedure to FORGE
[26Jul2026 05:21:48.046] [modloading-worker-0/DEBUG] [net.minecraftforge.fml.javafmlmod.AutomaticEventSubscriber/LOADING]: Auto-subscribing net.mcreator.luminousworld.procedures.RedMummyAttacksProcedure to FORGE
[26Jul2026 05:21:48.049] [modloading-worker-0/DEBUG] [net.minecraftforge.fml.javafmlmod.AutomaticEventSubscriber/LOADING]: Auto-subscribing net.mcreator.luminousworld.procedures.RattleDropProcedure to FORGE
[26Jul2026 05:21:48.050] [modloading-worker-0/DEBUG] [net.minecraftforge.fml.javafmlmod.AutomaticEventSubscriber/LOADING]: Auto-subscribing net.mcreator.luminousworld.procedures.RareviperblindProcedure to FORGE
[26Jul2026 05:21:48.052] [modloading-worker-0/DEBUG] [net.minecraftforge.fml.javafmlmod.AutomaticEventSubscriber/LOADING]: Auto-subscribing net.mcreator.luminousworld.procedures.RareTreeEntAttackProcedure to FORGE
[26Jul2026 05:21:48.053] [modloading-worker-0/DEBUG] [net.minecraftforge.fml.javafmlmod.AutomaticEventSubscriber/LOADING]: Auto-subscribing net.mcreator.luminousworld.procedures.PheonixsaveProcedure to FORGE
[26Jul2026 05:21:48.056] [modloading-worker-0/DEBUG] [net.minecraftforge.fml.javafmlmod.AutomaticEventSubscriber/LOADING]: Auto-subscribing net.mcreator.luminousworld.procedures.PendantDropProcedure to FORGE
[26Jul2026 05:21:48.057] [modloading-worker-0/DEBUG] [net.minecraftforge.fml.javafmlmod.AutomaticEventSubscriber/LOADING]: Auto-subscribing net.mcreator.luminousworld.procedures.MummyPlayerCollidesWithThisEntityProcedure to FORGE
[26Jul2026 05:21:48.058] [modloading-worker-0/DEBUG] [net.minecraftforge.fml.javafmlmod.AutomaticEventSubscriber/LOADING]: Auto-subscribing net.mcreator.luminousworld.procedures.MummyInvulnerableProcedure to FORGE
[26Jul2026 05:21:48.060] [modloading-worker-0/DEBUG] [net.minecraftforge.fml.javafmlmod.AutomaticEventSubscriber/LOADING]: Auto-subscribing net.mcreator.luminousworld.procedures.MummyAttacksProcedure to FORGE
[26Jul2026 05:21:48.061] [modloading-worker-0/DEBUG] [net.minecraftforge.fml.javafmlmod.AutomaticEventSubscriber/LOADING]: Auto-subscribing net.mcreator.luminousworld.procedures.KingCrabInvulnerableProcedure to FORGE
[26Jul2026 05:21:48.063] [modloading-worker-0/DEBUG] [net.minecraftforge.fml.javafmlmod.AutomaticEventSubscriber/LOADING]: Auto-subscribing net.mcreator.luminousworld.procedures.JunglePendantResistanceProcedure to FORGE
[26Jul2026 05:21:48.064] [modloading-worker-0/DEBUG] [net.minecraftforge.fml.javafmlmod.AutomaticEventSubscriber/LOADING]: Auto-subscribing net.mcreator.luminousworld.procedures.IsLuminousTagLoadedProcedure to FORGE
[26Jul2026 05:21:48.067] [modloading-worker-0/DEBUG] [net.minecraftforge.fml.javafmlmod.AutomaticEventSubscriber/LOADING]: Auto-subscribing net.mcreator.luminousworld.procedures.HeadwrapsHelmetTickEventProcedure to FORGE
[26Jul2026 05:21:48.068] [modloading-worker-0/DEBUG] [net.minecraftforge.fml.javafmlmod.AutomaticEventSubscriber/LOADING]: Auto-subscribing net.mcreator.luminousworld.procedures.GoldenHermitInvulnerbaleProcedure to FORGE
[26Jul2026 05:21:48.069] [modloading-worker-0/DEBUG] [net.minecraftforge.fml.javafmlmod.AutomaticEventSubscriber/LOADING]: Auto-subscribing net.mcreator.luminousworld.procedures.GildedAttacksProcedure to FORGE
[26Jul2026 05:21:48.071] [modloading-worker-0/DEBUG] [net.minecraftforge.fml.javafmlmod.AutomaticEventSubscriber/LOADING]: Auto-subscribing net.mcreator.luminousworld.procedures.GatorToothItemInInventoryTickProcedure to FORGE
[26Jul2026 05:21:48.072] [modloading-worker-0/DEBUG] [net.minecraftforge.fml.javafmlmod.AutomaticEventSubscriber/LOADING]: Auto-subscribing net.mcreator.luminousworld.procedures.GatorToothDropProcedure to FORGE
[26Jul2026 05:21:48.075] [modloading-worker-0/DEBUG] [net.minecraftforge.fml.javafmlmod.AutomaticEventSubscriber/LOADING]: Auto-subscribing net.mcreator.luminousworld.procedures.GatorAttacks1Procedure to FORGE
[26Jul2026 05:21:48.078] [modloading-worker-0/DEBUG] [net.minecraftforge.fml.javafmlmod.AutomaticEventSubscriber/LOADING]: Auto-subscribing net.mcreator.luminousworld.procedures.FrigidHornDropProcedure to FORGE
[26Jul2026 05:21:48.078] [modloading-worker-0/DEBUG] [net.minecraftforge.fml.javafmlmod.AutomaticEventSubscriber/LOADING]: Auto-subscribing net.mcreator.luminousworld.procedures.FrigidGatorAttacksProcedure to FORGE
[26Jul2026 05:21:48.079] [modloading-worker-0/DEBUG] [net.minecraftforge.fml.javafmlmod.AutomaticEventSubscriber/LOADING]: Auto-subscribing net.mcreator.luminousworld.procedures.FishingAdvancementProcedure to FORGE
[26Jul2026 05:21:48.082] [modloading-worker-0/DEBUG] [net.minecraftforge.fml.javafmlmod.AutomaticEventSubscriber/LOADING]: Auto-subscribing net.mcreator.luminousworld.procedures.FeatherDropProcedure to FORGE
[26Jul2026 05:21:48.083] [modloading-worker-0/DEBUG] [net.minecraftforge.fml.javafmlmod.AutomaticEventSubscriber/LOADING]: Auto-subscribing net.mcreator.luminousworld.procedures.EnchantedrootslownessProcedure to FORGE
[26Jul2026 05:21:48.085] [modloading-worker-0/DEBUG] [net.minecraftforge.fml.javafmlmod.AutomaticEventSubscriber/LOADING]: Auto-subscribing net.mcreator.luminousworld.procedures.CrabattacksProcedure to FORGE
[26Jul2026 05:21:48.086] [modloading-worker-0/DEBUG] [net.minecraftforge.fml.javafmlmod.AutomaticEventSubscriber/LOADING]: Auto-subscribing net.mcreator.luminousworld.procedures.BounceProcedureProcedure to FORGE
[26Jul2026 05:21:48.089] [modloading-worker-0/DEBUG] [net.minecraftforge.fml.javafmlmod.AutomaticEventSubscriber/LOADING]: Auto-subscribing net.mcreator.luminousworld.procedures.BoneStalkerAttacksProcedure to FORGE
[26Jul2026 05:21:48.090] [modloading-worker-0/DEBUG] [net.minecraftforge.fml.javafmlmod.AutomaticEventSubscriber/LOADING]: Auto-subscribing net.mcreator.luminousworld.procedures.BoneRattleProcedureProcedure to FORGE
[26Jul2026 05:21:48.093] [modloading-worker-0/DEBUG] [net.minecraftforge.fml.javafmlmod.AutomaticEventSubscriber/LOADING]: Auto-subscribing net.mcreator.luminousworld.procedures.BoggedBSAttacksProcedure to FORGE
[26Jul2026 05:21:48.094] [modloading-worker-0/DEBUG] [net.minecraftforge.fml.javafmlmod.AutomaticEventSubscriber/LOADING]: Auto-subscribing net.mcreator.luminousworld.procedures.BlueBerryGlobalProcedure to FORGE
[26Jul2026 05:21:48.097] [modloading-worker-0/DEBUG] [net.minecraftforge.fml.javafmlmod.AutomaticEventSubscriber/LOADING]: Auto-subscribing net.mcreator.luminousworld.procedures.BlackBerryGlobalProcedure to FORGE
[26Jul2026 05:21:48.098] [modloading-worker-0/DEBUG] [net.minecraftforge.fml.javafmlmod.AutomaticEventSubscriber/LOADING]: Auto-subscribing net.mcreator.luminousworld.procedures.BeastSlayerProcedureProcedure to FORGE
[26Jul2026 05:21:48.108] [modloading-worker-0/DEBUG] [net.minecraftforge.fml.javafmlmod.AutomaticEventSubscriber/LOADING]: Auto-subscribing net.mcreator.luminousworld.procedures.BeastSlayerDoneProcedure to FORGE
[26Jul2026 05:21:48.110] [modloading-worker-0/DEBUG] [net.minecraftforge.fml.javafmlmod.AutomaticEventSubscriber/LOADING]: Auto-subscribing net.mcreator.luminousworld.procedures.AridYetiAttacksProcedure to FORGE
[26Jul2026 05:21:48.112] [modloading-worker-0/DEBUG] [net.minecraftforge.fml.javafmlmod.AutomaticEventSubscriber/LOADING]: Auto-subscribing net.mcreator.luminousworld.network.LuminousworldModVariables to MOD
[26Jul2026 05:21:48.123] [modloading-worker-0/DEBUG] [net.minecraftforge.fml.javafmlmod.AutomaticEventSubscriber/LOADING]: Auto-subscribing net.mcreator.luminousworld.network.LuminousworldModVariables$PlayerVariablesProvider to FORGE
[26Jul2026 05:21:48.127] [modloading-worker-0/DEBUG] [net.minecraftforge.fml.javafmlmod.AutomaticEventSubscriber/LOADING]: Auto-subscribing net.mcreator.luminousworld.network.LuminousworldModVariables$EventBusVariableHandlers to FORGE
[26Jul2026 05:21:48.140] [modloading-worker-0/DEBUG] [net.minecraftforge.fml.javafmlmod.AutomaticEventSubscriber/LOADING]: Auto-subscribing net.mcreator.luminousworld.network.BeastBook9ButtonMessage to MOD
[26Jul2026 05:21:48.145] [modloading-worker-0/DEBUG] [net.minecraftforge.fml.javafmlmod.AutomaticEventSubscriber/LOADING]: Auto-subscribing net.mcreator.luminousworld.network.BeastBook8ButtonMessage to MOD
[26Jul2026 05:21:48.149] [modloading-worker-0/DEBUG] [net.minecraftforge.fml.javafmlmod.AutomaticEventSubscriber/LOADING]: Auto-subscribing net.mcreator.luminousworld.network.BeastBook7ButtonMessage to MOD
[26Jul2026 05:21:48.151] [modloading-worker-0/DEBUG] [net.minecraftforge.fml.javafmlmod.AutomaticEventSubscriber/LOADING]: Auto-subscribing net.mcreator.luminousworld.network.BeastBook6ButtonMessage to MOD
[26Jul2026 05:21:48.156] [modloading-worker-0/DEBUG] [net.minecraftforge.fml.javafmlmod.AutomaticEventSubscriber/LOADING]: Auto-subscribing net.mcreator.luminousworld.network.BeastBook5ButtonMessage to MOD
[26Jul2026 05:21:48.157] [modloading-worker-0/DEBUG] [net.minecraftforge.fml.javafmlmod.AutomaticEventSubscriber/LOADING]: Auto-subscribing net.mcreator.luminousworld.network.BeastBook4ButtonMessage to MOD
[26Jul2026 05:21:48.159] [modloading-worker-0/DEBUG] [net.minecraftforge.fml.javafmlmod.AutomaticEventSubscriber/LOADING]: Auto-subscribing net.mcreator.luminousworld.network.BeastBook3ButtonMessage to MOD
[26Jul2026 05:21:48.160] [modloading-worker-0/DEBUG] [net.minecraftforge.fml.javafmlmod.AutomaticEventSubscriber/LOADING]: Auto-subscribing net.mcreator.luminousworld.network.BeastBook2ButtonMessage to MOD
[26Jul2026 05:21:48.163] [modloading-worker-0/DEBUG] [net.minecraftforge.fml.javafmlmod.AutomaticEventSubscriber/LOADING]: Auto-subscribing net.mcreator.luminousworld.network.BeastBook1ButtonMessage to MOD
[26Jul2026 05:21:48.164] [modloading-worker-0/DEBUG] [net.minecraftforge.fml.javafmlmod.AutomaticEventSubscriber/LOADING]: Auto-subscribing net.mcreator.luminousworld.network.BeastBook18ButtonMessage to MOD
[26Jul2026 05:21:48.165] [modloading-worker-0/DEBUG] [net.minecraftforge.fml.javafmlmod.AutomaticEventSubscriber/LOADING]: Auto-subscribing net.mcreator.luminousworld.network.BeastBook17ButtonMessage to MOD
[26Jul2026 05:21:48.168] [modloading-worker-0/DEBUG] [net.minecraftforge.fml.javafmlmod.AutomaticEventSubscriber/LOADING]: Auto-subscribing net.mcreator.luminousworld.network.BeastBook16ButtonMessage to MOD
[26Jul2026 05:21:48.169] [modloading-worker-0/DEBUG] [net.minecraftforge.fml.javafmlmod.AutomaticEventSubscriber/LOADING]: Auto-subscribing net.mcreator.luminousworld.network.BeastBook15ButtonMessage to MOD
[26Jul2026 05:21:48.171] [modloading-worker-0/DEBUG] [net.minecraftforge.fml.javafmlmod.AutomaticEventSubscriber/LOADING]: Auto-subscribing net.mcreator.luminousworld.network.BeastBook14ButtonMessage to MOD
[26Jul2026 05:21:48.172] [modloading-worker-0/DEBUG] [net.minecraftforge.fml.javafmlmod.AutomaticEventSubscriber/LOADING]: Auto-subscribing net.mcreator.luminousworld.network.BeastBook13ButtonMessage to MOD
[26Jul2026 05:21:48.175] [modloading-worker-0/DEBUG] [net.minecraftforge.fml.javafmlmod.AutomaticEventSubscriber/LOADING]: Auto-subscribing net.mcreator.luminousworld.network.BeastBook12ButtonMessage to MOD
[26Jul2026 05:21:48.179] [modloading-worker-0/DEBUG] [net.minecraftforge.fml.javafmlmod.AutomaticEventSubscriber/LOADING]: Auto-subscribing net.mcreator.luminousworld.network.BeastBook11ButtonMessage to MOD
[26Jul2026 05:21:48.181] [modloading-worker-0/DEBUG] [net.minecraftforge.fml.javafmlmod.AutomaticEventSubscriber/LOADING]: Auto-subscribing net.mcreator.luminousworld.network.BeastBook10ButtonMessage to MOD
[26Jul2026 05:21:48.182] [modloading-worker-0/DEBUG] [net.minecraftforge.fml.javafmlmod.AutomaticEventSubscriber/LOADING]: Auto-subscribing net.mcreator.luminousworld.network.BFEpage2ButtonMessage to MOD
[26Jul2026 05:21:48.186] [modloading-worker-0/DEBUG] [net.minecraftforge.fml.javafmlmod.AutomaticEventSubscriber/LOADING]: Auto-subscribing net.mcreator.luminousworld.network.BFEpage1ButtonMessage to MOD
[26Jul2026 05:21:48.186] [modloading-worker-0/DEBUG] [net.minecraftforge.fml.javafmlmod.AutomaticEventSubscriber/LOADING]: Auto-subscribing net.mcreator.luminousworld.network.BFEPage9ButtonMessage to MOD
[26Jul2026 05:21:48.187] [modloading-worker-0/DEBUG] [net.minecraftforge.fml.javafmlmod.AutomaticEventSubscriber/LOADING]: Auto-subscribing net.mcreator.luminousworld.network.BFEPage8ButtonMessage to MOD
[26Jul2026 05:21:48.190] [modloading-worker-0/DEBUG] [net.minecraftforge.fml.javafmlmod.AutomaticEventSubscriber/LOADING]: Auto-subscribing net.mcreator.luminousworld.network.BFEPage7ButtonMessage to MOD
[26Jul2026 05:21:48.191] [modloading-worker-0/DEBUG] [net.minecraftforge.fml.javafmlmod.AutomaticEventSubscriber/LOADING]: Auto-subscribing net.mcreator.luminousworld.network.BFEPage6ButtonMessage to MOD
[26Jul2026 05:21:48.192] [modloading-worker-0/DEBUG] [net.minecraftforge.fml.javafmlmod.AutomaticEventSubscriber/LOADING]: Auto-subscribing net.mcreator.luminousworld.network.BFEPage5ButtonMessage to MOD
[26Jul2026 05:21:48.194] [modloading-worker-0/DEBUG] [net.minecraftforge.fml.javafmlmod.AutomaticEventSubscriber/LOADING]: Auto-subscribing net.mcreator.luminousworld.network.BFEPage4ButtonMessage to MOD
[26Jul2026 05:21:48.195] [modloading-worker-0/DEBUG] [net.minecraftforge.fml.javafmlmod.AutomaticEventSubscriber/LOADING]: Auto-subscribing net.mcreator.luminousworld.network.BFEPage3ButtonMessage to MOD
[26Jul2026 05:21:48.197] [modloading-worker-0/DEBUG] [net.minecraftforge.fml.javafmlmod.AutomaticEventSubscriber/LOADING]: Auto-subscribing net.mcreator.luminousworld.network.BFEPage12ButtonMessage to MOD
[26Jul2026 05:21:48.198] [modloading-worker-0/DEBUG] [net.minecraftforge.fml.javafmlmod.AutomaticEventSubscriber/LOADING]: Auto-subscribing net.mcreator.luminousworld.network.BFEPage11ButtonMessage to MOD
[26Jul2026 05:21:48.201] [modloading-worker-0/DEBUG] [net.minecraftforge.fml.javafmlmod.AutomaticEventSubscriber/LOADING]: Auto-subscribing net.mcreator.luminousworld.network.BFEPage10ButtonMessage to MOD
[26Jul2026 05:21:48.202] [modloading-worker-0/DEBUG] [net.minecraftforge.fml.javafmlmod.AutomaticEventSubscriber/LOADING]: Auto-subscribing net.mcreator.luminousworld.init.LuminousworldModTrades to FORGE
[26Jul2026 05:21:48.205] [modloading-worker-0/DEBUG] [net.minecraftforge.fml.javafmlmod.AutomaticEventSubscriber/LOADING]: Auto-subscribing net.mcreator.luminousworld.init.LuminousworldModLootModifier to MOD
[26Jul2026 05:21:48.206] [modloading-worker-0/DEBUG] [net.minecraftforge.fml.javafmlmod.AutomaticEventSubscriber/LOADING]: Auto-subscribing net.mcreator.luminousworld.init.LuminousworldModGameRules to MOD
[26Jul2026 05:21:48.225] [modloading-worker-0/DEBUG] [net.minecraftforge.fml.javafmlmod.AutomaticEventSubscriber/LOADING]: Auto-subscribing net.mcreator.luminousworld.init.LuminousworldModFeatures to FORGE
[26Jul2026 05:21:48.227] [modloading-worker-0/DEBUG] [net.minecraftforge.fml.javafmlmod.AutomaticEventSubscriber/LOADING]: Auto-subscribing net.mcreator.luminousworld.init.LuminousworldModEntities to MOD
[26Jul2026 05:21:48.227] [modloading-worker-0/DEBUG] [net.minecraftforge.fml.javafmlmod.AutomaticEventSubscriber/LOADING]: Auto-subscribing net.mcreator.luminousworld.init.LuminousworldModConfigs to MOD
[26Jul2026 05:21:48.230] [modloading-worker-0/DEBUG] [net.minecraftforge.fml.javafmlmod.AutomaticEventSubscriber/LOADING]: Auto-subscribing net.mcreator.luminousworld.init.LuminousworldModCompostableItems to MOD
[26Jul2026 05:21:48.231] [modloading-worker-0/DEBUG] [net.minecraftforge.fml.javafmlmod.AutomaticEventSubscriber/LOADING]: Auto-subscribing net.mcreator.luminousworld.init.EntityAnimationFactory to FORGE
[26Jul2026 05:21:48.232] [modloading-worker-0/DEBUG] [net.minecraftforge.fml.javafmlmod.AutomaticEventSubscriber/LOADING]: Auto-subscribing net.mcreator.luminousworld.block.listener.ClientListener to MOD
[26Jul2026 05:21:48.257] [modloading-worker-0/DEBUG] [net.minecraftforge.fml.config.ConfigTracker/CONFIG]: Config file tact-common.toml for tact tracking
[26Jul2026 05:21:48.259] [modloading-worker-0/DEBUG] [net.minecraftforge.fml.javafmlmod.AutomaticEventSubscriber/LOADING]: Attempting to inject @EventBusSubscriber classes into the eventbus for tact
[26Jul2026 05:21:48.259] [modloading-worker-0/DEBUG] [mixin/]: Mixing MixinTerrablenderConfig from cristellib-common.mixins.json into terrablender.config.TerraBlenderConfig
[26Jul2026 05:21:48.279] [modloading-worker-0/DEBUG] [net.minecraftforge.fml.javafmlmod.AutomaticEventSubscriber/LOADING]: Attempting to inject @EventBusSubscriber classes into the eventbus for terrablender
[26Jul2026 05:21:48.282] [modloading-worker-0/DEBUG] [net.minecraftforge.fml.javafmlmod.AutomaticEventSubscriber/LOADING]: Auto-subscribing terrablender.handler.InitializationHandler to FORGE
[26Jul2026 05:21:48.313] [modloading-worker-0/DEBUG] [net.minecraftforge.fml.config.ConfigTracker/CONFIG]: Config file moonlight-common.toml for moonlight tracking
[26Jul2026 05:21:48.330] [modloading-worker-0/DEBUG] [mixin/]: Mixing MixinPreServerLoad from cold_sweat.mixin.json into net.minecraftforge.server.ServerLifecycleHooks
[26Jul2026 05:21:48.374] [modloading-worker-0/DEBUG] [net.minecraftforge.fml.javafmlmod.AutomaticEventSubscriber/LOADING]: Attempting to inject @EventBusSubscriber classes into the eventbus for alexscaves
[26Jul2026 05:21:48.376] [modloading-worker-0/DEBUG] [net.minecraftforge.fml.javafmlmod.AutomaticEventSubscriber/LOADING]: Auto-subscribing com.github.alexmodguy.alexscaves.server.entity.ACEntityRegistry to MOD
[26Jul2026 05:21:48.466] [modloading-worker-0/DEBUG] [mixin/]: Mixing common.CustomGeoArmorItemMixin from endermanoverhaul.mixins.json into tech.alexnijjar.endermanoverhaul.common.items.base.CustomGeoArmorItem
[26Jul2026 05:21:48.475] [modloading-worker-0/DEBUG] [mixin/]: Mixing common.CorruptedShieldItemMixin from endermanoverhaul.mixins.json into tech.alexnijjar.endermanoverhaul.common.items.tools.CorruptedShieldItem
[26Jul2026 05:21:48.509] [modloading-worker-0/DEBUG] [net.minecraftforge.fml.javafmlmod.AutomaticEventSubscriber/LOADING]: Attempting to inject @EventBusSubscriber classes into the eventbus for endermanoverhaul
[26Jul2026 05:21:48.511] [modloading-worker-0/DEBUG] [net.minecraftforge.fml.javafmlmod.AutomaticEventSubscriber/LOADING]: Attempting to inject @EventBusSubscriber classes into the eventbus for moonlight
[26Jul2026 05:21:48.573] [modloading-worker-0/DEBUG] [net.minecraftforge.fml.javafmlmod.AutomaticEventSubscriber/LOADING]: Attempting to inject @EventBusSubscriber classes into the eventbus for musicbox
[26Jul2026 05:21:48.635] [modloading-worker-0/INFO] [dev.architectury.networking.forge.NetworkManagerImpl/]: Registering C2S receiver with id ftbquests:submit_task
[26Jul2026 05:21:48.639] [modloading-worker-0/INFO] [dev.architectury.networking.forge.NetworkManagerImpl/]: Registering C2S receiver with id ftbquests:claim_reward
[26Jul2026 05:21:48.647] [modloading-worker-0/INFO] [dev.architectury.networking.forge.NetworkManagerImpl/]: Registering C2S receiver with id ftbquests:get_emergency_items
[26Jul2026 05:21:48.649] [modloading-worker-0/INFO] [dev.architectury.networking.forge.NetworkManagerImpl/]: Registering C2S receiver with id ftbquests:claim_all_rewards
[26Jul2026 05:21:48.651] [modloading-worker-0/INFO] [dev.architectury.networking.forge.NetworkManagerImpl/]: Registering C2S receiver with id ftbquests:claim_choice_reward
[26Jul2026 05:21:48.655] [modloading-worker-0/INFO] [dev.architectury.networking.forge.NetworkManagerImpl/]: Registering C2S receiver with id ftbquests:toggle_pinned
[26Jul2026 05:21:48.661] [modloading-worker-0/INFO] [dev.architectury.networking.forge.NetworkManagerImpl/]: Registering C2S receiver with id ftbquests:toggle_chapter_pinned
[26Jul2026 05:21:48.664] [modloading-worker-0/INFO] [dev.architectury.networking.forge.NetworkManagerImpl/]: Registering C2S receiver with id ftbquests:toggle_editing_mode
[26Jul2026 05:21:48.665] [modloading-worker-0/INFO] [dev.architectury.networking.forge.NetworkManagerImpl/]: Registering C2S receiver with id ftbquests:force_save
[26Jul2026 05:21:48.669] [modloading-worker-0/INFO] [dev.architectury.networking.forge.NetworkManagerImpl/]: Registering C2S receiver with id ftbquests:set_custom_image
[26Jul2026 05:21:48.681] [modloading-worker-0/INFO] [dev.architectury.networking.forge.NetworkManagerImpl/]: Registering C2S receiver with id ftbquests:task_screen_config_resp
[26Jul2026 05:21:48.685] [modloading-worker-0/INFO] [dev.architectury.networking.forge.NetworkManagerImpl/]: Registering C2S receiver with id ftbquests:change_progress
[26Jul2026 05:21:48.688] [modloading-worker-0/INFO] [dev.architectury.networking.forge.NetworkManagerImpl/]: Registering C2S receiver with id ftbquests:create_object
[26Jul2026 05:21:48.693] [modloading-worker-0/INFO] [dev.architectury.networking.forge.NetworkManagerImpl/]: Registering C2S receiver with id ftbquests:create_task_at
[26Jul2026 05:21:48.694] [modloading-worker-0/INFO] [dev.architectury.networking.forge.NetworkManagerImpl/]: Registering C2S receiver with id ftbquests:delete_object
[26Jul2026 05:21:48.697] [modloading-worker-0/INFO] [dev.architectury.networking.forge.NetworkManagerImpl/]: Registering C2S receiver with id ftbquests:edit_object
[26Jul2026 05:21:48.698] [modloading-worker-0/INFO] [dev.architectury.networking.forge.NetworkManagerImpl/]: Registering C2S receiver with id ftbquests:move_chapter
[26Jul2026 05:21:48.701] [modloading-worker-0/INFO] [dev.architectury.networking.forge.NetworkManagerImpl/]: Registering C2S receiver with id ftbquests:move_quest
[26Jul2026 05:21:48.705] [modloading-worker-0/INFO] [dev.architectury.networking.forge.NetworkManagerImpl/]: Registering C2S receiver with id ftbquests:change_chapter_group
[26Jul2026 05:21:48.708] [modloading-worker-0/INFO] [dev.architectury.networking.forge.NetworkManagerImpl/]: Registering C2S receiver with id ftbquests:move_chapter_group
[26Jul2026 05:21:48.710] [modloading-worker-0/INFO] [dev.architectury.networking.forge.NetworkManagerImpl/]: Registering C2S receiver with id ftbquests:copy_quest
[26Jul2026 05:21:48.718] [modloading-worker-0/INFO] [dev.architectury.networking.forge.NetworkManagerImpl/]: Registering C2S receiver with id ftbquests:copy_chapter_image
[26Jul2026 05:21:48.720] [modloading-worker-0/INFO] [dev.architectury.networking.forge.NetworkManagerImpl/]: Registering C2S receiver with id ftbquests:sync_structures_request
[26Jul2026 05:21:48.721] [modloading-worker-0/INFO] [dev.architectury.networking.forge.NetworkManagerImpl/]: Registering C2S receiver with id ftbquests:request_team_data
[26Jul2026 05:21:48.836] [modloading-worker-0/DEBUG] [net.minecraftforge.fml.javafmlmod.AutomaticEventSubscriber/LOADING]: Attempting to inject @EventBusSubscriber classes into the eventbus for ftbquests
[26Jul2026 05:21:48.934] [modloading-worker-0/DEBUG] [net.minecraftforge.fml.javafmlmod.AutomaticEventSubscriber/LOADING]: Attempting to inject @EventBusSubscriber classes into the eventbus for fdlib
[26Jul2026 05:21:48.937] [modloading-worker-0/DEBUG] [net.minecraftforge.fml.javafmlmod.AutomaticEventSubscriber/LOADING]: Auto-subscribing com.finderfeed.fdlib.systems.music.music_areas.FDMusicAreasHandler to FORGE
[26Jul2026 05:21:48.939] [modloading-worker-0/DEBUG] [net.minecraftforge.fml.javafmlmod.AutomaticEventSubscriber/LOADING]: Auto-subscribing com.finderfeed.fdlib.systems.FDRegistries to MOD
[26Jul2026 05:21:48.941] [modloading-worker-0/DEBUG] [net.minecraftforge.fml.javafmlmod.AutomaticEventSubscriber/LOADING]: Auto-subscribing com.finderfeed.fdlib.init.FDModEvents to MOD
[26Jul2026 05:21:48.942] [modloading-worker-0/DEBUG] [net.minecraftforge.fml.javafmlmod.AutomaticEventSubscriber/LOADING]: Auto-subscribing com.finderfeed.fdlib.init.FDGameEvents to FORGE
[26Jul2026 05:21:48.945] [modloading-worker-0/DEBUG] [net.minecraftforge.fml.javafmlmod.AutomaticEventSubscriber/LOADING]: Auto-subscribing com.finderfeed.fdlib.init.FDEntities$Attributes to MOD
[26Jul2026 05:21:48.946] [modloading-worker-0/DEBUG] [net.minecraftforge.fml.javafmlmod.AutomaticEventSubscriber/LOADING]: Auto-subscribing com.finderfeed.fdlib.commands.FDCommandsRegistry to FORGE
[26Jul2026 05:21:49.070] [modloading-worker-0/DEBUG] [creativecore/]: Created network creativecore:main
[26Jul2026 05:21:49.081] [modloading-worker-0/DEBUG] [net.minecraftforge.fml.javafmlmod.AutomaticEventSubscriber/LOADING]: Attempting to inject @EventBusSubscriber classes into the eventbus for creativecore
[26Jul2026 05:21:49.120] [modloading-worker-0/DEBUG] [com.blackgear.platform.core.util.config.ConfigTracker/]: Loading configs type COMMON
[26Jul2026 05:21:49.154] [modloading-worker-0/DEBUG] [net.minecraftforge.fml.javafmlmod.AutomaticEventSubscriber/LOADING]: Attempting to inject @EventBusSubscriber classes into the eventbus for platform
[26Jul2026 05:21:49.157] [modloading-worker-0/DEBUG] [net.minecraftforge.fml.javafmlmod.AutomaticEventSubscriber/LOADING]: Auto-subscribing com.blackgear.platform.forge.ForgeCommonEvents to FORGE
[26Jul2026 05:21:49.165] [modloading-worker-0/DEBUG] [net.minecraftforge.fml.javafmlmod.AutomaticEventSubscriber/LOADING]: Auto-subscribing com.blackgear.platform.core.events.forge.ServerLifecycle to FORGE
[26Jul2026 05:21:49.166] [modloading-worker-0/DEBUG] [net.minecraftforge.fml.javafmlmod.AutomaticEventSubscriber/LOADING]: Auto-subscribing com.blackgear.platform.common.forge.CreativeTabsImpl to MOD
[26Jul2026 05:21:49.170] [modloading-worker-0/DEBUG] [net.minecraftforge.fml.javafmlmod.AutomaticEventSubscriber/LOADING]: Auto-subscribing com.blackgear.platform.common.data.forge.LootModifierImpl to FORGE
[26Jul2026 05:21:49.262] [modloading-worker-0/DEBUG] [net.minecraftforge.fml.javafmlmod.AutomaticEventSubscriber/LOADING]: Attempting to inject @EventBusSubscriber classes into the eventbus for movingelevators
[26Jul2026 05:21:49.262] [modloading-worker-0/DEBUG] [net.minecraftforge.fml.javafmlmod.AutomaticEventSubscriber/LOADING]: Auto-subscribing com.supermartijn642.movingelevators.elevator.ElevatorGroupCapability to FORGE
[26Jul2026 05:21:49.280] [modloading-worker-0/DEBUG] [net.minecraftforge.fml.javafmlmod.AutomaticEventSubscriber/LOADING]: Auto-subscribing com.supermartijn642.movingelevators.elevator.ElevatorFallDamageHandler to FORGE
[26Jul2026 05:21:49.288] [modloading-worker-0/INFO] [de.markusbordihn.easynpc.bundle.EasyNPCBundleMod/]: Loading Easy NPC Bundle
[26Jul2026 05:21:49.288] [modloading-worker-0/INFO] [de.markusbordihn.easynpc.bundle.EasyNPCBundleMod/]: This bundle includes Easy NPC Core and Easy NPC Config UI
[26Jul2026 05:21:49.288] [modloading-worker-0/DEBUG] [net.minecraftforge.fml.javafmlmod.AutomaticEventSubscriber/LOADING]: Attempting to inject @EventBusSubscriber classes into the eventbus for easy_npc_bundle
[26Jul2026 05:21:49.452] [modloading-worker-0/DEBUG] [net.minecraftforge.fml.javafmlmod.AutomaticEventSubscriber/LOADING]: Attempting to inject @EventBusSubscriber classes into the eventbus for mofus_better_end_
[26Jul2026 05:21:49.454] [modloading-worker-0/DEBUG] [net.minecraftforge.fml.javafmlmod.AutomaticEventSubscriber/LOADING]: Auto-subscribing net.mcreator.mofusbetterend.world.teleporter.BrokenConstellationTeleporter to MOD
[26Jul2026 05:21:49.462] [modloading-worker-0/DEBUG] [net.minecraftforge.fml.javafmlmod.AutomaticEventSubscriber/LOADING]: Auto-subscribing net.mcreator.mofusbetterend.world.inventory.MechCreationStationGUIMenu to FORGE
[26Jul2026 05:21:49.475] [modloading-worker-0/DEBUG] [net.minecraftforge.fml.javafmlmod.AutomaticEventSubscriber/LOADING]: Auto-subscribing net.mcreator.mofusbetterend.world.inventory.CrestguinGUIMenu to FORGE
[26Jul2026 05:21:49.478] [modloading-worker-0/DEBUG] [net.minecraftforge.fml.javafmlmod.AutomaticEventSubscriber/LOADING]: Auto-subscribing net.mcreator.mofusbetterend.world.features.StructureFeature to FORGE
[26Jul2026 05:21:49.478] [modloading-worker-0/DEBUG] [net.minecraftforge.fml.javafmlmod.AutomaticEventSubscriber/LOADING]: Auto-subscribing net.mcreator.mofusbetterend.world.dimension.BrokenConstellationDimension to FORGE
[26Jul2026 05:21:49.480] [modloading-worker-0/DEBUG] [net.minecraftforge.fml.javafmlmod.AutomaticEventSubscriber/LOADING]: Auto-subscribing net.mcreator.mofusbetterend.world.dimension.BrokenConstellationDimension$DimensionSpecialEffectsHandler to MOD
[26Jul2026 05:21:49.484] [modloading-worker-0/DEBUG] [net.minecraftforge.fml.javafmlmod.AutomaticEventSubscriber/LOADING]: Auto-subscribing net.mcreator.mofusbetterend.recipes.brewing.WasppheromoneRecipeBrewingRecipe to MOD
[26Jul2026 05:21:49.485] [modloading-worker-0/DEBUG] [net.minecraftforge.fml.javafmlmod.AutomaticEventSubscriber/LOADING]: Auto-subscribing net.mcreator.mofusbetterend.recipes.brewing.LongAntidoteRecipeBrewingRecipe to MOD
[26Jul2026 05:21:49.491] [modloading-worker-0/DEBUG] [net.minecraftforge.fml.javafmlmod.AutomaticEventSubscriber/LOADING]: Auto-subscribing net.mcreator.mofusbetterend.recipes.brewing.EndMantaPotionRecipeBrewingRecipe to MOD
[26Jul2026 05:21:49.494] [modloading-worker-0/DEBUG] [net.minecraftforge.fml.javafmlmod.AutomaticEventSubscriber/LOADING]: Auto-subscribing net.mcreator.mofusbetterend.recipes.brewing.Antidote1RecipeBrewingRecipe to MOD
[26Jul2026 05:21:49.496] [modloading-worker-0/DEBUG] [net.minecraftforge.fml.javafmlmod.AutomaticEventSubscriber/LOADING]: Auto-subscribing net.mcreator.mofusbetterend.procedures.VoidjellyattackProcedure to FORGE
[26Jul2026 05:21:49.497] [modloading-worker-0/DEBUG] [net.minecraftforge.fml.javafmlmod.AutomaticEventSubscriber/LOADING]: Auto-subscribing net.mcreator.mofusbetterend.procedures.TowerbeforehurtProcedure to FORGE
[26Jul2026 05:21:49.497] [modloading-worker-0/DEBUG] [net.minecraftforge.fml.javafmlmod.AutomaticEventSubscriber/LOADING]: Auto-subscribing net.mcreator.mofusbetterend.procedures.ThecetoustriggerProcedure to FORGE
[26Jul2026 05:21:49.499] [modloading-worker-0/DEBUG] [net.minecraftforge.fml.javafmlmod.AutomaticEventSubscriber/LOADING]: Auto-subscribing net.mcreator.mofusbetterend.procedures.StripwoodprocedureProcedure to FORGE
[26Jul2026 05:21:49.501] [modloading-worker-0/DEBUG] [net.minecraftforge.fml.javafmlmod.AutomaticEventSubscriber/LOADING]: Auto-subscribing net.mcreator.mofusbetterend.procedures.RightclickalleyeguardiansProcedure to FORGE
[26Jul2026 05:21:49.502] [modloading-worker-0/DEBUG] [net.minecraftforge.fml.javafmlmod.AutomaticEventSubscriber/LOADING]: Auto-subscribing net.mcreator.mofusbetterend.procedures.RebornLitchMusicResetProcedure to FORGE
[26Jul2026 05:21:49.503] [modloading-worker-0/DEBUG] [net.minecraftforge.fml.javafmlmod.AutomaticEventSubscriber/LOADING]: Auto-subscribing net.mcreator.mofusbetterend.procedures.RebornLitchMusicProcedure to FORGE
[26Jul2026 05:21:49.505] [modloading-worker-0/DEBUG] [net.minecraftforge.fml.javafmlmod.AutomaticEventSubscriber/LOADING]: Auto-subscribing net.mcreator.mofusbetterend.procedures.RebornLitchMusicPlayProcedure to FORGE
[26Jul2026 05:21:49.506] [modloading-worker-0/DEBUG] [net.minecraftforge.fml.javafmlmod.AutomaticEventSubscriber/LOADING]: Auto-subscribing net.mcreator.mofusbetterend.procedures.RavenousreactionsProcedure to FORGE
[26Jul2026 05:21:49.508] [modloading-worker-0/DEBUG] [net.minecraftforge.fml.javafmlmod.AutomaticEventSubscriber/LOADING]: Auto-subscribing net.mcreator.mofusbetterend.procedures.QueenprojectileblockProcedure to FORGE
[26Jul2026 05:21:49.508] [modloading-worker-0/DEBUG] [net.minecraftforge.fml.javafmlmod.AutomaticEventSubscriber/LOADING]: Auto-subscribing net.mcreator.mofusbetterend.procedures.PlayerjoinProcedure to FORGE
[26Jul2026 05:21:49.510] [modloading-worker-0/DEBUG] [net.minecraftforge.fml.javafmlmod.AutomaticEventSubscriber/LOADING]: Auto-subscribing net.mcreator.mofusbetterend.procedures.PlayerNautilusOverlayProcedure to FORGE
[26Jul2026 05:21:49.511] [modloading-worker-0/DEBUG] [net.minecraftforge.fml.javafmlmod.AutomaticEventSubscriber/LOADING]: Auto-subscribing net.mcreator.mofusbetterend.procedures.PlayerLooksatEndermanProcedure to FORGE
[26Jul2026 05:21:49.512] [modloading-worker-0/DEBUG] [net.minecraftforge.fml.javafmlmod.AutomaticEventSubscriber/LOADING]: Auto-subscribing net.mcreator.mofusbetterend.procedures.PlayerEndSpawnProcedure to FORGE
[26Jul2026 05:21:49.513] [modloading-worker-0/DEBUG] [net.minecraftforge.fml.javafmlmod.AutomaticEventSubscriber/LOADING]: Auto-subscribing net.mcreator.mofusbetterend.procedures.NomouthendermanaggroProcedure to FORGE
[26Jul2026 05:21:49.514] [modloading-worker-0/DEBUG] [net.minecraftforge.fml.javafmlmod.AutomaticEventSubscriber/LOADING]: Auto-subscribing net.mcreator.mofusbetterend.procedures.NestAttackProcedureProcedure to FORGE
[26Jul2026 05:21:49.514] [modloading-worker-0/DEBUG] [net.minecraftforge.fml.javafmlmod.AutomaticEventSubscriber/LOADING]: Auto-subscribing net.mcreator.mofusbetterend.procedures.LitchMusicResetProcedure to FORGE
[26Jul2026 05:21:49.515] [modloading-worker-0/DEBUG] [net.minecraftforge.fml.javafmlmod.AutomaticEventSubscriber/LOADING]: Auto-subscribing net.mcreator.mofusbetterend.procedures.LitchMusicProcedure to FORGE
[26Jul2026 05:21:49.516] [modloading-worker-0/DEBUG] [net.minecraftforge.fml.javafmlmod.AutomaticEventSubscriber/LOADING]: Auto-subscribing net.mcreator.mofusbetterend.procedures.LitchMusicPlayProcedure to FORGE
[26Jul2026 05:21:49.517] [modloading-worker-0/DEBUG] [net.minecraftforge.fml.javafmlmod.AutomaticEventSubscriber/LOADING]: Auto-subscribing net.mcreator.mofusbetterend.procedures.ItemexplosionresistanceProcedure to FORGE
[26Jul2026 05:21:49.518] [modloading-worker-0/DEBUG] [net.minecraftforge.fml.javafmlmod.AutomaticEventSubscriber/LOADING]: Auto-subscribing net.mcreator.mofusbetterend.procedures.ImmortalmobsProcedure to FORGE
[26Jul2026 05:21:49.519] [modloading-worker-0/DEBUG] [net.minecraftforge.fml.javafmlmod.AutomaticEventSubscriber/LOADING]: Auto-subscribing net.mcreator.mofusbetterend.procedures.GuardianPropellerItemInInventoryTickProcedure to FORGE
[26Jul2026 05:21:49.520] [modloading-worker-0/DEBUG] [net.minecraftforge.fml.javafmlmod.AutomaticEventSubscriber/LOADING]: Auto-subscribing net.mcreator.mofusbetterend.procedures.GuardianGolemSpawnProcedureProcedure to FORGE
[26Jul2026 05:21:49.522] [modloading-worker-0/DEBUG] [net.minecraftforge.fml.javafmlmod.AutomaticEventSubscriber/LOADING]: Auto-subscribing net.mcreator.mofusbetterend.procedures.GliderroarProcedure to FORGE
[26Jul2026 05:21:49.523] [modloading-worker-0/DEBUG] [net.minecraftforge.fml.javafmlmod.AutomaticEventSubscriber/LOADING]: Auto-subscribing net.mcreator.mofusbetterend.procedures.GlassjugusageProcedure to FORGE
[26Jul2026 05:21:49.524] [modloading-worker-0/DEBUG] [net.minecraftforge.fml.javafmlmod.AutomaticEventSubscriber/LOADING]: Auto-subscribing net.mcreator.mofusbetterend.procedures.ForgottenengageProcedure to FORGE
[26Jul2026 05:21:49.525] [modloading-worker-0/DEBUG] [net.minecraftforge.fml.javafmlmod.AutomaticEventSubscriber/LOADING]: Auto-subscribing net.mcreator.mofusbetterend.procedures.EyeGuardianBlockingProcedure to FORGE
[26Jul2026 05:21:49.525] [modloading-worker-0/DEBUG] [net.minecraftforge.fml.javafmlmod.AutomaticEventSubscriber/LOADING]: Auto-subscribing net.mcreator.mofusbetterend.procedures.EndermitesAttackedProcedure to FORGE
[26Jul2026 05:21:49.526] [modloading-worker-0/DEBUG] [net.minecraftforge.fml.javafmlmod.AutomaticEventSubscriber/LOADING]: Auto-subscribing net.mcreator.mofusbetterend.procedures.EndermenpagedropProcedure to FORGE
[26Jul2026 05:21:49.527] [modloading-worker-0/DEBUG] [net.minecraftforge.fml.javafmlmod.AutomaticEventSubscriber/LOADING]: Auto-subscribing net.mcreator.mofusbetterend.procedures.CrestguinNestStickCheckProcedure to FORGE
[26Jul2026 05:21:49.528] [modloading-worker-0/DEBUG] [net.minecraftforge.fml.javafmlmod.AutomaticEventSubscriber/LOADING]: Auto-subscribing net.mcreator.mofusbetterend.procedures.CastlemusicresetProcedure to FORGE
[26Jul2026 05:21:49.529] [modloading-worker-0/DEBUG] [net.minecraftforge.fml.javafmlmod.AutomaticEventSubscriber/LOADING]: Auto-subscribing net.mcreator.mofusbetterend.procedures.CastleMusicProcedure to FORGE
[26Jul2026 05:21:49.530] [modloading-worker-0/DEBUG] [net.minecraftforge.fml.javafmlmod.AutomaticEventSubscriber/LOADING]: Auto-subscribing net.mcreator.mofusbetterend.procedures.CastleMusicPlayProcedure to FORGE
[26Jul2026 05:21:49.531] [modloading-worker-0/DEBUG] [net.minecraftforge.fml.javafmlmod.AutomaticEventSubscriber/LOADING]: Auto-subscribing net.mcreator.mofusbetterend.procedures.CalmthefuckdownProcedure to FORGE
[26Jul2026 05:21:49.532] [modloading-worker-0/DEBUG] [net.minecraftforge.fml.javafmlmod.AutomaticEventSubscriber/LOADING]: Auto-subscribing net.mcreator.mofusbetterend.procedures.BugSnatcherBlockIsPlacedByProcedure to FORGE
[26Jul2026 05:21:49.533] [modloading-worker-0/DEBUG] [net.minecraftforge.fml.javafmlmod.AutomaticEventSubscriber/LOADING]: Auto-subscribing net.mcreator.mofusbetterend.procedures.BleedingeffectProcedure to FORGE
[26Jul2026 05:21:49.534] [modloading-worker-0/DEBUG] [net.minecraftforge.fml.javafmlmod.AutomaticEventSubscriber/LOADING]: Auto-subscribing net.mcreator.mofusbetterend.procedures.BlackwaspAttackedProcedure to FORGE
[26Jul2026 05:21:49.535] [modloading-worker-0/DEBUG] [net.minecraftforge.fml.javafmlmod.AutomaticEventSubscriber/LOADING]: Auto-subscribing net.mcreator.mofusbetterend.procedures.AsteroidElytraeffectProcedure to FORGE
[26Jul2026 05:21:49.536] [modloading-worker-0/DEBUG] [net.minecraftforge.fml.javafmlmod.AutomaticEventSubscriber/LOADING]: Auto-subscribing net.mcreator.mofusbetterend.network.SacredTableGuiSlotMessage to MOD
[26Jul2026 05:21:49.537] [modloading-worker-0/DEBUG] [net.minecraftforge.fml.javafmlmod.AutomaticEventSubscriber/LOADING]: Auto-subscribing net.mcreator.mofusbetterend.network.SacredTableGuiButtonMessage to MOD
[26Jul2026 05:21:49.541] [modloading-worker-0/DEBUG] [net.minecraftforge.fml.javafmlmod.AutomaticEventSubscriber/LOADING]: Auto-subscribing net.mcreator.mofusbetterend.network.NautilusUpMessage to MOD
[26Jul2026 05:21:49.542] [modloading-worker-0/DEBUG] [net.minecraftforge.fml.javafmlmod.AutomaticEventSubscriber/LOADING]: Auto-subscribing net.mcreator.mofusbetterend.network.NautilusThrustMessage to MOD
[26Jul2026 05:21:49.544] [modloading-worker-0/DEBUG] [net.minecraftforge.fml.javafmlmod.AutomaticEventSubscriber/LOADING]: Auto-subscribing net.mcreator.mofusbetterend.network.NautilusForwardMessage to MOD
[26Jul2026 05:21:49.545] [modloading-worker-0/DEBUG] [net.minecraftforge.fml.javafmlmod.AutomaticEventSubscriber/LOADING]: Auto-subscribing net.mcreator.mofusbetterend.network.NautilusDownMessage to MOD
[26Jul2026 05:21:49.547] [modloading-worker-0/DEBUG] [net.minecraftforge.fml.javafmlmod.AutomaticEventSubscriber/LOADING]: Auto-subscribing net.mcreator.mofusbetterend.network.MofusBetterEndModVariables to MOD
[26Jul2026 05:21:49.548] [modloading-worker-0/DEBUG] [net.minecraftforge.fml.javafmlmod.AutomaticEventSubscriber/LOADING]: Auto-subscribing net.mcreator.mofusbetterend.network.MofusBetterEndModVariables$PlayerVariablesProvider to FORGE
[26Jul2026 05:21:49.549] [modloading-worker-0/DEBUG] [net.minecraftforge.fml.javafmlmod.AutomaticEventSubscriber/LOADING]: Auto-subscribing net.mcreator.mofusbetterend.network.MofusBetterEndModVariables$EventBusVariableHandlers to FORGE
[26Jul2026 05:21:49.552] [modloading-worker-0/DEBUG] [net.minecraftforge.fml.javafmlmod.AutomaticEventSubscriber/LOADING]: Auto-subscribing net.mcreator.mofusbetterend.network.MechCreationStationGUISlotMessage to MOD
[26Jul2026 05:21:49.553] [modloading-worker-0/DEBUG] [net.minecraftforge.fml.javafmlmod.AutomaticEventSubscriber/LOADING]: Auto-subscribing net.mcreator.mofusbetterend.network.MechCreationStationGUIButtonMessage to MOD
[26Jul2026 05:21:49.554] [modloading-worker-0/DEBUG] [net.minecraftforge.fml.javafmlmod.AutomaticEventSubscriber/LOADING]: Auto-subscribing net.mcreator.mofusbetterend.network.GrassHopperSuitGuiSlotMessage to MOD
[26Jul2026 05:21:49.555] [modloading-worker-0/DEBUG] [net.minecraftforge.fml.javafmlmod.AutomaticEventSubscriber/LOADING]: Auto-subscribing net.mcreator.mofusbetterend.network.GhSuitWalkrMessage to MOD
[26Jul2026 05:21:49.556] [modloading-worker-0/DEBUG] [net.minecraftforge.fml.javafmlmod.AutomaticEventSubscriber/LOADING]: Auto-subscribing net.mcreator.mofusbetterend.network.GhSuitWalklMessage to MOD
[26Jul2026 05:21:49.556] [modloading-worker-0/DEBUG] [net.minecraftforge.fml.javafmlmod.AutomaticEventSubscriber/LOADING]: Auto-subscribing net.mcreator.mofusbetterend.network.GhSuitWalkfMessage to MOD
[26Jul2026 05:21:49.557] [modloading-worker-0/DEBUG] [net.minecraftforge.fml.javafmlmod.AutomaticEventSubscriber/LOADING]: Auto-subscribing net.mcreator.mofusbetterend.network.GhSuitJumpMessage to MOD
[26Jul2026 05:21:49.558] [modloading-worker-0/DEBUG] [net.minecraftforge.fml.javafmlmod.AutomaticEventSubscriber/LOADING]: Auto-subscribing net.mcreator.mofusbetterend.network.GhSuitInventoryMessage to MOD
[26Jul2026 05:21:49.559] [modloading-worker-0/DEBUG] [net.minecraftforge.fml.javafmlmod.AutomaticEventSubscriber/LOADING]: Auto-subscribing net.mcreator.mofusbetterend.network.GhSuitFlyMessage to MOD
[26Jul2026 05:21:49.560] [modloading-worker-0/DEBUG] [net.minecraftforge.fml.javafmlmod.AutomaticEventSubscriber/LOADING]: Auto-subscribing net.mcreator.mofusbetterend.network.GhSuitAttackMessage to MOD
[26Jul2026 05:21:49.561] [modloading-worker-0/DEBUG] [net.minecraftforge.fml.javafmlmod.AutomaticEventSubscriber/LOADING]: Auto-subscribing net.mcreator.mofusbetterend.network.FlyingmantaupMessage to MOD
[26Jul2026 05:21:49.561] [modloading-worker-0/DEBUG] [net.minecraftforge.fml.javafmlmod.AutomaticEventSubscriber/LOADING]: Auto-subscribing net.mcreator.mofusbetterend.network.FlyingmantadownMessage to MOD
[26Jul2026 05:21:49.562] [modloading-worker-0/DEBUG] [net.minecraftforge.fml.javafmlmod.AutomaticEventSubscriber/LOADING]: Auto-subscribing net.mcreator.mofusbetterend.network.EndstoryBookButtonMessage to MOD
[26Jul2026 05:21:49.563] [modloading-worker-0/DEBUG] [net.minecraftforge.fml.javafmlmod.AutomaticEventSubscriber/LOADING]: Auto-subscribing net.mcreator.mofusbetterend.network.BookOfVoidGUIButtonMessage to MOD
[26Jul2026 05:21:49.564] [modloading-worker-0/DEBUG] [net.minecraftforge.fml.javafmlmod.AutomaticEventSubscriber/LOADING]: Auto-subscribing net.mcreator.mofusbetterend.network.ArmorsAbilitiesMessage to MOD
[26Jul2026 05:21:49.565] [modloading-worker-0/DEBUG] [net.minecraftforge.fml.javafmlmod.AutomaticEventSubscriber/LOADING]: Auto-subscribing net.mcreator.mofusbetterend.init.MofusBetterEndModSurfaceRules to FORGE
[26Jul2026 05:21:49.567] [modloading-worker-0/DEBUG] [net.minecraftforge.fml.javafmlmod.AutomaticEventSubscriber/LOADING]: Auto-subscribing net.mcreator.mofusbetterend.init.MofusBetterEndModEntities to MOD
[26Jul2026 05:21:49.567] [modloading-worker-0/DEBUG] [net.minecraftforge.fml.javafmlmod.AutomaticEventSubscriber/LOADING]: Auto-subscribing net.mcreator.mofusbetterend.init.MofusBetterEndModEndBiomes to MOD
[26Jul2026 05:21:49.568] [modloading-worker-0/DEBUG] [net.minecraftforge.fml.javafmlmod.AutomaticEventSubscriber/LOADING]: Auto-subscribing net.mcreator.mofusbetterend.init.ItemAnimationFactory to FORGE
[26Jul2026 05:21:49.569] [modloading-worker-0/DEBUG] [net.minecraftforge.fml.javafmlmod.AutomaticEventSubscriber/LOADING]: Auto-subscribing net.mcreator.mofusbetterend.init.EntityAnimationFactory to FORGE
[26Jul2026 05:21:49.570] [modloading-worker-0/DEBUG] [net.minecraftforge.fml.javafmlmod.AutomaticEventSubscriber/LOADING]: Auto-subscribing net.mcreator.mofusbetterend.init.ArmorAnimationFactory to FORGE
[26Jul2026 05:21:49.571] [modloading-worker-0/DEBUG] [net.minecraftforge.fml.javafmlmod.AutomaticEventSubscriber/LOADING]: Auto-subscribing net.mcreator.mofusbetterend.block.listener.ClientListener to MOD
[26Jul2026 05:21:49.573] [modloading-worker-0/DEBUG] [net.minecraftforge.fml.javafmlmod.AutomaticEventSubscriber/LOADING]: Attempting to inject @EventBusSubscriber classes into the eventbus for iceberg
[26Jul2026 05:21:49.574] [modloading-worker-0/DEBUG] [net.minecraftforge.fml.javafmlmod.AutomaticEventSubscriber/LOADING]: Auto-subscribing com.anthonyhilyard.iceberg.IcebergServer to MOD
[26Jul2026 05:21:49.577] [modloading-worker-0/DEBUG] [net.minecraftforge.fml.config.ConfigTracker/CONFIG]: Config file lunar-common.toml for lunar tracking
[26Jul2026 05:21:49.580] [modloading-worker-0/DEBUG] [net.minecraftforge.fml.javafmlmod.AutomaticEventSubscriber/LOADING]: Attempting to inject @EventBusSubscriber classes into the eventbus for lunar
[26Jul2026 05:21:49.593] [modloading-worker-0/DEBUG] [net.minecraftforge.fml.config.ConfigTracker/CONFIG]: Config file securitycraft-client.toml for securitycraft tracking
[26Jul2026 05:21:49.594] [modloading-worker-0/DEBUG] [net.minecraftforge.fml.config.ConfigTracker/CONFIG]: Config file securitycraft-server.toml for securitycraft tracking
[26Jul2026 05:21:50.134] [modloading-worker-0/DEBUG] [net.minecraftforge.fml.javafmlmod.AutomaticEventSubscriber/LOADING]: Attempting to inject @EventBusSubscriber classes into the eventbus for securitycraft
[26Jul2026 05:21:50.136] [modloading-worker-0/DEBUG] [net.minecraftforge.fml.javafmlmod.AutomaticEventSubscriber/LOADING]: Auto-subscribing net.geforcemods.securitycraft.api.SecurityCraftAPI to MOD
[26Jul2026 05:21:50.138] [modloading-worker-0/DEBUG] [net.minecraftforge.fml.javafmlmod.AutomaticEventSubscriber/LOADING]: Auto-subscribing net.geforcemods.securitycraft.SecurityCraft to MOD
[26Jul2026 05:21:50.140] [modloading-worker-0/DEBUG] [net.minecraftforge.fml.javafmlmod.AutomaticEventSubscriber/LOADING]: Auto-subscribing net.geforcemods.securitycraft.SCEventHandler to FORGE
[26Jul2026 05:21:50.168] [modloading-worker-0/DEBUG] [net.minecraftforge.fml.javafmlmod.AutomaticEventSubscriber/LOADING]: Auto-subscribing net.geforcemods.securitycraft.RegistrationHandler to MOD
[26Jul2026 05:21:50.177] [modloading-worker-0/DEBUG] [net.minecraftforge.fml.javafmlmod.AutomaticEventSubscriber/LOADING]: Auto-subscribing net.geforcemods.securitycraft.ConfigHandler to MOD
[26Jul2026 05:21:50.178] [modloading-worker-0/DEBUG] [net.minecraftforge.fml.javafmlmod.AutomaticEventSubscriber/LOADING]: Attempting to inject @EventBusSubscriber classes into the eventbus for bettertridents
[26Jul2026 05:21:50.178] [modloading-worker-0/DEBUG] [net.minecraftforge.fml.javafmlmod.AutomaticEventSubscriber/LOADING]: Auto-subscribing fuzs.bettertridents.BetterTridentsForge to MOD
[26Jul2026 05:21:50.183] [modloading-worker-0/INFO] [Puzzles Lib/]: Constructing common components for bettertridents:main
[26Jul2026 05:21:50.184] [modloading-worker-0/DEBUG] [net.minecraftforge.fml.config.ConfigTracker/CONFIG]: Config file bettertridents-common.toml for bettertridents tracking
[26Jul2026 05:21:50.184] [modloading-worker-0/DEBUG] [net.minecraftforge.fml.config.ConfigTracker/CONFIG]: Config file bettertridents-server.toml for bettertridents tracking
[26Jul2026 05:21:50.196] [modloading-worker-0/DEBUG] [mixin/]: Mixing LootTablesMixin from placebo.mixins.json into net.minecraft.world.level.storage.loot.LootDataManager
[26Jul2026 05:21:50.197] [modloading-worker-0/DEBUG] [mixin/]: Renaming synthetic method lambda$apply$0(Lnet/minecraft/world/level/storage/loot/LootDataId;Lnet/minecraft/world/level/storage/loot/LootTable;)V to mdd17185$lambda$apply$0$0 in placebo.mixins.json:LootTablesMixin
[26Jul2026 05:21:50.201] [modloading-worker-0/DEBUG] [mixin/]: Mixing MixinLootDataManager from architectury.mixins.json into net.minecraft.world.level.storage.loot.LootDataManager
[26Jul2026 05:21:50.202] [modloading-worker-0/DEBUG] [mixin/]: Mixing LootDataManagerForgeMixin from puzzleslib.forge.mixins.json into net.minecraft.world.level.storage.loot.LootDataManager
[26Jul2026 05:21:50.365] [modloading-worker-0/INFO] [thedarkcolour.kotlinforforge.test.KotlinForForge/]: Kotlin For Forge Enabled!
[26Jul2026 05:21:50.367] [modloading-worker-0/DEBUG] [thedarkcolour.kotlinforforge.LoggerKt/LOADING]: Attempting to inject @EventBusSubscriber kotlin objects in to the event bus for kotlinforforge
[26Jul2026 05:21:50.395] [modloading-worker-0/DEBUG] [net.minecraftforge.fml.config.ConfigTracker/CONFIG]: Config file lootr-common.toml for lootr tracking
[26Jul2026 05:21:50.395] [modloading-worker-0/DEBUG] [net.minecraftforge.fml.config.ConfigTracker/CONFIG]: Config file lootr-client.toml for lootr tracking
[26Jul2026 05:21:50.396] [modloading-worker-0/DEBUG] [net.minecraftforge.fml.javafmlmod.AutomaticEventSubscriber/LOADING]: Attempting to inject @EventBusSubscriber classes into the eventbus for creeperoverhaul
[26Jul2026 05:21:50.400] [modloading-worker-0/DEBUG] [net.minecraftforge.fml.javafmlmod.AutomaticEventSubscriber/LOADING]: Attempting to inject @EventBusSubscriber classes into the eventbus for ferritecore
[26Jul2026 05:21:50.401] [modloading-worker-0/INFO] [YetAnotherConfigLib/]: Deserializing YACLConfig from '/workspaces/enderdeath/servidor_minecraft/config/yacl.json5'
[26Jul2026 05:21:50.406] [modloading-worker-0/DEBUG] [mixin/]: Mixing ReloadableClientResourcesMixin from moonlight-common.mixins.json into net.minecraft.server.packs.resources.ReloadableResourceManager
[26Jul2026 05:21:50.406] [modloading-worker-0/DEBUG] [mixin/]: Renaming synthetic method lambda$moonlight$clientDynamicPackEarlyReload$0(Lcom/llamalad7/mixinextras/injector/wrapoperation/Operation;Lnet/minecraft/server/packs/resources/ResourceManager;Ljava/util/List;Ljava/util/concurrent/Executor;Ljava/util/concurrent/Executor;Ljava/util/concurrent/CompletableFuture;Z)Lnet/minecraft/server/packs/resources/ReloadInstance; to mdd17185$lambda$moonlight$clientDynamicPackEarlyReload$0$0 in moonlight-common.mixins.json:ReloadableClientResourcesMixin
[26Jul2026 05:21:50.414] [modloading-worker-0/DEBUG] [net.minecraftforge.fml.javafmlmod.AutomaticEventSubscriber/LOADING]: Attempting to inject @EventBusSubscriber classes into the eventbus for yet_another_config_lib_v3
[26Jul2026 05:21:50.414] [modloading-worker-0/DEBUG] [net.minecraftforge.fml.javafmlmod.AutomaticEventSubscriber/LOADING]: Attempting to inject @EventBusSubscriber classes into the eventbus for puzzleslib
[26Jul2026 05:21:50.414] [modloading-worker-0/DEBUG] [net.minecraftforge.fml.javafmlmod.AutomaticEventSubscriber/LOADING]: Auto-subscribing fuzs.puzzleslib.impl.PuzzlesLibForge to MOD
[26Jul2026 05:21:50.428] [modloading-worker-0/DEBUG] [net.minecraftforge.fml.javafmlmod.AutomaticEventSubscriber/LOADING]: Attempting to inject @EventBusSubscriber classes into the eventbus for lootr
[26Jul2026 05:21:50.428] [modloading-worker-0/DEBUG] [net.minecraftforge.fml.javafmlmod.AutomaticEventSubscriber/LOADING]: Auto-subscribing noobanidus.mods.lootr.setup.CommonSetup to MOD
[26Jul2026 05:21:50.434] [modloading-worker-0/DEBUG] [net.minecraftforge.fml.javafmlmod.AutomaticEventSubscriber/LOADING]: Auto-subscribing noobanidus.mods.lootr.init.ModTabs to MOD
[26Jul2026 05:21:50.434] [modloading-worker-0/DEBUG] [net.minecraftforge.fml.javafmlmod.AutomaticEventSubscriber/LOADING]: Auto-subscribing noobanidus.mods.lootr.init.ModItems to MOD
[26Jul2026 05:21:50.434] [modloading-worker-0/DEBUG] [net.minecraftforge.fml.javafmlmod.AutomaticEventSubscriber/LOADING]: Auto-subscribing noobanidus.mods.lootr.gen.LootrDataGenerators to MOD
[26Jul2026 05:21:50.439] [modloading-worker-0/DEBUG] [net.minecraftforge.fml.javafmlmod.AutomaticEventSubscriber/LOADING]: Auto-subscribing noobanidus.mods.lootr.event.HandleChunk to FORGE
[26Jul2026 05:21:50.453] [modloading-worker-0/DEBUG] [net.minecraftforge.fml.javafmlmod.AutomaticEventSubscriber/LOADING]: Auto-subscribing noobanidus.mods.lootr.event.HandleCart to FORGE
[26Jul2026 05:21:50.458] [modloading-worker-0/DEBUG] [net.minecraftforge.fml.javafmlmod.AutomaticEventSubscriber/LOADING]: Auto-subscribing noobanidus.mods.lootr.event.HandleBreak to FORGE
[26Jul2026 05:21:50.459] [modloading-worker-0/DEBUG] [net.minecraftforge.fml.javafmlmod.AutomaticEventSubscriber/LOADING]: Auto-subscribing noobanidus.mods.lootr.event.HandleAdvancement to FORGE
[26Jul2026 05:21:50.459] [modloading-worker-0/DEBUG] [net.minecraftforge.fml.javafmlmod.AutomaticEventSubscriber/LOADING]: Auto-subscribing noobanidus.mods.lootr.entity.EntityTicker to FORGE
[26Jul2026 05:21:50.462] [modloading-worker-0/DEBUG] [net.minecraftforge.fml.javafmlmod.AutomaticEventSubscriber/LOADING]: Auto-subscribing noobanidus.mods.lootr.config.ConfigManager to MOD
[26Jul2026 05:21:50.463] [modloading-worker-0/DEBUG] [net.minecraftforge.fml.javafmlmod.AutomaticEventSubscriber/LOADING]: Auto-subscribing noobanidus.mods.lootr.block.entities.TileTicker to FORGE
[26Jul2026 05:21:50.466] [modloading-worker-0/INFO] [Puzzles Lib/]: Constructing common components for puzzleslib:main
[26Jul2026 05:21:51.192] [modloading-worker-0/DEBUG] [net.minecraftforge.fml.javafmlmod.AutomaticEventSubscriber/LOADING]: Attempting to inject @EventBusSubscriber classes into the eventbus for deep_dark_regrowth
[26Jul2026 05:21:51.192] [modloading-worker-0/DEBUG] [net.minecraftforge.fml.javafmlmod.AutomaticEventSubscriber/LOADING]: Auto-subscribing net.mcreator.deepdarkregrowth.procedures.WhenRightClikFlCrystalProcedure to FORGE
[26Jul2026 05:21:51.194] [modloading-worker-0/DEBUG] [net.minecraftforge.fml.javafmlmod.AutomaticEventSubscriber/LOADING]: Auto-subscribing net.mcreator.deepdarkregrowth.procedures.WardenHelmetEnabledProcedure to FORGE
[26Jul2026 05:21:51.197] [modloading-worker-0/DEBUG] [net.minecraftforge.fml.javafmlmod.AutomaticEventSubscriber/LOADING]: Auto-subscribing net.mcreator.deepdarkregrowth.procedures.StalkerDetectCaveChimesProcedure to FORGE
[26Jul2026 05:21:51.200] [modloading-worker-0/DEBUG] [net.minecraftforge.fml.javafmlmod.AutomaticEventSubscriber/LOADING]: Auto-subscribing net.mcreator.deepdarkregrowth.procedures.SculkHoeSoilProcedure to FORGE
[26Jul2026 05:21:51.203] [modloading-worker-0/DEBUG] [net.minecraftforge.fml.javafmlmod.AutomaticEventSubscriber/LOADING]: Auto-subscribing net.mcreator.deepdarkregrowth.procedures.PlayerWearingCorruptionArmorTickProcedure to FORGE
[26Jul2026 05:21:51.203] [modloading-worker-0/DEBUG] [net.minecraftforge.fml.javafmlmod.AutomaticEventSubscriber/LOADING]: Auto-subscribing net.mcreator.deepdarkregrowth.procedures.PlayerTickDetectStalkerProcedure to FORGE
[26Jul2026 05:21:51.205] [modloading-worker-0/DEBUG] [net.minecraftforge.fml.javafmlmod.AutomaticEventSubscriber/LOADING]: Auto-subscribing net.mcreator.deepdarkregrowth.procedures.PlayerRespawnProcedure to FORGE
[26Jul2026 05:21:51.206] [modloading-worker-0/DEBUG] [net.minecraftforge.fml.javafmlmod.AutomaticEventSubscriber/LOADING]: Auto-subscribing net.mcreator.deepdarkregrowth.procedures.PlayerMaxHealth22Procedure to FORGE
[26Jul2026 05:21:51.210] [modloading-worker-0/DEBUG] [net.minecraftforge.fml.javafmlmod.AutomaticEventSubscriber/LOADING]: Auto-subscribing net.mcreator.deepdarkregrowth.procedures.ParanoiaEffectProcedure to FORGE
[26Jul2026 05:21:51.210] [modloading-worker-0/DEBUG] [net.minecraftforge.fml.javafmlmod.AutomaticEventSubscriber/LOADING]: Auto-subscribing net.mcreator.deepdarkregrowth.procedures.GetNeonLampInventoryProcedure to FORGE
[26Jul2026 05:21:51.213] [modloading-worker-0/DEBUG] [net.minecraftforge.fml.javafmlmod.AutomaticEventSubscriber/LOADING]: Auto-subscribing net.mcreator.deepdarkregrowth.procedures.AwarenessGlassesPlayerProcedure to FORGE
[26Jul2026 05:21:51.213] [modloading-worker-0/DEBUG] [net.minecraftforge.fml.javafmlmod.AutomaticEventSubscriber/LOADING]: Auto-subscribing net.mcreator.deepdarkregrowth.network.SpecialAbilityMessage to MOD
[26Jul2026 05:21:51.217] [modloading-worker-0/DEBUG] [net.minecraftforge.fml.javafmlmod.AutomaticEventSubscriber/LOADING]: Auto-subscribing net.mcreator.deepdarkregrowth.network.LaserMaskMessage to MOD
[26Jul2026 05:21:51.218] [modloading-worker-0/DEBUG] [net.minecraftforge.fml.javafmlmod.AutomaticEventSubscriber/LOADING]: Auto-subscribing net.mcreator.deepdarkregrowth.network.KonamiCode7Message to MOD
[26Jul2026 05:21:51.218] [modloading-worker-0/DEBUG] [net.minecraftforge.fml.javafmlmod.AutomaticEventSubscriber/LOADING]: Auto-subscribing net.mcreator.deepdarkregrowth.network.KonamiCode6Message to MOD
[26Jul2026 05:21:51.222] [modloading-worker-0/DEBUG] [net.minecraftforge.fml.javafmlmod.AutomaticEventSubscriber/LOADING]: Auto-subscribing net.mcreator.deepdarkregrowth.network.KonamiCode5Message to MOD
[26Jul2026 05:21:51.224] [modloading-worker-0/DEBUG] [net.minecraftforge.fml.javafmlmod.AutomaticEventSubscriber/LOADING]: Auto-subscribing net.mcreator.deepdarkregrowth.network.KonamiCode4Message to MOD
[26Jul2026 05:21:51.228] [modloading-worker-0/DEBUG] [net.minecraftforge.fml.javafmlmod.AutomaticEventSubscriber/LOADING]: Auto-subscribing net.mcreator.deepdarkregrowth.network.KonamiCode3Message to MOD
[26Jul2026 05:21:51.228] [modloading-worker-0/DEBUG] [net.minecraftforge.fml.javafmlmod.AutomaticEventSubscriber/LOADING]: Auto-subscribing net.mcreator.deepdarkregrowth.network.KonamiCode2Message to MOD
[26Jul2026 05:21:51.231] [modloading-worker-0/DEBUG] [net.minecraftforge.fml.javafmlmod.AutomaticEventSubscriber/LOADING]: Auto-subscribing net.mcreator.deepdarkregrowth.network.KonamiCode1Message to MOD
[26Jul2026 05:21:51.232] [modloading-worker-0/DEBUG] [net.minecraftforge.fml.javafmlmod.AutomaticEventSubscriber/LOADING]: Auto-subscribing net.mcreator.deepdarkregrowth.network.DeepDarkRegrowthModVariables to MOD
[26Jul2026 05:21:51.235] [modloading-worker-0/DEBUG] [net.minecraftforge.fml.javafmlmod.AutomaticEventSubscriber/LOADING]: Auto-subscribing net.mcreator.deepdarkregrowth.network.DeepDarkRegrowthModVariables$PlayerVariablesProvider to FORGE
[26Jul2026 05:21:51.236] [modloading-worker-0/DEBUG] [net.minecraftforge.fml.javafmlmod.AutomaticEventSubscriber/LOADING]: Auto-subscribing net.mcreator.deepdarkregrowth.network.DeepDarkRegrowthModVariables$EventBusVariableHandlers to FORGE
[26Jul2026 05:21:51.243] [modloading-worker-0/DEBUG] [net.minecraftforge.fml.javafmlmod.AutomaticEventSubscriber/LOADING]: Auto-subscribing net.mcreator.deepdarkregrowth.init.EntityAnimationFactory to FORGE
[26Jul2026 05:21:51.244] [modloading-worker-0/DEBUG] [net.minecraftforge.fml.javafmlmod.AutomaticEventSubscriber/LOADING]: Auto-subscribing net.mcreator.deepdarkregrowth.init.DeepDarkRegrowthModTabs to MOD
[26Jul2026 05:21:51.244] [modloading-worker-0/DEBUG] [net.minecraftforge.fml.javafmlmod.AutomaticEventSubscriber/LOADING]: Auto-subscribing net.mcreator.deepdarkregrowth.init.DeepDarkRegrowthModFeatures to FORGE
[26Jul2026 05:21:51.246] [modloading-worker-0/DEBUG] [net.minecraftforge.fml.javafmlmod.AutomaticEventSubscriber/LOADING]: Auto-subscribing net.mcreator.deepdarkregrowth.init.DeepDarkRegrowthModEntities to MOD
[26Jul2026 05:21:51.247] [modloading-worker-0/DEBUG] [net.minecraftforge.fml.javafmlmod.AutomaticEventSubscriber/LOADING]: Auto-subscribing net.mcreator.deepdarkregrowth.init.DeepDarkRegrowthModBiomes to FORGE
[26Jul2026 05:21:51.248] [modloading-worker-0/DEBUG] [net.minecraftforge.fml.javafmlmod.AutomaticEventSubscriber/LOADING]: Auto-subscribing net.mcreator.deepdarkregrowth.command.DdrCommand to FORGE
[26Jul2026 05:21:51.262] [modloading-worker-0/DEBUG] [net.minecraftforge.fml.config.ConfigTracker/CONFIG]: Config file cosmeticarmorreworked-client.toml for cosmeticarmorreworked tracking
[26Jul2026 05:21:51.262] [modloading-worker-0/DEBUG] [net.minecraftforge.fml.config.ConfigTracker/CONFIG]: Config file cosmeticarmorreworked-common.toml for cosmeticarmorreworked tracking
[26Jul2026 05:21:51.262] [modloading-worker-0/DEBUG] [net.minecraftforge.fml.javafmlmod.AutomaticEventSubscriber/LOADING]: Attempting to inject @EventBusSubscriber classes into the eventbus for cosmeticarmorreworked
[26Jul2026 05:21:51.265] [modloading-worker-0/DEBUG] [net.minecraftforge.fml.config.ConfigTracker/CONFIG]: Config file explosiveenhancement.toml for explosiveenhancement tracking
[26Jul2026 05:21:51.266] [modloading-worker-0/DEBUG] [net.minecraftforge.fml.javafmlmod.AutomaticEventSubscriber/LOADING]: Attempting to inject @EventBusSubscriber classes into the eventbus for explosiveenhancement
[26Jul2026 05:21:51.269] [modloading-worker-0/DEBUG] [net.minecraftforge.fml.javafmlmod.AutomaticEventSubscriber/LOADING]: Auto-subscribing dev.xylonity.explosiveenhancement.ExplosiveEnhancement$ModEventSubscriber to MOD
[26Jul2026 05:21:51.282] [modloading-worker-0/DEBUG] [net.minecraftforge.fml.javafmlmod.AutomaticEventSubscriber/LOADING]: Attempting to inject @EventBusSubscriber classes into the eventbus for healingcampfire
[26Jul2026 05:21:51.928] [modloading-worker-0/DEBUG] [net.minecraftforge.fml.javafmlmod.AutomaticEventSubscriber/LOADING]: Attempting to inject @EventBusSubscriber classes into the eventbus for dedsafio3
[26Jul2026 05:21:51.933] [modloading-worker-0/DEBUG] [net.minecraftforge.fml.javafmlmod.AutomaticEventSubscriber/LOADING]: Auto-subscribing net.mcreator.dedsafio3.recipes.brewing.LesheBrewingRecipe to MOD
[26Jul2026 05:21:51.936] [modloading-worker-0/DEBUG] [net.minecraftforge.fml.javafmlmod.AutomaticEventSubscriber/LOADING]: Auto-subscribing net.mcreator.dedsafio3.procedures.ZombificacionProcedure to FORGE
[26Jul2026 05:21:51.942] [modloading-worker-0/DEBUG] [net.minecraftforge.fml.javafmlmod.AutomaticEventSubscriber/LOADING]: Auto-subscribing net.mcreator.dedsafio3.procedures.WidelProcedure to FORGE
[26Jul2026 05:21:51.943] [modloading-worker-0/DEBUG] [net.minecraftforge.fml.javafmlmod.AutomaticEventSubscriber/LOADING]: Auto-subscribing net.mcreator.dedsafio3.procedures.TotempumProcedure to FORGE
[26Jul2026 05:21:51.949] [modloading-worker-0/DEBUG] [net.minecraftforge.fml.javafmlmod.AutomaticEventSubscriber/LOADING]: Auto-subscribing net.mcreator.dedsafio3.procedures.TiesoxdProcedure to FORGE
[26Jul2026 05:21:51.953] [modloading-worker-0/DEBUG] [net.minecraftforge.fml.javafmlmod.AutomaticEventSubscriber/LOADING]: Auto-subscribing net.mcreator.dedsafio3.procedures.TestingProcedure to FORGE
[26Jul2026 05:21:51.954] [modloading-worker-0/DEBUG] [net.minecraftforge.fml.javafmlmod.AutomaticEventSubscriber/LOADING]: Auto-subscribing net.mcreator.dedsafio3.procedures.TestProcedure to FORGE
[26Jul2026 05:21:51.955] [modloading-worker-0/DEBUG] [net.minecraftforge.fml.javafmlmod.AutomaticEventSubscriber/LOADING]: Auto-subscribing net.mcreator.dedsafio3.procedures.TaxProcedure to FORGE
[26Jul2026 05:21:51.960] [modloading-worker-0/DEBUG] [net.minecraftforge.fml.javafmlmod.AutomaticEventSubscriber/LOADING]: Auto-subscribing net.mcreator.dedsafio3.procedures.TargetProcedure to FORGE
[26Jul2026 05:21:51.962] [modloading-worker-0/DEBUG] [net.minecraftforge.fml.javafmlmod.AutomaticEventSubscriber/LOADING]: Auto-subscribing net.mcreator.dedsafio3.procedures.TAProcedure to FORGE
[26Jul2026 05:21:51.962] [modloading-worker-0/DEBUG] [net.minecraftforge.fml.javafmlmod.AutomaticEventSubscriber/LOADING]: Auto-subscribing net.mcreator.dedsafio3.procedures.ShuffleEventProcedure to FORGE
[26Jul2026 05:21:51.969] [modloading-worker-0/DEBUG] [net.minecraftforge.fml.javafmlmod.AutomaticEventSubscriber/LOADING]: Auto-subscribing net.mcreator.dedsafio3.procedures.ShadertestProcedure to FORGE
[26Jul2026 05:21:51.979] [modloading-worker-0/DEBUG] [net.minecraftforge.fml.javafmlmod.AutomaticEventSubscriber/LOADING]: Auto-subscribing net.mcreator.dedsafio3.procedures.RanitaProcedure to FORGE
[26Jul2026 05:21:51.988] [modloading-worker-0/DEBUG] [net.minecraftforge.fml.javafmlmod.AutomaticEventSubscriber/LOADING]: Auto-subscribing net.mcreator.dedsafio3.procedures.RadiacionEventProcedure to FORGE
[26Jul2026 05:21:51.996] [modloading-worker-0/DEBUG] [net.minecraftforge.fml.javafmlmod.AutomaticEventSubscriber/LOADING]: Auto-subscribing net.mcreator.dedsafio3.procedures.QuemaduraProcedure to FORGE
[26Jul2026 05:21:52.001] [modloading-worker-0/DEBUG] [net.minecraftforge.fml.javafmlmod.AutomaticEventSubscriber/LOADING]: Auto-subscribing net.mcreator.dedsafio3.procedures.PuertaDamageProcedure to FORGE
[26Jul2026 05:21:52.005] [modloading-worker-0/DEBUG] [net.minecraftforge.fml.javafmlmod.AutomaticEventSubscriber/LOADING]: Auto-subscribing net.mcreator.dedsafio3.procedures.PlagueEventProcedure to FORGE
[26Jul2026 05:21:52.012] [modloading-worker-0/DEBUG] [net.minecraftforge.fml.javafmlmod.AutomaticEventSubscriber/LOADING]: Auto-subscribing net.mcreator.dedsafio3.procedures.OxigenochauxdProcedure to FORGE
[26Jul2026 05:21:52.013] [modloading-worker-0/DEBUG] [net.minecraftforge.fml.javafmlmod.AutomaticEventSubscriber/LOADING]: Auto-subscribing net.mcreator.dedsafio3.procedures.OxProcedure to FORGE
[26Jul2026 05:21:52.013] [modloading-worker-0/DEBUG] [net.minecraftforge.fml.javafmlmod.AutomaticEventSubscriber/LOADING]: Auto-subscribing net.mcreator.dedsafio3.procedures.OverlayRanaProcedure to FORGE
[26Jul2026 05:21:52.020] [modloading-worker-0/DEBUG] [net.minecraftforge.fml.javafmlmod.AutomaticEventSubscriber/LOADING]: Auto-subscribing net.mcreator.dedsafio3.procedures.OverlayRana2Procedure to FORGE
[26Jul2026 05:21:52.021] [modloading-worker-0/DEBUG] [net.minecraftforge.fml.javafmlmod.AutomaticEventSubscriber/LOADING]: Auto-subscribing net.mcreator.dedsafio3.procedures.OverlayProcedure to FORGE
[26Jul2026 05:21:52.021] [modloading-worker-0/DEBUG] [net.minecraftforge.fml.javafmlmod.AutomaticEventSubscriber/LOADING]: Auto-subscribing net.mcreator.dedsafio3.procedures.Overlay2Procedure to FORGE
[26Jul2026 05:21:52.026] [modloading-worker-0/DEBUG] [net.minecraftforge.fml.javafmlmod.AutomaticEventSubscriber/LOADING]: Auto-subscribing net.mcreator.dedsafio3.procedures.OnranapressProcedure to FORGE
[26Jul2026 05:21:52.027] [modloading-worker-0/DEBUG] [net.minecraftforge.fml.javafmlmod.AutomaticEventSubscriber/LOADING]: Auto-subscribing net.mcreator.dedsafio3.procedures.OnpressProcedure to FORGE
[26Jul2026 05:21:52.037] [modloading-worker-0/DEBUG] [net.minecraftforge.fml.javafmlmod.AutomaticEventSubscriber/LOADING]: Auto-subscribing net.mcreator.dedsafio3.procedures.OnjoinProcedure to FORGE
[26Jul2026 05:21:52.038] [modloading-worker-0/DEBUG] [net.minecraftforge.fml.javafmlmod.AutomaticEventSubscriber/LOADING]: Auto-subscribing net.mcreator.dedsafio3.procedures.OnenterworldProcedure to FORGE
[26Jul2026 05:21:52.048] [modloading-worker-0/DEBUG] [net.minecraftforge.fml.javafmlmod.AutomaticEventSubscriber/LOADING]: Auto-subscribing net.mcreator.dedsafio3.procedures.NutriProcedure to FORGE
[26Jul2026 05:21:52.058] [modloading-worker-0/DEBUG] [net.minecraftforge.fml.javafmlmod.AutomaticEventSubscriber/LOADING]: Auto-subscribing net.mcreator.dedsafio3.procedures.NosewawaProcedure to FORGE
[26Jul2026 05:21:52.059] [modloading-worker-0/DEBUG] [net.minecraftforge.fml.javafmlmod.AutomaticEventSubscriber/LOADING]: Auto-subscribing net.mcreator.dedsafio3.procedures.NedelProcedure to FORGE
[26Jul2026 05:21:52.059] [modloading-worker-0/DEBUG] [net.minecraftforge.fml.javafmlmod.AutomaticEventSubscriber/LOADING]: Auto-subscribing net.mcreator.dedsafio3.procedures.NearProcedure to FORGE
[26Jul2026 05:21:52.065] [modloading-worker-0/DEBUG] [net.minecraftforge.fml.javafmlmod.AutomaticEventSubscriber/LOADING]: Auto-subscribing net.mcreator.dedsafio3.procedures.NaoArmorHealthProcedure to FORGE
[26Jul2026 05:21:52.071] [modloading-worker-0/DEBUG] [net.minecraftforge.fml.javafmlmod.AutomaticEventSubscriber/LOADING]: Auto-subscribing net.mcreator.dedsafio3.procedures.NaboProcedure to FORGE
[26Jul2026 05:21:52.081] [modloading-worker-0/DEBUG] [net.minecraftforge.fml.javafmlmod.AutomaticEventSubscriber/LOADING]: Auto-subscribing net.mcreator.dedsafio3.procedures.NTPumProcedure to FORGE
[26Jul2026 05:21:52.085] [modloading-worker-0/DEBUG] [net.minecraftforge.fml.javafmlmod.AutomaticEventSubscriber/LOADING]: Auto-subscribing net.mcreator.dedsafio3.procedures.Mobx3Procedure to FORGE
[26Jul2026 05:21:52.086] [modloading-worker-0/DEBUG] [net.minecraftforge.fml.javafmlmod.AutomaticEventSubscriber/LOADING]: Auto-subscribing net.mcreator.dedsafio3.procedures.LavapurificadoraProcedure to FORGE
[26Jul2026 05:21:52.093] [modloading-worker-0/DEBUG] [net.minecraftforge.fml.javafmlmod.AutomaticEventSubscriber/LOADING]: Auto-subscribing net.mcreator.dedsafio3.procedures.LavamortallProcedure to FORGE
[26Jul2026 05:21:52.094] [modloading-worker-0/DEBUG] [net.minecraftforge.fml.javafmlmod.AutomaticEventSubscriber/LOADING]: Auto-subscribing net.mcreator.dedsafio3.procedures.KolaidProcedure to FORGE
[26Jul2026 05:21:52.097] [modloading-worker-0/DEBUG] [net.minecraftforge.fml.javafmlmod.AutomaticEventSubscriber/LOADING]: Auto-subscribing net.mcreator.dedsafio3.procedures.InitialSpawnProcedure to FORGE
[26Jul2026 05:21:52.099] [modloading-worker-0/DEBUG] [net.minecraftforge.fml.javafmlmod.AutomaticEventSubscriber/LOADING]: Auto-subscribing net.mcreator.dedsafio3.procedures.InfernuusProcedure to FORGE
[26Jul2026 05:21:52.104] [modloading-worker-0/DEBUG] [net.minecraftforge.fml.javafmlmod.AutomaticEventSubscriber/LOADING]: Auto-subscribing net.mcreator.dedsafio3.procedures.InfernalArmorHelmetProcedure to FORGE
[26Jul2026 05:21:52.106] [modloading-worker-0/DEBUG] [net.minecraftforge.fml.javafmlmod.AutomaticEventSubscriber/LOADING]: Auto-subscribing net.mcreator.dedsafio3.procedures.InfectionRemoverProcedure to FORGE
[26Jul2026 05:21:52.110] [modloading-worker-0/DEBUG] [net.minecraftforge.fml.javafmlmod.AutomaticEventSubscriber/LOADING]: Auto-subscribing net.mcreator.dedsafio3.procedures.InfectionEventProcedure to FORGE
[26Jul2026 05:21:52.111] [modloading-worker-0/DEBUG] [net.minecraftforge.fml.javafmlmod.AutomaticEventSubscriber/LOADING]: Auto-subscribing net.mcreator.dedsafio3.procedures.HgjhgjProcedure to FORGE
[26Jul2026 05:21:52.115] [modloading-worker-0/DEBUG] [net.minecraftforge.fml.javafmlmod.AutomaticEventSubscriber/LOADING]: Auto-subscribing net.mcreator.dedsafio3.procedures.GolemProcedure to FORGE
[26Jul2026 05:21:52.116] [modloading-worker-0/DEBUG] [net.minecraftforge.fml.javafmlmod.AutomaticEventSubscriber/LOADING]: Auto-subscribing net.mcreator.dedsafio3.procedures.FlashEfectProcedure to FORGE
[26Jul2026 05:21:52.120] [modloading-worker-0/DEBUG] [net.minecraftforge.fml.javafmlmod.AutomaticEventSubscriber/LOADING]: Auto-subscribing net.mcreator.dedsafio3.procedures.FiebreEventProcedure to FORGE
[26Jul2026 05:21:52.120] [modloading-worker-0/DEBUG] [net.minecraftforge.fml.javafmlmod.AutomaticEventSubscriber/LOADING]: Auto-subscribing net.mcreator.dedsafio3.procedures.FayerProcedure to FORGE
[26Jul2026 05:21:52.123] [modloading-worker-0/DEBUG] [net.minecraftforge.fml.javafmlmod.AutomaticEventSubscriber/LOADING]: Auto-subscribing net.mcreator.dedsafio3.procedures.FantasmaattackProcedure to FORGE
[26Jul2026 05:21:52.124] [modloading-worker-0/DEBUG] [net.minecraftforge.fml.javafmlmod.AutomaticEventSubscriber/LOADING]: Auto-subscribing net.mcreator.dedsafio3.procedures.FantProcedure to FORGE
[26Jul2026 05:21:52.127] [modloading-worker-0/DEBUG] [net.minecraftforge.fml.javafmlmod.AutomaticEventSubscriber/LOADING]: Auto-subscribing net.mcreator.dedsafio3.procedures.EspacialArmorHealthProcedure to FORGE
[26Jul2026 05:21:52.129] [modloading-worker-0/DEBUG] [net.minecraftforge.fml.javafmlmod.AutomaticEventSubscriber/LOADING]: Auto-subscribing net.mcreator.dedsafio3.procedures.EnderpearlDamageProcedure to FORGE
[26Jul2026 05:21:52.131] [modloading-worker-0/DEBUG] [net.minecraftforge.fml.javafmlmod.AutomaticEventSubscriber/LOADING]: Auto-subscribing net.mcreator.dedsafio3.procedures.EndermanProcedure to FORGE
[26Jul2026 05:21:52.134] [modloading-worker-0/DEBUG] [net.minecraftforge.fml.javafmlmod.AutomaticEventSubscriber/LOADING]: Auto-subscribing net.mcreator.dedsafio3.procedures.EeeeProcedure to FORGE
[26Jul2026 05:21:52.135] [modloading-worker-0/DEBUG] [net.minecraftforge.fml.javafmlmod.AutomaticEventSubscriber/LOADING]: Auto-subscribing net.mcreator.dedsafio3.procedures.EawaeProcedure to FORGE
[26Jul2026 05:21:52.135] [modloading-worker-0/DEBUG] [net.minecraftforge.fml.javafmlmod.AutomaticEventSubscriber/LOADING]: Auto-subscribing net.mcreator.dedsafio3.procedures.EaeProcedure to FORGE
[26Jul2026 05:21:52.136] [modloading-worker-0/DEBUG] [net.minecraftforge.fml.javafmlmod.AutomaticEventSubscriber/LOADING]: Auto-subscribing net.mcreator.dedsafio3.procedures.DeddelProcedure to FORGE
[26Jul2026 05:21:52.137] [modloading-worker-0/DEBUG] [net.minecraftforge.fml.javafmlmod.AutomaticEventSubscriber/LOADING]: Auto-subscribing net.mcreator.dedsafio3.procedures.DeathProcedure to FORGE
[26Jul2026 05:21:52.140] [modloading-worker-0/DEBUG] [net.minecraftforge.fml.javafmlmod.AutomaticEventSubscriber/LOADING]: Auto-subscribing net.mcreator.dedsafio3.procedures.DarefectoProcedure to FORGE
[26Jul2026 05:21:52.143] [modloading-worker-0/DEBUG] [net.minecraftforge.fml.javafmlmod.AutomaticEventSubscriber/LOADING]: Auto-subscribing net.mcreator.dedsafio3.procedures.DanoCaidaProcedure to FORGE
[26Jul2026 05:21:52.146] [modloading-worker-0/DEBUG] [net.minecraftforge.fml.javafmlmod.AutomaticEventSubscriber/LOADING]: Auto-subscribing net.mcreator.dedsafio3.procedures.DamageProcedure to FORGE
[26Jul2026 05:21:52.147] [modloading-worker-0/DEBUG] [net.minecraftforge.fml.javafmlmod.AutomaticEventSubscriber/LOADING]: Auto-subscribing net.mcreator.dedsafio3.procedures.CvzProcedure to FORGE
[26Jul2026 05:21:52.151] [modloading-worker-0/DEBUG] [net.minecraftforge.fml.javafmlmod.AutomaticEventSubscriber/LOADING]: Auto-subscribing net.mcreator.dedsafio3.procedures.ChupeProcedure to FORGE
[26Jul2026 05:21:52.152] [modloading-worker-0/DEBUG] [net.minecraftforge.fml.javafmlmod.AutomaticEventSubscriber/LOADING]: Auto-subscribing net.mcreator.dedsafio3.procedures.ChaoVidaProcedure to FORGE
[26Jul2026 05:21:52.153] [modloading-worker-0/DEBUG] [net.minecraftforge.fml.javafmlmod.AutomaticEventSubscriber/LOADING]: Auto-subscribing net.mcreator.dedsafio3.procedures.CancelProcedure to FORGE
[26Jul2026 05:21:52.154] [modloading-worker-0/DEBUG] [net.minecraftforge.fml.javafmlmod.AutomaticEventSubscriber/LOADING]: Auto-subscribing net.mcreator.dedsafio3.procedures.CancelJProcedure to FORGE
[26Jul2026 05:21:52.155] [modloading-worker-0/DEBUG] [net.minecraftforge.fml.javafmlmod.AutomaticEventSubscriber/LOADING]: Auto-subscribing net.mcreator.dedsafio3.procedures.CakeEfectProcedure to FORGE
[26Jul2026 05:21:52.156] [modloading-worker-0/DEBUG] [net.minecraftforge.fml.javafmlmod.AutomaticEventSubscriber/LOADING]: Auto-subscribing net.mcreator.dedsafio3.procedures.CactusProcedure to FORGE
[26Jul2026 05:21:52.156] [modloading-worker-0/DEBUG] [net.minecraftforge.fml.javafmlmod.AutomaticEventSubscriber/LOADING]: Auto-subscribing net.mcreator.dedsafio3.procedures.BotonDamageProcedure to FORGE
[26Jul2026 05:21:52.157] [modloading-worker-0/DEBUG] [net.minecraftforge.fml.javafmlmod.AutomaticEventSubscriber/LOADING]: Auto-subscribing net.mcreator.dedsafio3.procedures.BombaEfectoProcedure to FORGE
[26Jul2026 05:21:52.158] [modloading-worker-0/DEBUG] [net.minecraftforge.fml.javafmlmod.AutomaticEventSubscriber/LOADING]: Auto-subscribing net.mcreator.dedsafio3.procedures.BloqueadorAEfectoProcedure to FORGE
[26Jul2026 05:21:52.159] [modloading-worker-0/DEBUG] [net.minecraftforge.fml.javafmlmod.AutomaticEventSubscriber/LOADING]: Auto-subscribing net.mcreator.dedsafio3.procedures.AtakcritProcedure to FORGE
[26Jul2026 05:21:52.160] [modloading-worker-0/DEBUG] [net.minecraftforge.fml.javafmlmod.AutomaticEventSubscriber/LOADING]: Auto-subscribing net.mcreator.dedsafio3.procedures.AtakProcedure to FORGE
[26Jul2026 05:21:52.160] [modloading-worker-0/DEBUG] [net.minecraftforge.fml.javafmlmod.AutomaticEventSubscriber/LOADING]: Auto-subscribing net.mcreator.dedsafio3.procedures.AracnidoProcedure to FORGE
[26Jul2026 05:21:52.161] [modloading-worker-0/DEBUG] [net.minecraftforge.fml.javafmlmod.AutomaticEventSubscriber/LOADING]: Auto-subscribing net.mcreator.dedsafio3.procedures.AdadProcedure to FORGE
[26Jul2026 05:21:52.162] [modloading-worker-0/DEBUG] [net.minecraftforge.fml.javafmlmod.AutomaticEventSubscriber/LOADING]: Auto-subscribing net.mcreator.dedsafio3.network.TikiGuiButtonMessage to MOD
[26Jul2026 05:21:52.163] [modloading-worker-0/DEBUG] [net.minecraftforge.fml.javafmlmod.AutomaticEventSubscriber/LOADING]: Auto-subscribing net.mcreator.dedsafio3.network.TaxoMessage to MOD
[26Jul2026 05:21:52.164] [modloading-worker-0/DEBUG] [net.minecraftforge.fml.javafmlmod.AutomaticEventSubscriber/LOADING]: Auto-subscribing net.mcreator.dedsafio3.network.IzquierdaMessage to MOD
[26Jul2026 05:21:52.165] [modloading-worker-0/DEBUG] [net.minecraftforge.fml.javafmlmod.AutomaticEventSubscriber/LOADING]: Auto-subscribing net.mcreator.dedsafio3.network.GMessage to MOD
[26Jul2026 05:21:52.165] [modloading-worker-0/DEBUG] [net.minecraftforge.fml.javafmlmod.AutomaticEventSubscriber/LOADING]: Auto-subscribing net.mcreator.dedsafio3.network.EspaciopeMessage to MOD
[26Jul2026 05:21:52.166] [modloading-worker-0/DEBUG] [net.minecraftforge.fml.javafmlmod.AutomaticEventSubscriber/LOADING]: Auto-subscribing net.mcreator.dedsafio3.network.DoblebeMessage to MOD
[26Jul2026 05:21:52.167] [modloading-worker-0/DEBUG] [net.minecraftforge.fml.javafmlmod.AutomaticEventSubscriber/LOADING]: Auto-subscribing net.mcreator.dedsafio3.network.DerechaMessage to MOD
[26Jul2026 05:21:52.168] [modloading-worker-0/DEBUG] [net.minecraftforge.fml.javafmlmod.AutomaticEventSubscriber/LOADING]: Auto-subscribing net.mcreator.dedsafio3.network.Dedsafio3ModVariables to MOD
[26Jul2026 05:21:52.169] [modloading-worker-0/DEBUG] [net.minecraftforge.fml.javafmlmod.AutomaticEventSubscriber/LOADING]: Auto-subscribing net.mcreator.dedsafio3.network.Dedsafio3ModVariables$PlayerVariablesProvider to FORGE
[26Jul2026 05:21:52.170] [modloading-worker-0/DEBUG] [net.minecraftforge.fml.javafmlmod.AutomaticEventSubscriber/LOADING]: Auto-subscribing net.mcreator.dedsafio3.network.Dedsafio3ModVariables$EventBusVariableHandlers to FORGE
[26Jul2026 05:21:52.176] [modloading-worker-0/DEBUG] [net.minecraftforge.fml.javafmlmod.AutomaticEventSubscriber/LOADING]: Auto-subscribing net.mcreator.dedsafio3.network.ControlKeyMessage to MOD
[26Jul2026 05:21:52.177] [modloading-worker-0/DEBUG] [net.minecraftforge.fml.javafmlmod.AutomaticEventSubscriber/LOADING]: Auto-subscribing net.mcreator.dedsafio3.network.ArribaMessage to MOD
[26Jul2026 05:21:52.177] [modloading-worker-0/DEBUG] [net.minecraftforge.fml.javafmlmod.AutomaticEventSubscriber/LOADING]: Auto-subscribing net.mcreator.dedsafio3.network.AbajoMessage to MOD
[26Jul2026 05:21:52.180] [modloading-worker-0/DEBUG] [net.minecraftforge.fml.javafmlmod.AutomaticEventSubscriber/LOADING]: Auto-subscribing net.mcreator.dedsafio3.init.EntityAnimationFactory to FORGE
[26Jul2026 05:21:52.181] [modloading-worker-0/DEBUG] [net.minecraftforge.fml.javafmlmod.AutomaticEventSubscriber/LOADING]: Auto-subscribing net.mcreator.dedsafio3.init.Dedsafio3ModVillagerProfessions to MOD
[26Jul2026 05:21:52.182] [modloading-worker-0/DEBUG] [net.minecraftforge.fml.javafmlmod.AutomaticEventSubscriber/LOADING]: Auto-subscribing net.mcreator.dedsafio3.init.Dedsafio3ModTrades to FORGE
[26Jul2026 05:21:52.183] [modloading-worker-0/DEBUG] [net.minecraftforge.fml.javafmlmod.AutomaticEventSubscriber/LOADING]: Auto-subscribing net.mcreator.dedsafio3.init.Dedsafio3ModTabs to MOD
[26Jul2026 05:21:52.185] [modloading-worker-0/DEBUG] [net.minecraftforge.fml.javafmlmod.AutomaticEventSubscriber/LOADING]: Auto-subscribing net.mcreator.dedsafio3.init.Dedsafio3ModEntities to MOD
[26Jul2026 05:21:52.186] [modloading-worker-0/DEBUG] [net.minecraftforge.fml.javafmlmod.AutomaticEventSubscriber/LOADING]: Auto-subscribing net.mcreator.dedsafio3.events.CabezasProcedure to FORGE
[26Jul2026 05:21:52.188] [modloading-worker-0/DEBUG] [net.minecraftforge.fml.javafmlmod.AutomaticEventSubscriber/LOADING]: Auto-subscribing net.mcreator.dedsafio3.command.ZombieCommand to FORGE
[26Jul2026 05:21:52.190] [modloading-worker-0/DEBUG] [net.minecraftforge.fml.javafmlmod.AutomaticEventSubscriber/LOADING]: Auto-subscribing net.mcreator.dedsafio3.command.TotemActivarCommand to FORGE
[26Jul2026 05:21:52.192] [modloading-worker-0/DEBUG] [net.minecraftforge.fml.javafmlmod.AutomaticEventSubscriber/LOADING]: Auto-subscribing net.mcreator.dedsafio3.command.SunCommand to FORGE
[26Jul2026 05:21:52.193] [modloading-worker-0/DEBUG] [net.minecraftforge.fml.javafmlmod.AutomaticEventSubscriber/LOADING]: Auto-subscribing net.mcreator.dedsafio3.command.RepairCommand to FORGE
[26Jul2026 05:21:52.194] [modloading-worker-0/DEBUG] [net.minecraftforge.fml.javafmlmod.AutomaticEventSubscriber/LOADING]: Auto-subscribing net.mcreator.dedsafio3.command.RadiacionCommand to FORGE
[26Jul2026 05:21:52.197] [modloading-worker-0/DEBUG] [net.minecraftforge.fml.javafmlmod.AutomaticEventSubscriber/LOADING]: Auto-subscribing net.mcreator.dedsafio3.command.PuertasCommand to FORGE
[26Jul2026 05:21:52.198] [modloading-worker-0/DEBUG] [net.minecraftforge.fml.javafmlmod.AutomaticEventSubscriber/LOADING]: Auto-subscribing net.mcreator.dedsafio3.command.PlaguecontrolCommand to FORGE
[26Jul2026 05:21:52.198] [modloading-worker-0/DEBUG] [net.minecraftforge.fml.javafmlmod.AutomaticEventSubscriber/LOADING]: Auto-subscribing net.mcreator.dedsafio3.command.PhantomShuffleCommand to FORGE
[26Jul2026 05:21:52.202] [modloading-worker-0/DEBUG] [net.minecraftforge.fml.javafmlmod.AutomaticEventSubscriber/LOADING]: Auto-subscribing net.mcreator.dedsafio3.command.PerlasCommand to FORGE
[26Jul2026 05:21:52.203] [modloading-worker-0/DEBUG] [net.minecraftforge.fml.javafmlmod.AutomaticEventSubscriber/LOADING]: Auto-subscribing net.mcreator.dedsafio3.command.NoBreathingCommand to FORGE
[26Jul2026 05:21:52.208] [modloading-worker-0/DEBUG] [net.minecraftforge.fml.javafmlmod.AutomaticEventSubscriber/LOADING]: Auto-subscribing net.mcreator.dedsafio3.command.NetherFeaturesCommand to FORGE
[26Jul2026 05:21:52.209] [modloading-worker-0/DEBUG] [net.minecraftforge.fml.javafmlmod.AutomaticEventSubscriber/LOADING]: Auto-subscribing net.mcreator.dedsafio3.command.Mobx3danoCommand to FORGE
[26Jul2026 05:21:52.209] [modloading-worker-0/DEBUG] [net.minecraftforge.fml.javafmlmod.AutomaticEventSubscriber/LOADING]: Auto-subscribing net.mcreator.dedsafio3.command.LavamortalCommand to FORGE
[26Jul2026 05:21:52.213] [modloading-worker-0/DEBUG] [net.minecraftforge.fml.javafmlmod.AutomaticEventSubscriber/LOADING]: Auto-subscribing net.mcreator.dedsafio3.command.LavaCommand to FORGE
[26Jul2026 05:21:52.214] [modloading-worker-0/DEBUG] [net.minecraftforge.fml.javafmlmod.AutomaticEventSubscriber/LOADING]: Auto-subscribing net.mcreator.dedsafio3.command.InfernusCommand to FORGE
[26Jul2026 05:21:52.220] [modloading-worker-0/DEBUG] [net.minecraftforge.fml.javafmlmod.AutomaticEventSubscriber/LOADING]: Auto-subscribing net.mcreator.dedsafio3.command.InfectionCommand to FORGE
[26Jul2026 05:21:52.221] [modloading-worker-0/DEBUG] [net.minecraftforge.fml.javafmlmod.AutomaticEventSubscriber/LOADING]: Auto-subscribing net.mcreator.dedsafio3.command.GeneralCommand to FORGE
[26Jul2026 05:21:52.231] [modloading-worker-0/DEBUG] [net.minecraftforge.fml.javafmlmod.AutomaticEventSubscriber/LOADING]: Auto-subscribing net.mcreator.dedsafio3.command.FuegoCommand to FORGE
[26Jul2026 05:21:52.233] [modloading-worker-0/DEBUG] [net.minecraftforge.fml.javafmlmod.AutomaticEventSubscriber/LOADING]: Auto-subscribing net.mcreator.dedsafio3.command.FiebretejedoraCommand to FORGE
[26Jul2026 05:21:52.238] [modloading-worker-0/DEBUG] [net.minecraftforge.fml.javafmlmod.AutomaticEventSubscriber/LOADING]: Auto-subscribing net.mcreator.dedsafio3.command.FiebrearacnidaCommand to FORGE
[26Jul2026 05:21:52.239] [modloading-worker-0/DEBUG] [net.minecraftforge.fml.javafmlmod.AutomaticEventSubscriber/LOADING]: Auto-subscribing net.mcreator.dedsafio3.command.CaidaDamageCommand to FORGE
[26Jul2026 05:21:52.244] [modloading-worker-0/DEBUG] [net.minecraftforge.fml.javafmlmod.AutomaticEventSubscriber/LOADING]: Auto-subscribing net.mcreator.dedsafio3.command.CactusdanoCommand to FORGE
[26Jul2026 05:21:52.245] [modloading-worker-0/DEBUG] [net.minecraftforge.fml.javafmlmod.AutomaticEventSubscriber/LOADING]: Auto-subscribing net.mcreator.dedsafio3.command.CabechasCommand to FORGE
[26Jul2026 05:21:52.245] [modloading-worker-0/DEBUG] [net.minecraftforge.fml.javafmlmod.AutomaticEventSubscriber/LOADING]: Auto-subscribing net.mcreator.dedsafio3.command.BotonesCommand to FORGE
[26Jul2026 05:21:52.608] [modloading-worker-0/DEBUG] [net.minecraftforge.fml.javafmlmod.AutomaticEventSubscriber/LOADING]: Attempting to inject @EventBusSubscriber classes into the eventbus for cristellib
[26Jul2026 05:21:53.048] [modloading-worker-0/DEBUG] [net.minecraftforge.fml.config.ConfigTracker/CONFIG]: Config file coldsweat/main.toml for cold_sweat tracking
[26Jul2026 05:21:53.053] [modloading-worker-0/DEBUG] [net.minecraftforge.fml.config.ConfigTracker/CONFIG]: Config file coldsweat/client.toml for cold_sweat tracking
[26Jul2026 05:21:53.089] [modloading-worker-0/DEBUG] [net.minecraftforge.fml.config.ConfigTracker/CONFIG]: Config file coldsweat/world.toml for cold_sweat tracking
[26Jul2026 05:21:53.105] [modloading-worker-0/DEBUG] [net.minecraftforge.fml.config.ConfigTracker/CONFIG]: Config file coldsweat/item.toml for cold_sweat tracking
[26Jul2026 05:21:53.108] [modloading-worker-0/DEBUG] [net.minecraftforge.fml.config.ConfigTracker/CONFIG]: Config file coldsweat/entity.toml for cold_sweat tracking
[26Jul2026 05:21:53.113] [modloading-worker-0/DEBUG] [net.minecraftforge.fml.javafmlmod.AutomaticEventSubscriber/LOADING]: Attempting to inject @EventBusSubscriber classes into the eventbus for cold_sweat
[26Jul2026 05:21:53.114] [modloading-worker-0/DEBUG] [net.minecraftforge.fml.javafmlmod.AutomaticEventSubscriber/LOADING]: Auto-subscribing com.momosoftworks.coldsweat.util.world.WorldHelper to FORGE
[26Jul2026 05:21:53.140] [modloading-worker-0/DEBUG] [net.minecraftforge.fml.javafmlmod.AutomaticEventSubscriber/LOADING]: Auto-subscribing com.momosoftworks.coldsweat.util.serialization.RegistryHelper$GetAccessServer to FORGE
[26Jul2026 05:21:53.153] [modloading-worker-0/DEBUG] [net.minecraftforge.fml.javafmlmod.AutomaticEventSubscriber/LOADING]: Auto-subscribing com.momosoftworks.coldsweat.util.serialization.NBTHelper to FORGE
[26Jul2026 05:21:53.160] [modloading-worker-0/DEBUG] [net.minecraftforge.fml.javafmlmod.AutomaticEventSubscriber/LOADING]: Auto-subscribing com.momosoftworks.coldsweat.data.tag.ModItemTags to FORGE
[26Jul2026 05:21:53.178] [modloading-worker-0/DEBUG] [net.minecraftforge.fml.javafmlmod.AutomaticEventSubscriber/LOADING]: Auto-subscribing com.momosoftworks.coldsweat.data.tag.ModDimensionTags to FORGE
[26Jul2026 05:21:53.183] [modloading-worker-0/DEBUG] [net.minecraftforge.fml.javafmlmod.AutomaticEventSubscriber/LOADING]: Auto-subscribing com.momosoftworks.coldsweat.data.LootTableModifiers to MOD
[26Jul2026 05:21:53.184] [modloading-worker-0/DEBUG] [net.minecraftforge.fml.javafmlmod.AutomaticEventSubscriber/LOADING]: Auto-subscribing com.momosoftworks.coldsweat.core.init.TempModifierInit to FORGE
[26Jul2026 05:21:53.199] [modloading-worker-0/DEBUG] [net.minecraftforge.fml.javafmlmod.AutomaticEventSubscriber/LOADING]: Auto-subscribing com.momosoftworks.coldsweat.core.init.EdibleInit to FORGE
[26Jul2026 05:21:53.202] [modloading-worker-0/DEBUG] [net.minecraftforge.fml.javafmlmod.AutomaticEventSubscriber/LOADING]: Auto-subscribing com.momosoftworks.coldsweat.core.init.CommandInit to FORGE
[26Jul2026 05:21:53.203] [modloading-worker-0/DEBUG] [net.minecraftforge.fml.javafmlmod.AutomaticEventSubscriber/LOADING]: Auto-subscribing com.momosoftworks.coldsweat.core.init.BlockInit to MOD
[26Jul2026 05:21:53.203] [modloading-worker-0/DEBUG] [net.minecraftforge.fml.javafmlmod.AutomaticEventSubscriber/LOADING]: Auto-subscribing com.momosoftworks.coldsweat.core.event.TaskScheduler to FORGE
[26Jul2026 05:21:53.204] [modloading-worker-0/DEBUG] [net.minecraftforge.fml.javafmlmod.AutomaticEventSubscriber/LOADING]: Auto-subscribing com.momosoftworks.coldsweat.core.event.RemapMissingIDs to FORGE
[26Jul2026 05:21:53.206] [modloading-worker-0/DEBUG] [net.minecraftforge.fml.javafmlmod.AutomaticEventSubscriber/LOADING]: Auto-subscribing com.momosoftworks.coldsweat.core.event.RegisterAttributes to MOD
[26Jul2026 05:21:53.207] [modloading-worker-0/DEBUG] [net.minecraftforge.fml.javafmlmod.AutomaticEventSubscriber/LOADING]: Auto-subscribing com.momosoftworks.coldsweat.core.event.PotionRecipes to MOD
[26Jul2026 05:21:53.208] [modloading-worker-0/DEBUG] [net.minecraftforge.fml.javafmlmod.AutomaticEventSubscriber/LOADING]: Auto-subscribing com.momosoftworks.coldsweat.core.event.AddTempAttributes to FORGE
[26Jul2026 05:21:53.210] [modloading-worker-0/DEBUG] [net.minecraftforge.fml.javafmlmod.AutomaticEventSubscriber/LOADING]: Auto-subscribing com.momosoftworks.coldsweat.core.event.AddTempAttributes$ForPlayer to MOD
[26Jul2026 05:21:53.212] [modloading-worker-0/DEBUG] [net.minecraftforge.fml.javafmlmod.AutomaticEventSubscriber/LOADING]: Auto-subscribing com.momosoftworks.coldsweat.config.ConfigLoadingHandler to FORGE
[26Jul2026 05:21:53.217] [modloading-worker-0/DEBUG] [net.minecraftforge.fml.javafmlmod.AutomaticEventSubscriber/LOADING]: Auto-subscribing com.momosoftworks.coldsweat.config.ConfigLoadingHandler$CreateRegistries to MOD
[26Jul2026 05:21:53.223] [modloading-worker-0/DEBUG] [net.minecraftforge.fml.javafmlmod.AutomaticEventSubscriber/LOADING]: Auto-subscribing com.momosoftworks.coldsweat.compat.CompatManager to FORGE
[26Jul2026 05:21:53.224] [modloading-worker-0/DEBUG] [net.minecraftforge.fml.javafmlmod.AutomaticEventSubscriber/LOADING]: Auto-subscribing com.momosoftworks.coldsweat.compat.CompatManager$ModEvents to MOD
[26Jul2026 05:21:53.225] [modloading-worker-0/DEBUG] [net.minecraftforge.fml.javafmlmod.AutomaticEventSubscriber/LOADING]: Auto-subscribing com.momosoftworks.coldsweat.common.item.SoulspringLampItem to FORGE
[26Jul2026 05:21:53.230] [modloading-worker-0/DEBUG] [net.minecraftforge.fml.javafmlmod.AutomaticEventSubscriber/LOADING]: Auto-subscribing com.momosoftworks.coldsweat.common.event.ProcessEquipmentInsulation to FORGE
[26Jul2026 05:21:53.233] [modloading-worker-0/DEBUG] [net.minecraftforge.fml.javafmlmod.AutomaticEventSubscriber/LOADING]: Auto-subscribing com.momosoftworks.coldsweat.common.event.PreventPlayerSleep to FORGE
[26Jul2026 05:21:53.234] [modloading-worker-0/DEBUG] [net.minecraftforge.fml.javafmlmod.AutomaticEventSubscriber/LOADING]: Auto-subscribing com.momosoftworks.coldsweat.common.event.PlayerDrying to FORGE
[26Jul2026 05:21:53.235] [modloading-worker-0/DEBUG] [net.minecraftforge.fml.javafmlmod.AutomaticEventSubscriber/LOADING]: Auto-subscribing com.momosoftworks.coldsweat.common.event.PlayerDamageSound to FORGE
[26Jul2026 05:21:53.236] [modloading-worker-0/DEBUG] [net.minecraftforge.fml.javafmlmod.AutomaticEventSubscriber/LOADING]: Auto-subscribing com.momosoftworks.coldsweat.common.event.IceBreakingEvents to FORGE
[26Jul2026 05:21:53.241] [modloading-worker-0/DEBUG] [net.minecraftforge.fml.javafmlmod.AutomaticEventSubscriber/LOADING]: Auto-subscribing com.momosoftworks.coldsweat.common.event.HearthSaveDataHandler to FORGE
[26Jul2026 05:21:53.243] [modloading-worker-0/DEBUG] [net.minecraftforge.fml.javafmlmod.AutomaticEventSubscriber/LOADING]: Auto-subscribing com.momosoftworks.coldsweat.common.event.HandleTempEffects to FORGE
[26Jul2026 05:21:53.246] [modloading-worker-0/DEBUG] [net.minecraftforge.fml.javafmlmod.AutomaticEventSubscriber/LOADING]: Auto-subscribing com.momosoftworks.coldsweat.common.event.ConfigPostProcessor to MOD
[26Jul2026 05:21:53.248] [modloading-worker-0/DEBUG] [net.minecraftforge.fml.javafmlmod.AutomaticEventSubscriber/LOADING]: Auto-subscribing com.momosoftworks.coldsweat.common.event.BoilerRecipeOverride to FORGE
[26Jul2026 05:21:53.249] [modloading-worker-0/DEBUG] [net.minecraftforge.fml.javafmlmod.AutomaticEventSubscriber/LOADING]: Auto-subscribing com.momosoftworks.coldsweat.common.event.ApplyPotionEffects to FORGE
[26Jul2026 05:21:53.250] [modloading-worker-0/DEBUG] [net.minecraftforge.fml.javafmlmod.AutomaticEventSubscriber/LOADING]: Auto-subscribing com.momosoftworks.coldsweat.common.event.AddWanderingTrades to FORGE
[26Jul2026 05:21:53.251] [modloading-worker-0/DEBUG] [net.minecraftforge.fml.javafmlmod.AutomaticEventSubscriber/LOADING]: Auto-subscribing com.momosoftworks.coldsweat.common.entity.Chameleon to FORGE
[26Jul2026 05:21:53.262] [modloading-worker-0/DEBUG] [mixin/]: Mixing accessor.BrainAccessor from moonlight-common.mixins.json into net.minecraft.world.entity.ai.Brain
[26Jul2026 05:21:53.288] [modloading-worker-0/DEBUG] [net.minecraftforge.fml.javafmlmod.AutomaticEventSubscriber/LOADING]: Auto-subscribing com.momosoftworks.coldsweat.common.capability.handler.ShearableFurManager to FORGE
[26Jul2026 05:21:53.303] [modloading-worker-0/DEBUG] [net.minecraftforge.fml.javafmlmod.AutomaticEventSubscriber/LOADING]: Auto-subscribing com.momosoftworks.coldsweat.common.capability.handler.ItemInsulationManager$Events to FORGE
[26Jul2026 05:21:53.310] [modloading-worker-0/DEBUG] [net.minecraftforge.fml.javafmlmod.AutomaticEventSubscriber/LOADING]: Auto-subscribing com.momosoftworks.coldsweat.common.capability.handler.EntityTempManager$Events to FORGE
[26Jul2026 05:21:53.341] [modloading-worker-0/DEBUG] [net.minecraftforge.fml.javafmlmod.AutomaticEventSubscriber/LOADING]: Auto-subscribing com.momosoftworks.coldsweat.common.blockentity.HearthBlockEntity to FORGE
[26Jul2026 05:21:53.388] [modloading-worker-0/DEBUG] [net.minecraftforge.fml.javafmlmod.AutomaticEventSubscriber/LOADING]: Auto-subscribing com.momosoftworks.coldsweat.common.block.SoulStalkBlock to FORGE
[26Jul2026 05:21:53.393] [modloading-worker-0/DEBUG] [net.minecraftforge.fml.javafmlmod.AutomaticEventSubscriber/LOADING]: Auto-subscribing com.momosoftworks.coldsweat.client.event.FilterInsulationItemsTab to FORGE
[26Jul2026 05:21:53.395] [modloading-worker-0/DEBUG] [net.minecraftforge.fml.javafmlmod.AutomaticEventSubscriber/LOADING]: Auto-subscribing com.momosoftworks.coldsweat.ColdSweat to FORGE
[26Jul2026 05:21:53.418] [main/DEBUG] [net.minecraftforge.fml.DeferredWorkQueue/LOADING]: Dispatching synchronous work for work queue CONSTRUCT: 5 jobs
[26Jul2026 05:21:53.424] [main/DEBUG] [net.minecraftforge.fml.config.ConfigTracker/CONFIG]: Config file Luminous_Nether_Configuration.toml for luminous_nether tracking
[26Jul2026 05:21:53.427] [main/DEBUG] [net.minecraftforge.fml.config.ConfigTracker/CONFIG]: Config file Luminous_Configuration.toml for luminousworld tracking
[26Jul2026 05:21:53.427] [main/INFO] [Cold Sweat/]: Gathering Cold Sweat registries
[26Jul2026 05:21:53.428] [main/INFO] [Cold Sweat/]: The event bus was started early to gather Cold Sweat registries; it will now be stopped again until the correct loading phase.
[26Jul2026 05:21:54.104] [main/DEBUG] [mixin/]: Mixing MixinRegistration from cold_sweat.mixin.json into net.minecraft.resources.RegistryDataLoader
[26Jul2026 05:21:54.138] [main/WARN] [mixin/]: @Inject(@At("INVOKE")) Shift.BY=2 on cold_sweat.mixin.json:MixinRegistration::handler$bkm000$loadRegistryContents exceeds the maximum allowed value: 0. Increase the value of maxShiftBy to suppress this warning.
[26Jul2026 05:21:54.166] [main/DEBUG] [net.minecraftforge.fml.DeferredWorkQueue/LOADING]: Synchronous work queue completed in 747.3 ms
[26Jul2026 05:21:54.821] [main/DEBUG] [net.minecraftforge.common.capabilities.CapabilityManager/CAPABILITIES]: Attempting to automatically register: Lcom/cerbon/cerbons_api/forge/capability/LevelEventSchedulerProvider;
[26Jul2026 05:21:54.822] [main/DEBUG] [net.minecraftforge.common.capabilities.CapabilityManager/CAPABILITIES]: Attempting to automatically register: Lnet/minecraftforge/energy/IEnergyStorage;
[26Jul2026 05:21:54.822] [main/DEBUG] [net.minecraftforge.common.capabilities.CapabilityManager/CAPABILITIES]: Attempting to automatically register: Lnet/minecraftforge/fluids/capability/IFluidHandler;
[26Jul2026 05:21:54.822] [main/DEBUG] [net.minecraftforge.common.capabilities.CapabilityManager/CAPABILITIES]: Attempting to automatically register: Lnet/minecraftforge/fluids/capability/IFluidHandlerItem;
[26Jul2026 05:21:54.822] [main/DEBUG] [net.minecraftforge.common.capabilities.CapabilityManager/CAPABILITIES]: Attempting to automatically register: Lnet/minecraftforge/items/IItemHandler;
[26Jul2026 05:21:57.381] [main/DEBUG] [mixin/]: Mixing NuclearFurnaceBlockEntityAccessor from tact.mixins.json into com.github.alexmodguy.alexscaves.server.block.blockentity.NuclearFurnaceBlockEntity
[26Jul2026 05:21:57.382] [main/DEBUG] [mixin/]: Mixing NuclearFurnaceBlockEntityMixin from tact.mixins.json into com.github.alexmodguy.alexscaves.server.block.blockentity.NuclearFurnaceBlockEntity
[26Jul2026 05:21:57.491] [main/DEBUG] [mixin/]: Mixing GobthumperBlockEntityMixin from tact.mixins.json into com.github.alexmodguy.alexscaves.server.block.blockentity.GobthumperBlockEntity
[26Jul2026 05:21:58.216] [main/DEBUG] [io.netty.util.internal.InternalThreadLocalMap/]: -Dio.netty.threadLocalMap.stringBuilder.initialSize: 1024
[26Jul2026 05:21:58.217] [main/DEBUG] [io.netty.util.internal.InternalThreadLocalMap/]: -Dio.netty.threadLocalMap.stringBuilder.maxSize: 4096
[26Jul2026 05:21:58.217] [main/DEBUG] [io.netty.util.internal.ThreadLocalRandom/]: -Dio.netty.initialSeedUniquifier: 0xb406e065296ec1c3
[26Jul2026 05:21:58.325] [main/DEBUG] [mixin/]: Mixing ExtinctionSpearEntityMixin from tact.mixins.json into com.github.alexmodguy.alexscaves.server.entity.item.ExtinctionSpearEntity
[26Jul2026 05:21:58.345] [main/DEBUG] [mixin/]: Mixing DesolateDaggerEntityMixin from tact.mixins.json into com.github.alexmodguy.alexscaves.server.entity.item.DesolateDaggerEntity
[26Jul2026 05:21:58.505] [main/WARN] [supermartijn642corelib/]: Could not find value 'formations:template_editor' in registry 'minecraft:item' for @RegistryEntryAcceptor!
[26Jul2026 05:21:58.931] [main/DEBUG] [mixin/]: Mixing MagnetronEntityMixin from tact.mixins.json into com.github.alexmodguy.alexscaves.server.entity.living.MagnetronEntity
[26Jul2026 05:21:58.949] [main/DEBUG] [mixin/]: Mixing FerrouslimeEntityMixin from tact.mixins.json into com.github.alexmodguy.alexscaves.server.entity.living.FerrouslimeEntity
[26Jul2026 05:21:58.969] [main/DEBUG] [mixin/]: Mixing SubterranodonEntityMixin from tact.mixins.json into com.github.alexmodguy.alexscaves.server.entity.living.SubterranodonEntity
[26Jul2026 05:21:58.985] [main/DEBUG] [mixin/]: Mixing VallumraptorEntityMixin from tact.mixins.json into com.github.alexmodguy.alexscaves.server.entity.living.VallumraptorEntity
[26Jul2026 05:21:59.006] [main/DEBUG] [mixin/]: Mixing TremorsaurusEntityMixin from tact.mixins.json into com.github.alexmodguy.alexscaves.server.entity.living.TremorsaurusEntity
[26Jul2026 05:21:59.021] [main/DEBUG] [mixin/]: Mixing LuxtructosaurusEntityMixin from tact.mixins.json into com.github.alexmodguy.alexscaves.server.entity.living.LuxtructosaurusEntity
[26Jul2026 05:21:59.066] [main/DEBUG] [mixin/]: Mixing TremorzillaEntityMixin from tact.mixins.json into com.github.alexmodguy.alexscaves.server.entity.living.TremorzillaEntity
[26Jul2026 05:21:59.155] [main/DEBUG] [mixin/]: Mixing ForsakenEntityMixin from tact.mixins.json into com.github.alexmodguy.alexscaves.server.entity.living.ForsakenEntity
[26Jul2026 05:21:59.252] [main/WARN] [Moonlight/]: Failed to find child for WoodType: luminous_nether:mushroom - stick. Ignored! ERROR: No value present
[26Jul2026 05:21:59.279] [main/INFO] [Moonlight/]: Initialized block sets in 30ms
[26Jul2026 05:21:59.601] [main/DEBUG] [mixin/]: Mixing accessors.inventory.AccessorInventoryMenu from bookshelf.common.mixins.json into net.minecraft.world.inventory.InventoryMenu
[26Jul2026 05:21:59.734] [main/DEBUG] [placebo/]: Registered 0 recipe types.
[26Jul2026 05:21:59.748] [main/DEBUG] [bookshelf/]: Built 2 minecraft:recipe_serializer entries. Took 3.78ms.
[26Jul2026 05:21:59.817] [main/DEBUG] [bookshelf/]: Built 2 minecraft:command_argument_type entries. Took 19.77ms.
[26Jul2026 05:22:00.184] [main/WARN] [net.minecraftforge.registries.ForgeRegistry/REGISTRIES]: Registry forge:global_loot_modifier_serializers: The object RecordCodec[UnitDecoder[vectorwing.farmersdelight.common.loot.modifier.AddItemModifier$$Lambda$19176/0x000074e17261aaf0@6ff547ca] * Field[conditions: passthrough[flatXmapped]] * Field[item: net.minecraftforge.registries.ForgeRegistry$RegistryCodec@36fcd471] * OptionalFieldCodec[count: Int][xmapped]] has been registered twice for the same name farmersdelight:add_item.
[26Jul2026 05:22:00.185] [main/WARN] [net.minecraftforge.registries.ForgeRegistry/REGISTRIES]: Registry forge:global_loot_modifier_serializers: The object RecordCodec[UnitDecoder[vectorwing.farmersdelight.common.loot.modifier.ReplaceItemModifier$$Lambda$19181/0x000074e17261b630@5a89b548] * Field[conditions: passthrough[flatXmapped]] * Field[removed_item: net.minecraftforge.registries.ForgeRegistry$RegistryCodec@36fcd471] * Field[added_item: net.minecraftforge.registries.ForgeRegistry$RegistryCodec@36fcd471] * OptionalFieldCodec[count: Int][xmapped]] has been registered twice for the same name farmersdelight:replace_item.
[26Jul2026 05:22:00.185] [main/WARN] [net.minecraftforge.registries.ForgeRegistry/REGISTRIES]: Registry forge:global_loot_modifier_serializers: The object RecordCodec[UnitDecoder[vectorwing.farmersdelight.common.loot.modifier.AddLootTableModifier$$Lambda$19184/0x000074e17261bd00@7af89ecf] * Field[conditions: passthrough[flatXmapped]] * Field[lootTable: String[comapFlatMapped]]] has been registered twice for the same name farmersdelight:add_loot_table.
[26Jul2026 05:22:00.186] [main/WARN] [net.minecraftforge.registries.ForgeRegistry/REGISTRIES]: Registry forge:global_loot_modifier_serializers: The object RecordCodec[UnitDecoder[vectorwing.farmersdelight.common.loot.modifier.PastrySlicingModifier$$Lambda$19187/0x000074e17261e480@72e78e59] * Field[conditions: passthrough[flatXmapped]] * Field[slice: net.minecraftforge.registries.ForgeRegistry$RegistryCodec@36fcd471]] has been registered twice for the same name farmersdelight:pastry_slicing.
[26Jul2026 05:22:00.196] [main/DEBUG] [mixin/]: Mixing LootPoolMixin from platform.mixins.json into net.minecraft.world.level.storage.loot.LootPool
[26Jul2026 05:22:00.261] [main/INFO] [Easy NPC: Core/]: Used vanilla attributes for user-defined entity example_villager with base type entity.minecraft.villager
[26Jul2026 05:22:00.262] [main/INFO] [Easy NPC: Core/]: Used vanilla attributes for user-defined entity example_zombie with base type entity.minecraft.zombie
[26Jul2026 05:22:00.284] [main/DEBUG] [mixin/]: Mixing access.SpawnPlacementsAccessor from platform-common.mixins.json into net.minecraft.world.entity.SpawnPlacements
[26Jul2026 05:22:00.284] [main/DEBUG] [mixin/]: Renaming @Accessor method getDATA_BY_TYPE()Ljava/util/Map; to getDATA_BY_TYPE_$md$d17185$0 in platform-common.mixins.json:access.SpawnPlacementsAccessor
[26Jul2026 05:22:00.340] [main/WARN] [net.minecraft.network.syncher.SynchedEntityData/]: defineId called for: class com.github.alexmodguy.alexscaves.server.entity.living.TremorzillaEntity from class com.github.alexmodguy.alexscaves.server.entity.living.LicowitchEntity
[26Jul2026 05:22:00.342] [main/DEBUG] [mixin/]: Mixing PotionUtilsMixin from alexscaves.mixins.json into net.minecraft.world.item.alchemy.PotionUtils
[26Jul2026 05:22:00.342] [main/DEBUG] [mixin/]: Renaming synthetic method lambda$ac_getColor$0(Lnet/minecraft/world/effect/MobEffectInstance;)Z to mdd17185$lambda$ac_getColor$0$0 in alexscaves.mixins.json:PotionUtilsMixin
[26Jul2026 05:22:00.380] [main/DEBUG] [net.minecraftforge.fml.config.ConfigFileTypeHandler/CONFIG]: Built TOML config for /workspaces/enderdeath/servidor_minecraft/config/tact-common.toml
[26Jul2026 05:22:00.390] [main/DEBUG] [net.minecraftforge.fml.config.ConfigFileTypeHandler/CONFIG]: Loaded TOML config file /workspaces/enderdeath/servidor_minecraft/config/tact-common.toml
[26Jul2026 05:22:00.400] [main/DEBUG] [net.minecraftforge.fml.config.ConfigFileTypeHandler/CONFIG]: Watching TOML config file /workspaces/enderdeath/servidor_minecraft/config/tact-common.toml for changes
[26Jul2026 05:22:00.645] [main/DEBUG] [net.minecraftforge.fml.config.ConfigTracker/CONFIG]: Loading configs type COMMON
[26Jul2026 05:22:00.646] [main/DEBUG] [net.minecraftforge.fml.config.ConfigFileTypeHandler/CONFIG]: Built TOML config for /workspaces/enderdeath/servidor_minecraft/config/netherexp-common.toml
[26Jul2026 05:22:00.648] [main/DEBUG] [net.minecraftforge.fml.config.ConfigFileTypeHandler/CONFIG]: Loaded TOML config file /workspaces/enderdeath/servidor_minecraft/config/netherexp-common.toml
[26Jul2026 05:22:00.648] [main/DEBUG] [net.minecraftforge.fml.config.ConfigFileTypeHandler/CONFIG]: Watching TOML config file /workspaces/enderdeath/servidor_minecraft/config/netherexp-common.toml for changes
[26Jul2026 05:22:00.651] [main/DEBUG] [net.minecraftforge.fml.config.ConfigFileTypeHandler/CONFIG]: Built TOML config for /workspaces/enderdeath/servidor_minecraft/config/modernfix-common.toml
[26Jul2026 05:22:00.651] [main/DEBUG] [net.minecraftforge.fml.config.ConfigFileTypeHandler/CONFIG]: Loaded TOML config file /workspaces/enderdeath/servidor_minecraft/config/modernfix-common.toml
[26Jul2026 05:22:00.652] [main/DEBUG] [net.minecraftforge.fml.config.ConfigFileTypeHandler/CONFIG]: Watching TOML config file /workspaces/enderdeath/servidor_minecraft/config/modernfix-common.toml for changes
[26Jul2026 05:22:00.653] [main/DEBUG] [net.minecraftforge.fml.config.ConfigFileTypeHandler/CONFIG]: Built TOML config for /workspaces/enderdeath/servidor_minecraft/config/citadel-common.toml
[26Jul2026 05:22:00.653] [main/DEBUG] [net.minecraftforge.fml.config.ConfigFileTypeHandler/CONFIG]: Loaded TOML config file /workspaces/enderdeath/servidor_minecraft/config/citadel-common.toml
[26Jul2026 05:22:00.654] [main/DEBUG] [net.minecraftforge.fml.config.ConfigFileTypeHandler/CONFIG]: Watching TOML config file /workspaces/enderdeath/servidor_minecraft/config/citadel-common.toml for changes
[26Jul2026 05:22:00.654] [main/DEBUG] [net.minecraftforge.fml.config.ConfigFileTypeHandler/CONFIG]: Built TOML config for /workspaces/enderdeath/servidor_minecraft/config/just_leveling-common.toml
[26Jul2026 05:22:00.656] [main/DEBUG] [net.minecraftforge.fml.config.ConfigFileTypeHandler/CONFIG]: Loaded TOML config file /workspaces/enderdeath/servidor_minecraft/config/just_leveling-common.toml
[26Jul2026 05:22:00.656] [main/DEBUG] [net.minecraftforge.fml.config.ConfigFileTypeHandler/CONFIG]: Watching TOML config file /workspaces/enderdeath/servidor_minecraft/config/just_leveling-common.toml for changes
[26Jul2026 05:22:00.659] [main/DEBUG] [net.minecraftforge.fml.config.ConfigFileTypeHandler/CONFIG]: Built TOML config for /workspaces/enderdeath/servidor_minecraft/config/farmersdelight-common.toml
[26Jul2026 05:22:00.662] [main/DEBUG] [net.minecraftforge.fml.config.ConfigFileTypeHandler/CONFIG]: Loaded TOML config file /workspaces/enderdeath/servidor_minecraft/config/farmersdelight-common.toml
[26Jul2026 05:22:00.662] [main/DEBUG] [net.minecraftforge.fml.config.ConfigFileTypeHandler/CONFIG]: Watching TOML config file /workspaces/enderdeath/servidor_minecraft/config/farmersdelight-common.toml for changes
[26Jul2026 05:22:00.665] [main/DEBUG] [net.minecraftforge.fml.config.ConfigFileTypeHandler/CONFIG]: Built TOML config for /workspaces/enderdeath/servidor_minecraft/config/cataclysm.toml
[26Jul2026 05:22:00.672] [main/DEBUG] [net.minecraftforge.fml.config.ConfigFileTypeHandler/CONFIG]: Loaded TOML config file /workspaces/enderdeath/servidor_minecraft/config/cataclysm.toml
[26Jul2026 05:22:00.672] [main/DEBUG] [net.minecraftforge.fml.config.ConfigFileTypeHandler/CONFIG]: Watching TOML config file /workspaces/enderdeath/servidor_minecraft/config/cataclysm.toml for changes
[26Jul2026 05:22:00.700] [main/DEBUG] [net.minecraftforge.fml.config.ConfigFileTypeHandler/CONFIG]: Built TOML config for /workspaces/enderdeath/servidor_minecraft/config/curios-common.toml
[26Jul2026 05:22:00.702] [main/DEBUG] [net.minecraftforge.fml.config.ConfigFileTypeHandler/CONFIG]: Loaded TOML config file /workspaces/enderdeath/servidor_minecraft/config/curios-common.toml
[26Jul2026 05:22:00.703] [main/DEBUG] [net.minecraftforge.fml.config.ConfigFileTypeHandler/CONFIG]: Watching TOML config file /workspaces/enderdeath/servidor_minecraft/config/curios-common.toml for changes
[26Jul2026 05:22:00.703] [main/DEBUG] [net.minecraftforge.fml.config.ConfigFileTypeHandler/CONFIG]: Built TOML config for /workspaces/enderdeath/servidor_minecraft/config/onlylooking-common.toml
[26Jul2026 05:22:00.704] [main/DEBUG] [net.minecraftforge.fml.config.ConfigFileTypeHandler/CONFIG]: Loaded TOML config file /workspaces/enderdeath/servidor_minecraft/config/onlylooking-common.toml
[26Jul2026 05:22:00.704] [main/DEBUG] [net.minecraftforge.fml.config.ConfigFileTypeHandler/CONFIG]: Watching TOML config file /workspaces/enderdeath/servidor_minecraft/config/onlylooking-common.toml for changes
[26Jul2026 05:22:00.705] [main/DEBUG] [net.minecraftforge.fml.config.ConfigFileTypeHandler/CONFIG]: Built TOML config for /workspaces/enderdeath/servidor_minecraft/config/aiimprovements-common.toml
[26Jul2026 05:22:00.711] [main/DEBUG] [net.minecraftforge.fml.config.ConfigFileTypeHandler/CONFIG]: Loaded TOML config file /workspaces/enderdeath/servidor_minecraft/config/aiimprovements-common.toml
[26Jul2026 05:22:00.711] [main/DEBUG] [net.minecraftforge.fml.config.ConfigFileTypeHandler/CONFIG]: Watching TOML config file /workspaces/enderdeath/servidor_minecraft/config/aiimprovements-common.toml for changes
[26Jul2026 05:22:00.713] [main/DEBUG] [net.minecraftforge.fml.config.ConfigFileTypeHandler/CONFIG]: Built TOML config for /workspaces/enderdeath/servidor_minecraft/config/betterendisland-forge-1_20.toml
[26Jul2026 05:22:00.713] [main/DEBUG] [net.minecraftforge.fml.config.ConfigFileTypeHandler/CONFIG]: Loaded TOML config file /workspaces/enderdeath/servidor_minecraft/config/betterendisland-forge-1_20.toml
[26Jul2026 05:22:00.714] [main/DEBUG] [net.minecraftforge.fml.config.ConfigFileTypeHandler/CONFIG]: Watching TOML config file /workspaces/enderdeath/servidor_minecraft/config/betterendisland-forge-1_20.toml for changes
[26Jul2026 05:22:00.715] [main/DEBUG] [net.minecraftforge.fml.config.ConfigFileTypeHandler/CONFIG]: Built TOML config for /workspaces/enderdeath/servidor_minecraft/config/betterstrongholds-forge-1_20.toml
[26Jul2026 05:22:00.716] [main/DEBUG] [net.minecraftforge.fml.config.ConfigFileTypeHandler/CONFIG]: Loaded TOML config file /workspaces/enderdeath/servidor_minecraft/config/betterstrongholds-forge-1_20.toml
[26Jul2026 05:22:00.716] [main/DEBUG] [net.minecraftforge.fml.config.ConfigFileTypeHandler/CONFIG]: Watching TOML config file /workspaces/enderdeath/servidor_minecraft/config/betterstrongholds-forge-1_20.toml for changes
[26Jul2026 05:22:00.722] [main/DEBUG] [fuzs.puzzleslib.impl.config.core.ForgeConfigFileTypeHandler/CONFIG]: Built TOML config for /workspaces/enderdeath/servidor_minecraft/config/mutantmonsters-common.toml
[26Jul2026 05:22:00.722] [main/DEBUG] [fuzs.puzzleslib.impl.config.core.ForgeConfigFileTypeHandler/CONFIG]: Loaded TOML config file /workspaces/enderdeath/servidor_minecraft/config/mutantmonsters-common.toml
[26Jul2026 05:22:00.723] [main/DEBUG] [fuzs.puzzleslib.impl.config.core.ForgeConfigFileTypeHandler/CONFIG]: Watching TOML config file /workspaces/enderdeath/servidor_minecraft/config/mutantmonsters-common.toml for changes
[26Jul2026 05:22:00.724] [main/INFO] [Puzzles Lib/]: Loading common config for mutantmonsters
[26Jul2026 05:22:00.725] [main/DEBUG] [net.minecraftforge.fml.config.ConfigFileTypeHandler/CONFIG]: Built TOML config for /workspaces/enderdeath/servidor_minecraft/config/Luminous_Nether_Terrablender.toml
[26Jul2026 05:22:00.725] [main/DEBUG] [net.minecraftforge.fml.config.ConfigFileTypeHandler/CONFIG]: Loaded TOML config file /workspaces/enderdeath/servidor_minecraft/config/Luminous_Nether_Terrablender.toml
[26Jul2026 05:22:00.726] [main/DEBUG] [net.minecraftforge.fml.config.ConfigFileTypeHandler/CONFIG]: Watching TOML config file /workspaces/enderdeath/servidor_minecraft/config/Luminous_Nether_Terrablender.toml for changes
[26Jul2026 05:22:00.727] [main/DEBUG] [net.minecraftforge.fml.config.ConfigFileTypeHandler/CONFIG]: Built TOML config for /workspaces/enderdeath/servidor_minecraft/config/alexscaves-general.toml
[26Jul2026 05:22:00.728] [main/DEBUG] [net.minecraftforge.fml.config.ConfigFileTypeHandler/CONFIG]: Loaded TOML config file /workspaces/enderdeath/servidor_minecraft/config/alexscaves-general.toml
[26Jul2026 05:22:00.729] [main/DEBUG] [net.minecraftforge.fml.config.ConfigFileTypeHandler/CONFIG]: Watching TOML config file /workspaces/enderdeath/servidor_minecraft/config/alexscaves-general.toml for changes
[26Jul2026 05:22:00.737] [main/DEBUG] [net.minecraftforge.fml.config.ConfigFileTypeHandler/CONFIG]: Built TOML config for /workspaces/enderdeath/servidor_minecraft/config/tact-common.toml
[26Jul2026 05:22:00.738] [main/DEBUG] [net.minecraftforge.fml.config.ConfigFileTypeHandler/CONFIG]: Loaded TOML config file /workspaces/enderdeath/servidor_minecraft/config/tact-common.toml
[26Jul2026 05:22:00.738] [main/DEBUG] [net.minecraftforge.fml.config.ConfigFileTypeHandler/CONFIG]: Watching TOML config file /workspaces/enderdeath/servidor_minecraft/config/tact-common.toml for changes
[26Jul2026 05:22:00.742] [main/DEBUG] [net.minecraftforge.fml.config.ConfigFileTypeHandler/CONFIG]: Built TOML config for /workspaces/enderdeath/servidor_minecraft/config/moonlight-common.toml
[26Jul2026 05:22:00.742] [main/DEBUG] [net.minecraftforge.fml.config.ConfigFileTypeHandler/CONFIG]: Loaded TOML config file /workspaces/enderdeath/servidor_minecraft/config/moonlight-common.toml
[26Jul2026 05:22:00.742] [main/DEBUG] [net.minecraftforge.fml.config.ConfigFileTypeHandler/CONFIG]: Watching TOML config file /workspaces/enderdeath/servidor_minecraft/config/moonlight-common.toml for changes
[26Jul2026 05:22:00.745] [main/DEBUG] [net.minecraftforge.fml.config.ConfigFileTypeHandler/CONFIG]: Built TOML config for /workspaces/enderdeath/servidor_minecraft/config/lunar-common.toml
[26Jul2026 05:22:00.747] [main/DEBUG] [net.minecraftforge.fml.config.ConfigFileTypeHandler/CONFIG]: Loaded TOML config file /workspaces/enderdeath/servidor_minecraft/config/lunar-common.toml
[26Jul2026 05:22:00.747] [main/DEBUG] [net.minecraftforge.fml.config.ConfigFileTypeHandler/CONFIG]: Watching TOML config file /workspaces/enderdeath/servidor_minecraft/config/lunar-common.toml for changes
[26Jul2026 05:22:00.751] [main/DEBUG] [fuzs.puzzleslib.impl.config.core.ForgeConfigFileTypeHandler/CONFIG]: Built TOML config for /workspaces/enderdeath/servidor_minecraft/config/bettertridents-common.toml
[26Jul2026 05:22:00.751] [main/DEBUG] [fuzs.puzzleslib.impl.config.core.ForgeConfigFileTypeHandler/CONFIG]: Loaded TOML config file /workspaces/enderdeath/servidor_minecraft/config/bettertridents-common.toml
[26Jul2026 05:22:00.751] [main/DEBUG] [fuzs.puzzleslib.impl.config.core.ForgeConfigFileTypeHandler/CONFIG]: Watching TOML config file /workspaces/enderdeath/servidor_minecraft/config/bettertridents-common.toml for changes
[26Jul2026 05:22:00.754] [main/INFO] [Puzzles Lib/]: Loading common config for bettertridents
[26Jul2026 05:22:00.756] [main/DEBUG] [net.minecraftforge.fml.config.ConfigFileTypeHandler/CONFIG]: Built TOML config for /workspaces/enderdeath/servidor_minecraft/config/lootr-common.toml
[26Jul2026 05:22:00.756] [main/DEBUG] [net.minecraftforge.fml.config.ConfigFileTypeHandler/CONFIG]: Loaded TOML config file /workspaces/enderdeath/servidor_minecraft/config/lootr-common.toml
[26Jul2026 05:22:00.758] [main/DEBUG] [net.minecraftforge.fml.config.ConfigFileTypeHandler/CONFIG]: Watching TOML config file /workspaces/enderdeath/servidor_minecraft/config/lootr-common.toml for changes
[26Jul2026 05:22:00.763] [main/DEBUG] [net.minecraftforge.fml.config.ConfigFileTypeHandler/CONFIG]: Built TOML config for /workspaces/enderdeath/servidor_minecraft/config/cosmeticarmorreworked-common.toml
[26Jul2026 05:22:00.765] [main/DEBUG] [net.minecraftforge.fml.config.ConfigFileTypeHandler/CONFIG]: Loaded TOML config file /workspaces/enderdeath/servidor_minecraft/config/cosmeticarmorreworked-common.toml
[26Jul2026 05:22:00.765] [main/DEBUG] [net.minecraftforge.fml.config.ConfigFileTypeHandler/CONFIG]: Watching TOML config file /workspaces/enderdeath/servidor_minecraft/config/cosmeticarmorreworked-common.toml for changes
[26Jul2026 05:22:00.767] [main/DEBUG] [net.minecraftforge.fml.config.ConfigFileTypeHandler/CONFIG]: Built TOML config for /workspaces/enderdeath/servidor_minecraft/config/coldsweat/main.toml
[26Jul2026 05:22:00.769] [main/DEBUG] [net.minecraftforge.fml.config.ConfigFileTypeHandler/CONFIG]: Loaded TOML config file /workspaces/enderdeath/servidor_minecraft/config/coldsweat/main.toml
[26Jul2026 05:22:00.773] [main/DEBUG] [net.minecraftforge.fml.config.ConfigFileTypeHandler/CONFIG]: Watching TOML config file /workspaces/enderdeath/servidor_minecraft/config/coldsweat/main.toml for changes
[26Jul2026 05:22:00.789] [main/DEBUG] [net.minecraftforge.fml.config.ConfigFileTypeHandler/CONFIG]: Built TOML config for /workspaces/enderdeath/servidor_minecraft/config/coldsweat/world.toml
[26Jul2026 05:22:00.790] [main/DEBUG] [net.minecraftforge.fml.config.ConfigFileTypeHandler/CONFIG]: Loaded TOML config file /workspaces/enderdeath/servidor_minecraft/config/coldsweat/world.toml
[26Jul2026 05:22:00.792] [main/DEBUG] [net.minecraftforge.fml.config.ConfigFileTypeHandler/CONFIG]: Watching TOML config file /workspaces/enderdeath/servidor_minecraft/config/coldsweat/world.toml for changes
[26Jul2026 05:22:00.799] [main/DEBUG] [net.minecraftforge.fml.config.ConfigFileTypeHandler/CONFIG]: Built TOML config for /workspaces/enderdeath/servidor_minecraft/config/coldsweat/item.toml
[26Jul2026 05:22:00.800] [main/DEBUG] [net.minecraftforge.fml.config.ConfigFileTypeHandler/CONFIG]: Loaded TOML config file /workspaces/enderdeath/servidor_minecraft/config/coldsweat/item.toml
[26Jul2026 05:22:00.800] [main/DEBUG] [net.minecraftforge.fml.config.ConfigFileTypeHandler/CONFIG]: Watching TOML config file /workspaces/enderdeath/servidor_minecraft/config/coldsweat/item.toml for changes
[26Jul2026 05:22:00.804] [main/DEBUG] [net.minecraftforge.fml.config.ConfigFileTypeHandler/CONFIG]: Built TOML config for /workspaces/enderdeath/servidor_minecraft/config/coldsweat/entity.toml
[26Jul2026 05:22:00.805] [main/DEBUG] [net.minecraftforge.fml.config.ConfigFileTypeHandler/CONFIG]: Loaded TOML config file /workspaces/enderdeath/servidor_minecraft/config/coldsweat/entity.toml
[26Jul2026 05:22:00.805] [main/DEBUG] [net.minecraftforge.fml.config.ConfigFileTypeHandler/CONFIG]: Watching TOML config file /workspaces/enderdeath/servidor_minecraft/config/coldsweat/entity.toml for changes
[26Jul2026 05:22:00.807] [main/DEBUG] [net.minecraftforge.fml.config.ConfigFileTypeHandler/CONFIG]: Built TOML config for /workspaces/enderdeath/servidor_minecraft/config/Luminous_Nether_Configuration.toml
[26Jul2026 05:22:00.807] [main/DEBUG] [net.minecraftforge.fml.config.ConfigFileTypeHandler/CONFIG]: Loaded TOML config file /workspaces/enderdeath/servidor_minecraft/config/Luminous_Nether_Configuration.toml
[26Jul2026 05:22:00.808] [main/DEBUG] [net.minecraftforge.fml.config.ConfigFileTypeHandler/CONFIG]: Watching TOML config file /workspaces/enderdeath/servidor_minecraft/config/Luminous_Nether_Configuration.toml for changes
[26Jul2026 05:22:00.808] [main/DEBUG] [net.minecraftforge.fml.config.ConfigFileTypeHandler/CONFIG]: Built TOML config for /workspaces/enderdeath/servidor_minecraft/config/Luminous_Configuration.toml
[26Jul2026 05:22:00.809] [main/DEBUG] [net.minecraftforge.fml.config.ConfigFileTypeHandler/CONFIG]: Loaded TOML config file /workspaces/enderdeath/servidor_minecraft/config/Luminous_Configuration.toml
[26Jul2026 05:22:00.809] [main/DEBUG] [net.minecraftforge.fml.config.ConfigFileTypeHandler/CONFIG]: Watching TOML config file /workspaces/enderdeath/servidor_minecraft/config/Luminous_Configuration.toml for changes
[26Jul2026 05:22:00.971] [modloading-worker-0/INFO] [com.connectivity.Connectivity/]: Connectivity initialized
[26Jul2026 05:22:01.091] [modloading-worker-0/DEBUG] [ModernFix/]: Cleared 10550 object holder stacktrace references
[26Jul2026 05:22:01.148] [modloading-worker-0/INFO] [com.iafenvoy.jupiter.Jupiter/]: 0 Jupiter entrypoint(s) detected: 
[26Jul2026 05:22:01.163] [modloading-worker-0/DEBUG] [mixin/]: Mixing MixinSlotAttribute from curios.mixins.json into top.theillusivec4.curios.api.SlotAttribute
[26Jul2026 05:22:01.171] [modloading-worker-0/DEBUG] [com.cerbon.cerbons_api.util.Constants/]: Registering packet cerbons_api:packets : class com.cerbon.cerbons_api.packet.custom.MultipartEntityInteractionC2SPacket on the: SERVER
[26Jul2026 05:22:01.176] [modloading-worker-0/DEBUG] [mixin/]: Mixing MixinCuriosApi from curios.mixins.json into top.theillusivec4.curios.api.CuriosApi
[26Jul2026 05:22:01.451] [modloading-worker-0/DEBUG] [Lunar/]: Adding Lunar Event: lunar:blood_moon
[26Jul2026 05:22:01.455] [modloading-worker-0/DEBUG] [Lunar/]: Adding Lunar Event: lunar:crimson_moon
[26Jul2026 05:22:01.461] [modloading-worker-0/DEBUG] [Lunar/]: Loaded com.mrbysco.lunar.platform.ForgePlatformHelper@20374464 for service interface com.mrbysco.lunar.platform.services.IPlatformHelper
[26Jul2026 05:22:01.461] [modloading-worker-0/DEBUG] [Lunar/]: Adding Lunar Event: lunar:miner_moon
[26Jul2026 05:22:01.463] [modloading-worker-0/DEBUG] [Lunar/]: Adding Lunar Event: lunar:white_moon
[26Jul2026 05:22:01.467] [modloading-worker-0/DEBUG] [Lunar/]: Adding Lunar Event: lunar:big_moon
[26Jul2026 05:22:01.467] [modloading-worker-0/DEBUG] [Lunar/]: Adding Lunar Event: lunar:tiny_moon
[26Jul2026 05:22:01.468] [modloading-worker-0/DEBUG] [Lunar/]: Adding Lunar Event: lunar:bad_omen_moon
[26Jul2026 05:22:01.468] [modloading-worker-0/DEBUG] [Lunar/]: Adding Lunar Event: lunar:hero_moon
[26Jul2026 05:22:01.475] [modloading-worker-0/DEBUG] [Lunar/]: Adding Lunar Event: lunar:eclipse_moon
[26Jul2026 05:22:01.510] [Forge Version Check/INFO] [net.minecraftforge.fml.VersionChecker/]: [easyanvils] Starting version check at https://raw.githubusercontent.com/Fuzss/modresources/main/update/easyanvils.json
[26Jul2026 05:22:01.563] [modloading-worker-0/DEBUG] [mixin/]: Mixing MixinNbtPredicate from curios.mixins.json into net.minecraft.advancements.critereon.NbtPredicate
[26Jul2026 05:22:01.608] [main/DEBUG] [net.minecraftforge.fml.DeferredWorkQueue/LOADING]: Dispatching synchronous work for work queue COMMON_SETUP: 66 jobs
[26Jul2026 05:22:01.615] [main/INFO] [Easy NPC: Core/]: 🗣 Register Easy NPC: Core Network Handler for net.minecraftforge.network.simple.SimpleChannel@472c033e with version 30
[26Jul2026 05:22:01.616] [main/INFO] [Easy NPC: Core/]: 🗣 Register Easy NPC: Core Network Handler ...
[26Jul2026 05:22:01.617] [main/INFO] [Easy NPC: Core/]: Registering network messages for BOTH side ...
[26Jul2026 05:22:01.731] [main/INFO] [Copper-Age-Backport/]: Fired 1 registration callbacks
[26Jul2026 05:22:01.733] [Forge Version Check/DEBUG] [net.minecraftforge.fml.VersionChecker/]: [easyanvils] Received version check data:
{
    "homepage": "https://github.com/Fuzss/easyanvils",
    "promos": {
        "1.19.2-latest": "4.0.11",
        "1.19.2-recommended": "4.0.11",
        "1.19.3-latest": "5.0.1",
        "1.19.3-recommended": "5.0.1",
        "1.19.4-latest": "6.0.0",
        "1.19.4-recommended": "6.0.0",
        "1.20-latest": "7.0.0",
        "1.20-recommended": "7.0.0",
        "1.20.1-latest": "8.0.2",
        "1.20.1-recommended": "8.0.2",
        "1.18.2-latest": "3.0.0",
        "1.18.2-recommended": "3.0.0",
        "1.20.4-latest": "20.4.6",
        "1.20.4-recommended": "20.4.6",
        "1.21-latest": "21.0.5",
        "1.21-recommended": "21.0.5",
        "1.21.1-latest": "21.1.0",
        "1.21.1-recommended": "21.1.0",
        "1.21.3-latest": "21.3.1",
        "1.21.3-recommended": "21.3.1",
        "1.21.4-latest": "21.4.1",
        "1.21.4-recommended": "21.4.1",
        "1.21.5-latest": "21.5.1",
        "1.21.5-recommended": "21.5.1",
        "1.21.6-latest": "21.6.0",
        "1.21.6-recommended": "21.6.0",
        "1.21.7-latest": "21.7.0",
        "1.21.7-recommended": "21.7.0",
        "1.21.8-latest": "21.8.0",
        "1.21.8-recommended": "21.8.0",
        "1.21.9-latest": "21.9.0",
        "1.21.9-recommended": "21.9.0",
        "1.21.10-latest": "21.10.0",
        "1.21.10-recommended": "21.10.0"
    }
}
[26Jul2026 05:22:01.738] [Forge Version Check/INFO] [net.minecraftforge.fml.VersionChecker/]: [easyanvils] Found status: UP_TO_DATE Current: 8.0.2 Target: null
[26Jul2026 05:22:01.739] [Forge Version Check/INFO] [net.minecraftforge.fml.VersionChecker/]: [bookshelf] Starting version check at https://updates.blamejared.com/get?n=bookshelf&gv=1.20.1
[26Jul2026 05:22:01.847] [main/INFO] [Framework/SYNCED_ENTITY_DATA]: Registered synced data key refurbished_furniture:lock_yaw for refurbished_furniture:seat
[26Jul2026 05:22:01.855] [main/INFO] [Easy NPC: Config UI/]: 🗣 Register Easy NPC: Config UI Network Handler for net.minecraftforge.network.simple.SimpleChannel@55015094 with version 30
[26Jul2026 05:22:01.858] [main/INFO] [Easy NPC: Config UI/]: 🗣 Register Easy NPC: Config UI Network Handler ...
[26Jul2026 05:22:01.860] [main/INFO] [Easy NPC: Config UI/]: Registering network messages for BOTH side ...
[26Jul2026 05:22:01.860] [main/INFO] [Easy NPC: Config UI/]: Registering client network handler ...
[26Jul2026 05:22:01.869] [main/INFO] [Easy NPC: Config UI/]: Registering server network handler ...
[26Jul2026 05:22:01.964] [main/INFO] [terrablender/]: Registered region minecraft:overworld to index 0 for type OVERWORLD
[26Jul2026 05:22:01.964] [main/INFO] [terrablender/]: Registered region minecraft:nether to index 0 for type NETHER
[26Jul2026 05:22:01.964] [main/INFO] [terrablender/]: Registered region luminous_nether:nether_region to index 1 for type NETHER
[26Jul2026 05:22:01.968] [main/DEBUG] [mixin/]: Mixing RaidMemberMixin from friendsandfoes-common.mixins.json into net.minecraft.world.entity.raid.Raid$RaiderType
[26Jul2026 05:22:02.172] [main/INFO] [Moonlight/]: Initialized color sets in 145ms
[26Jul2026 05:22:02.198] [main/INFO] [com.finderfeed.fdlib.FDLib/]: Loading FD animations...
[26Jul2026 05:22:02.199] [main/INFO] [com.finderfeed.fdlib.FDLib/]: Loading animation: raidsenhanced:raid_airship_fly
[26Jul2026 05:22:02.216] [main/INFO] [com.finderfeed.fdlib.FDLib/]: Loading animation: raidsenhanced:raid_airship_idle
[26Jul2026 05:22:02.228] [main/INFO] [com.finderfeed.fdlib.FDLib/]: Loading animation: raidsenhanced:raid_airship_illager_observe
[26Jul2026 05:22:02.230] [main/INFO] [com.finderfeed.fdlib.FDLib/]: Loading animation: raidsenhanced:raid_airship_throw_bomb
[26Jul2026 05:22:02.238] [main/INFO] [com.finderfeed.fdlib.FDLib/]: Loading animation: raidsenhanced:raid_airship_death
[26Jul2026 05:22:02.241] [main/INFO] [com.finderfeed.fdlib.FDLib/]: Loading animation: raidsenhanced:illager_golem_strike_1
[26Jul2026 05:22:02.244] [main/INFO] [com.finderfeed.fdlib.FDLib/]: Loading animation: raidsenhanced:illager_golem_strike_2
[26Jul2026 05:22:02.247] [main/INFO] [com.finderfeed.fdlib.FDLib/]: Loading animation: raidsenhanced:illager_golem_idle
[26Jul2026 05:22:02.251] [main/INFO] [com.finderfeed.fdlib.FDLib/]: Loading animation: raidsenhanced:illager_golem_heavy_strike
[26Jul2026 05:22:02.254] [main/INFO] [com.finderfeed.fdlib.FDLib/]: Loading animation: raidsenhanced:illager_golem_whirlwind
[26Jul2026 05:22:02.258] [main/INFO] [com.finderfeed.fdlib.FDLib/]: Loading animation: raidsenhanced:illager_golem_bombs
[26Jul2026 05:22:02.266] [Forge Version Check/DEBUG] [net.minecraftforge.fml.VersionChecker/]: [bookshelf] Received version check data:
{"homepage":"https://www.curseforge.com/minecraft/mc-mods/bookshelf","promos":{"1.20.1-latest":"20.2.15"}}
[26Jul2026 05:22:02.266] [Forge Version Check/INFO] [net.minecraftforge.fml.VersionChecker/]: [bookshelf] Found status: BETA_OUTDATED Current: 20.2.13 Target: 20.2.15
[26Jul2026 05:22:02.266] [Forge Version Check/INFO] [net.minecraftforge.fml.VersionChecker/]: [mr_limesplatus_ending] Starting version check at https://api.modrinth.com/updates/MCnBYP0b/forge_updates.json
[26Jul2026 05:22:02.267] [main/INFO] [com.finderfeed.fdlib.FDLib/]: Loading animation: raidsenhanced:illager_golem_walk
[26Jul2026 05:22:02.270] [main/INFO] [com.finderfeed.fdlib.FDLib/]: Loading animation: raidsenhanced:illager_golem_walk_no_hands
[26Jul2026 05:22:02.274] [main/INFO] [com.finderfeed.fdlib.FDLib/]: Loading animation: raidsenhanced:illager_golem_death
[26Jul2026 05:22:02.279] [main/INFO] [com.finderfeed.fdlib.FDLib/]: Loading animation: raidsenhanced:electromancer_walk_no_hands
[26Jul2026 05:22:02.281] [main/INFO] [com.finderfeed.fdlib.FDLib/]: Loading animation: raidsenhanced:electromancer_walk
[26Jul2026 05:22:02.283] [main/INFO] [com.finderfeed.fdlib.FDLib/]: Loading animation: raidsenhanced:electromancer_attack_1
[26Jul2026 05:22:02.287] [main/INFO] [com.finderfeed.fdlib.FDLib/]: Loading animation: raidsenhanced:electromancer_attack_2
[26Jul2026 05:22:02.290] [main/INFO] [com.finderfeed.fdlib.FDLib/]: Loading animation: raidsenhanced:electromancer_idle
[26Jul2026 05:22:02.292] [main/INFO] [com.finderfeed.fdlib.FDLib/]: Loading animation: raidsenhanced:electromancer_ray_charge
[26Jul2026 05:22:02.297] [main/INFO] [com.finderfeed.fdlib.FDLib/]: Loading animation: raidsenhanced:electromancer_ray_cast
[26Jul2026 05:22:02.301] [main/INFO] [com.finderfeed.fdlib.FDLib/]: Loading animation: raidsenhanced:electromancer_ray_cast_stop
[26Jul2026 05:22:02.304] [main/INFO] [com.finderfeed.fdlib.FDLib/]: Loading animation: raidsenhanced:electromancer_charge_stick
[26Jul2026 05:22:02.308] [main/INFO] [com.finderfeed.fdlib.FDLib/]: Loading animation: raidsenhanced:electromancer_lightnings_cast
[26Jul2026 05:22:02.311] [main/INFO] [com.finderfeed.fdlib.FDLib/]: Loading animation: raidsenhanced:player_blimp_perpeller
[26Jul2026 05:22:02.313] [main/INFO] [com.finderfeed.fdlib.FDLib/]: Loading animation: raidsenhanced:player_blimp_turn_left
[26Jul2026 05:22:02.314] [main/INFO] [com.finderfeed.fdlib.FDLib/]: Loading animation: raidsenhanced:player_blimp_turn_right
[26Jul2026 05:22:02.315] [main/INFO] [com.finderfeed.fdlib.FDLib/]: Loading animation: raidsenhanced:player_blimp_dangle_lights
[26Jul2026 05:22:02.315] [main/INFO] [com.finderfeed.fdlib.FDLib/]: Loading animation: raidsenhanced:player_blimp_air_idle
[26Jul2026 05:22:02.316] [main/INFO] [com.finderfeed.fdlib.FDLib/]: Loading animation: raidsenhanced:raider_drill_burrow
[26Jul2026 05:22:02.316] [main/INFO] [com.finderfeed.fdlib.FDLib/]: Loading animation: raidsenhanced:raider_drill_unburrow
[26Jul2026 05:22:02.319] [main/INFO] [com.finderfeed.fdlib.FDLib/]: Loading animation: raidsenhanced:raider_drill_idle
[26Jul2026 05:22:02.320] [main/INFO] [com.finderfeed.fdlib.FDLib/]: Loading animation: fdlib:testanim
[26Jul2026 05:22:02.324] [main/INFO] [com.finderfeed.fdlib.FDLib/]: FD Animations loaded!
[26Jul2026 05:22:02.325] [main/INFO] [com.finderfeed.fdlib.FDLib/]: Loading FD models...
[26Jul2026 05:22:02.325] [main/INFO] [com.finderfeed.fdlib.FDLib/]: Loading model: raidsenhanced:raid_airship
[26Jul2026 05:22:02.354] [main/INFO] [com.finderfeed.fdlib.FDLib/]: Loading model: raidsenhanced:raid_blimp_cannon_projectile
[26Jul2026 05:22:02.355] [main/INFO] [com.finderfeed.fdlib.FDLib/]: Loading model: raidsenhanced:raid_airship_bomb
[26Jul2026 05:22:02.355] [main/INFO] [com.finderfeed.fdlib.FDLib/]: Loading model: raidsenhanced:raid_airship_part_1
[26Jul2026 05:22:02.356] [main/INFO] [com.finderfeed.fdlib.FDLib/]: Loading model: raidsenhanced:raid_airship_part_2
[26Jul2026 05:22:02.356] [main/INFO] [com.finderfeed.fdlib.FDLib/]: Loading model: raidsenhanced:golem_of_last_resort
[26Jul2026 05:22:02.361] [main/INFO] [com.finderfeed.fdlib.FDLib/]: Loading model: raidsenhanced:electromancer
[26Jul2026 05:22:02.366] [main/INFO] [com.finderfeed.fdlib.FDLib/]: Loading model: raidsenhanced:player_blimp
[26Jul2026 05:22:02.370] [main/INFO] [com.finderfeed.fdlib.FDLib/]: Loading model: raidsenhanced:raider_drill
[26Jul2026 05:22:02.371] [main/INFO] [com.finderfeed.fdlib.FDLib/]: Loading model: fdlib:test
[26Jul2026 05:22:02.371] [main/INFO] [com.finderfeed.fdlib.FDLib/]: Loading model: fdlib:test
[26Jul2026 05:22:02.375] [main/INFO] [com.finderfeed.fdlib.FDLib/]: FD Models loaded!
[26Jul2026 05:22:02.415] [main/DEBUG] [net.minecraftforge.fml.DeferredWorkQueue/LOADING]: Synchronous work queue completed in 806.3 ms
[26Jul2026 05:22:02.448] [Forge Version Check/DEBUG] [net.minecraftforge.fml.VersionChecker/]: [mr_limesplatus_ending] Received version check data:
{"homepage":"https://modrinth.com/mod/MCnBYP0b","promos":{"1.20.1-recommended":"1.1.0c+mod","1.20-latest":"1.1.0c+mod","1.21.8-recommended":"1.1.4d","1.21.4-latest":"1.1.4d","1.21.1-latest":"1.1.2d","1.21.10-recommended":"1.1.4d","1.21.1-recommended":"1.1.2d","1.20.2-latest":"1.1.0c+mod","1.20.3-latest":"1.1.0c+mod","1.21.7-recommended":"1.1.4d","1.21.9-recommended":"1.1.4d","1.20.4-latest":"1.1.0c+mod","1.20.3-recommended":"1.1.0c+mod","1.21.5-latest":"1.1.4d","1.21.5-recommended":"1.1.4d","26.1-latest":"1.1.4d","26.1.2-recommended":"1.1.4d","26.1.1-recommended":"1.1.4d","1.20.1-latest":"1.1.0c+mod","26.1-recommended":"1.1.4d","1.21.2-recommended":"1.1.4d","1.21.3-latest":"1.1.4d","26.1.2-latest":"1.1.4d","1.21.4-recommended":"1.1.4d","1.21.3-recommended":"1.1.4d","1.21.6-recommended":"1.1.4d","1.21.8-latest":"1.1.4d","1.21.7-latest":"1.1.4d","26.1.1-latest":"1.1.4d","1.21-recommended":"1.1.2d","1.20.2-recommended":"1.1.0c+mod","1.20-recommended":"1.1.0c+mod","1.21-latest":"1.1.2d","1.21.2-latest":"1.1.4d","1.21.6-latest":"1.1.4d","1.21.11-latest":"1.1.4d","1.21.11-recommended":"1.1.4d","1.21.9-latest":"1.1.4d","1.21.10-latest":"1.1.4d","1.20.4-recommended":"1.1.0c+mod"}}
[26Jul2026 05:22:02.448] [Forge Version Check/INFO] [net.minecraftforge.fml.VersionChecker/]: [mr_limesplatus_ending] Found status: OUTDATED Current: 1-v1.1.0c Target: 1.1.0c+mod
[26Jul2026 05:22:02.449] [Forge Version Check/INFO] [net.minecraftforge.fml.VersionChecker/]: [easyshulkerboxes] Starting version check at https://raw.githubusercontent.com/Fuzss/modresources/main/update/easyshulkerboxes.json
[26Jul2026 05:22:02.463] [Forge Version Check/DEBUG] [net.minecraftforge.fml.VersionChecker/]: [easyshulkerboxes] Received version check data:
{
    "homepage": "https://www.curseforge.com/minecraft/mc-mods/easy-shulker-boxes-forge",
    "promos": {
        "1.18-latest": "3.0.0",
        "1.18-recommended": "3.0.0",
        "1.18.1-latest": "3.0.0",
        "1.18.1-recommended": "3.0.0",
        "1.18.2-latest": "3.1.1",
        "1.18.2-recommended": "3.1.1",
        "1.19-latest": "4.0.3",
        "1.19-recommended": "4.0.3",
        "1.19.1-latest": "4.3.0",
        "1.19.1-recommended": "4.3.0",
        "1.19.2-latest": "4.4.1",
        "1.19.2-recommended": "4.4.1",
        "1.19.3-latest": "5.0.0",
        "1.19.3-recommended": "5.0.0",
        "1.19.4-latest": "6.0.0",
        "1.19.4-recommended": "6.0.0",
        "1.20-latest": "7.0.0",
        "1.20-recommended": "7.0.0",
        "1.20.1-latest": "8.0.2",
        "1.20.1-recommended": "8.0.2",
        "1.20.4-latest": "20.4.6",
        "1.20.4-recommended": "20.4.6",
        "1.21-latest": "21.0.3",
        "1.21-recommended": "21.0.3",
        "1.21.1-latest": "21.1.3",
        "1.21.1-recommended": "21.1.3",
        "1.21.3-latest": "21.3.1",
        "1.21.3-recommended": "21.3.1",
        "1.21.4-latest": "21.4.2",
        "1.21.4-recommended": "21.4.2",
        "1.21.5-latest": "21.5.0",
        "1.21.5-recommended": "21.5.0",
        "1.21.6-latest": "21.6.1",
        "1.21.6-recommended": "21.6.1",
        "1.21.7-latest": "21.7.0",
        "1.21.7-recommended": "21.7.0",
        "1.21.8-latest": "21.8.3",
        "1.21.8-recommended": "21.8.3",
        "1.21.9-latest": "21.9.0",
        "1.21.9-recommended": "21.9.0",
        "1.21.10-latest": "21.10.1",
        "1.21.10-recommended": "21.10.1"
    }
}
[26Jul2026 05:22:02.464] [Forge Version Check/INFO] [net.minecraftforge.fml.VersionChecker/]: [easyshulkerboxes] Found status: UP_TO_DATE Current: 8.0.2 Target: null
[26Jul2026 05:22:02.464] [Forge Version Check/INFO] [net.minecraftforge.fml.VersionChecker/]: [puzzlesapi] Starting version check at https://raw.githubusercontent.com/Fuzss/modresources/main/update/puzzlesapi.json
[26Jul2026 05:22:02.478] [Forge Version Check/DEBUG] [net.minecraftforge.fml.VersionChecker/]: [puzzlesapi] Received version check data:
{
    "homepage": "https://github.com/Fuzss/puzzlesapi",
    "promos": {}
}
[26Jul2026 05:22:02.478] [Forge Version Check/INFO] [net.minecraftforge.fml.VersionChecker/]: [puzzlesapi] Found status: BETA Current: 8.1.6 Target: null
[26Jul2026 05:22:02.478] [Forge Version Check/INFO] [net.minecraftforge.fml.VersionChecker/]: [mutantmonsters] Starting version check at https://raw.githubusercontent.com/Fuzss/modresources/main/update/mutantmonsters.json
[26Jul2026 05:22:02.493] [Forge Version Check/DEBUG] [net.minecraftforge.fml.VersionChecker/]: [mutantmonsters] Received version check data:
{
    "homepage": "https://github.com/Fuzss/mutantmonsters",
    "promos": {
        "1.19.2-latest": "4.0.6",
        "1.19.2-recommended": "4.0.6",
        "1.19.3-latest": "5.0.1",
        "1.19.3-recommended": "5.0.1",
        "1.19.4-latest": "6.0.2",
        "1.19.4-recommended": "6.0.2",
        "1.18.2-latest": "3.0.1",
        "1.18.2-recommended": "3.0.1",
        "1.20-latest": "7.0.0",
        "1.20-recommended": "7.0.0",
        "1.20.1-latest": "8.0.8",
        "1.20.1-recommended": "8.0.8",
        "1.20.4-latest": "20.4.1",
        "1.20.4-recommended": "20.4.1",
        "1.21.1-latest": "21.1.1",
        "1.21.1-recommended": "21.1.1",
        "1.21.3-latest": "21.3.1",
        "1.21.3-recommended": "21.3.1",
        "1.21.4-latest": "21.4.2",
        "1.21.4-recommended": "21.4.2",
        "1.21.5-latest": "21.5.1",
        "1.21.5-recommended": "21.5.1",
        "1.21.7-latest": "21.7.0",
        "1.21.7-recommended": "21.7.0",
        "1.21.8-latest": "21.8.0",
        "1.21.8-recommended": "21.8.0",
        "1.21.10-latest": "21.10.5",
        "1.21.10-recommended": "21.10.5",
        "1.21.9-latest": "21.9.0",
        "1.21.9-recommended": "21.9.0"
    }
}
[26Jul2026 05:22:02.493] [Forge Version Check/INFO] [net.minecraftforge.fml.VersionChecker/]: [mutantmonsters] Found status: UP_TO_DATE Current: 8.0.8 Target: null
[26Jul2026 05:22:02.493] [Forge Version Check/INFO] [net.minecraftforge.fml.VersionChecker/]: [easymagic] Starting version check at https://raw.githubusercontent.com/Fuzss/modresources/main/update/easymagic.json
[26Jul2026 05:22:02.506] [Forge Version Check/DEBUG] [net.minecraftforge.fml.VersionChecker/]: [easymagic] Received version check data:
{
    "homepage": "https://www.curseforge.com/minecraft/mc-mods/easy-magic",
    "promos": {
        "1.17.1-latest": "2.0.2",
        "1.17.1-recommended": "2.0.2",
        "1.18-latest": "3.2.1",
        "1.18-recommended": "3.2.1",
        "1.18.1-latest": "3.2.1",
        "1.18.1-recommended": "3.2.1",
        "1.18.2-latest": "3.3.0",
        "1.18.2-recommended": "3.3.0",
        "1.19-latest": "4.0.0",
        "1.19-recommended": "4.0.0",
        "1.19.1-latest": "4.3.1",
        "1.19.1-recommended": "4.3.1",
        "1.19.2-latest": "4.3.3",
        "1.19.2-recommended": "4.3.3",
        "1.19.3-latest": "5.0.1",
        "1.19.3-recommended": "5.0.1",
        "1.19.4-latest": "6.0.0",
        "1.19.4-recommended": "6.0.0",
        "1.20-latest": "7.0.0",
        "1.20-recommended": "7.0.0",
        "1.20.1-latest": "8.0.1",
        "1.20.1-recommended": "8.0.1",
        "1.20.4-latest": "20.4.0",
        "1.20.4-recommended": "20.4.0",
        "1.21-latest": "21.0.4",
        "1.21-recommended": "21.0.4",
        "1.21.1-latest": "21.1.4",
        "1.21.1-recommended": "21.1.4",
        "1.21.3-latest": "21.3.2",
        "1.21.3-recommended": "21.3.2",
        "1.21.4-latest": "21.4.1",
        "1.21.4-recommended": "21.4.1",
        "1.21.5-latest": "21.5.0",
        "1.21.5-recommended": "21.5.0",
        "1.21.6-latest": "21.6.0",
        "1.21.6-recommended": "21.6.0",
        "1.21.7-latest": "21.7.0",
        "1.21.7-recommended": "21.7.0",
        "1.21.8-latest": "21.8.0",
        "1.21.8-recommended": "21.8.0",
        "1.21.9-latest": "21.9.0",
        "1.21.9-recommended": "21.9.0",
        "1.21.10-latest": "21.10.0",
        "1.21.10-recommended": "21.10.0"
    }
}
[26Jul2026 05:22:02.506] [Forge Version Check/INFO] [net.minecraftforge.fml.VersionChecker/]: [easymagic] Found status: UP_TO_DATE Current: 8.0.1 Target: null
[26Jul2026 05:22:02.506] [Forge Version Check/INFO] [net.minecraftforge.fml.VersionChecker/]: [fragmentum] Starting version check at https://raw.githubusercontent.com/ObscuriaLithium/modding/main/versions/fragmentum.json
[26Jul2026 05:22:02.519] [Forge Version Check/DEBUG] [net.minecraftforge.fml.VersionChecker/]: [fragmentum] Received version check data:
{
  "homepage": "https://www.curseforge.com/minecraft/mc-mods/fragmentum-neoforge",
  "promos": {

    "26.1.2-latest": "4.1.0",
    "26.1.2-recommended": "4.1.0",
    "26.1.1-latest": "4.1.0",
    "26.1.1-recommended": "4.1.0",
    "26.1-latest": "4.1.0",
    "26.1-recommended": "4.1.0",

    "1.21.11-latest": "3.1.3",
    "1.21.11-recommended": "3.1.3",
    "1.21.1-latest": "2.2.4",
    "1.21.1-recommended": "2.2.4",
    "1.20.1-latest": "1.3.0",
    "1.20.1-recommended": "1.3.0"
  }
}
[26Jul2026 05:22:02.519] [Forge Version Check/INFO] [net.minecraftforge.fml.VersionChecker/]: [fragmentum] Found status: OUTDATED Current: 1.0.5 Target: 1.3.0
[26Jul2026 05:22:02.519] [Forge Version Check/INFO] [net.minecraftforge.fml.VersionChecker/]: [puzzlesaccessapi] Starting version check at https://raw.githubusercontent.com/Fuzss/modresources/main/update/puzzlesaccessapi.json
[26Jul2026 05:22:02.531] [Forge Version Check/DEBUG] [net.minecraftforge.fml.VersionChecker/]: [puzzlesaccessapi] Received version check data:
{
    "homepage": "https://github.com/Fuzss/puzzlesaccessapi",
    "promos": {}
}
[26Jul2026 05:22:02.531] [Forge Version Check/INFO] [net.minecraftforge.fml.VersionChecker/]: [puzzlesaccessapi] Found status: BETA Current: 20.1.1 Target: null
[26Jul2026 05:22:02.531] [Forge Version Check/INFO] [net.minecraftforge.fml.VersionChecker/]: [forge] Starting version check at https://files.minecraftforge.net/net/minecraftforge/forge/promotions_slim.json
[26Jul2026 05:22:02.645] [Forge Version Check/DEBUG] [net.minecraftforge.fml.VersionChecker/]: [forge] Received version check data:
{
  "homepage": "https://files.minecraftforge.net/net/minecraftforge/forge/",
  "promos": {
    "1.1-latest": "1.3.4.29",
    "1.2.3-latest": "1.4.1.64",
    "1.2.4-latest": "2.0.0.68",
    "1.2.5-latest": "3.4.9.171",
    "1.3.2-latest": "4.3.5.318",
    "1.4.0-latest": "5.0.0.326",
    "1.4.1-latest": "6.0.0.329",
    "1.4.2-latest": "6.0.1.355",
    "1.4.3-latest": "6.2.1.358",
    "1.4.4-latest": "6.3.0.378",
    "1.4.5-latest": "6.4.2.448",
    "1.4.6-latest": "6.5.0.489",
    "1.4.7-latest": "6.6.2.534",
    "1.5-latest": "7.7.0.598",
    "1.5.1-latest": "7.7.2.682",
    "1.5.2-latest": "7.8.1.738",
    "1.5.2-recommended": "7.8.1.738",
    "1.6.1-latest": "8.9.0.775",
    "1.6.2-latest": "9.10.1.871",
    "1.6.2-recommended": "9.10.1.871",
    "1.6.3-latest": "9.11.0.878",
    "1.6.4-latest": "9.11.1.1345",
    "1.6.4-recommended": "9.11.1.1345",
    "1.7.2-latest": "10.12.2.1161",
    "1.7.2-recommended": "10.12.2.1161",
    "1.7.10-latest": "10.13.4.1614",
    "1.7.10-recommended": "10.13.4.1614",
    "1.8-latest": "11.14.4.1577",
    "1.8-recommended": "11.14.4.1563",
    "1.8.8-latest": "11.15.0.1655",
    "1.8.9-latest": "11.15.1.2318",
    "1.8.9-recommended": "11.15.1.2318",
    "1.9-latest": "12.16.1.1938",
    "1.9-recommended": "12.16.1.1887",
    "1.9.4-latest": "12.17.0.2317",
    "1.9.4-recommended": "12.17.0.2317",
    "1.10-latest": "12.18.0.2000",
    "1.10.2-latest": "12.18.3.2511",
    "1.10.2-recommended": "12.18.3.2511",
    "1.11-latest": "13.19.1.2199",
    "1.11-recommended": "13.19.1.2189",
    "1.11.2-latest": "13.20.1.2588",
    "1.11.2-recommended": "13.20.1.2588",
    "1.12-latest": "14.21.1.2443",
    "1.12-recommended": "14.21.1.2387",
    "1.12.1-latest": "14.22.1.2485",
    "1.12.1-recommended": "14.22.1.2478",
    "1.12.2-latest": "14.23.5.2864",
    "1.12.2-recommended": "14.23.5.2859",
    "1.13.2-latest": "25.0.223",
    "1.14.2-latest": "26.0.63",
    "1.14.3-latest": "27.0.60",
    "1.14.4-latest": "28.2.30",
    "1.14.4-recommended": "28.2.26",
    "1.15-latest": "29.0.4",
    "1.15.1-latest": "30.0.51",
    "1.15.2-latest": "31.2.62",
    "1.15.2-recommended": "31.2.57",
    "1.16.1-latest": "32.0.108",
    "1.16.2-latest": "33.0.61",
    "1.16.3-latest": "34.1.42",
    "1.16.3-recommended": "34.1.0",
    "1.16.4-latest": "35.1.37",
    "1.16.4-recommended": "35.1.4",
    "1.16.5-latest": "36.2.42",
    "1.16.5-recommended": "36.2.34",
    "1.17.1-latest": "37.1.1",
    "1.17.1-recommended": "37.1.1",
    "1.18-latest": "38.0.17",
    "1.18.1-latest": "39.1.2",
    "1.18.1-recommended": "39.1.0",
    "1.18.2-recommended": "40.3.0",
    "1.18.2-latest": "40.3.12",
    "1.19-latest": "41.1.0",
    "1.19-recommended": "41.1.0",
    "1.19.1-latest": "42.0.9",
    "1.19.2-recommended": "43.5.0",
    "1.19.2-latest": "43.5.2",
    "1.19.3-latest": "44.1.23",
    "1.19.3-recommended": "44.1.0",
    "1.19.4-recommended": "45.4.0",
    "1.19.4-latest": "45.4.3",
    "1.20-latest": "46.0.14",
    "1.20.1-recommended": "47.4.10",
    "1.20.1-latest": "47.4.22",
    "1.20.2-latest": "48.1.0",
    "1.20.2-recommended": "48.1.0",
    "1.20.3-latest": "49.0.2",
    "1.20.4-latest": "49.2.8",
    "1.20.4-recommended": "49.2.0",
    "1.20.6-latest": "50.2.10",
    "1.20.6-recommended": "50.2.0",
    "1.21-latest": "51.0.33",
    "1.21.1-latest": "52.1.16",
    "1.21.1-recommended": "52.1.0",
    "1.21.3-latest": "53.1.11",
    "1.21.3-recommended": "53.1.0",
    "1.21.4-latest": "54.1.17",
    "1.21.4-recommended": "54.1.14",
    "1.21.5-latest": "55.1.11",
    "1.21.5-recommended": "55.1.0",
    "1.21.6-latest": "56.0.9",
    "1.21.7-latest": "57.0.3",
    "1.21.8-latest": "58.1.20",
    "1.21.8-recommended": "58.1.0",
    "1.21.9-latest": "59.0.5",
    "1.21.10-latest": "60.1.12",
    "1.21.10-recommended": "60.1.0",
    "1.21.11-latest": "61.1.11",
    "1.21.11-recommended": "61.1.0",
    "26.1-latest": "62.0.9",
    "26.1.1-latest": "63.0.2",
    "26.1.2-latest": "64.0.14",
    "26.2-latest": "65.0.9"
  }
}
[26Jul2026 05:22:02.646] [Forge Version Check/INFO] [net.minecraftforge.fml.VersionChecker/]: [forge] Found status: UP_TO_DATE Current: 47.4.10 Target: null
[26Jul2026 05:22:02.647] [Forge Version Check/INFO] [net.minecraftforge.fml.VersionChecker/]: [moonlight] Starting version check at https://api.modrinth.com/updates/moonlight/forge_updates.json
[26Jul2026 05:22:02.702] [Forge Version Check/DEBUG] [net.minecraftforge.fml.VersionChecker/]: [moonlight] Received version check data:
{"homepage":"https://modrinth.com/mod/moonlight","promos":{"1.16.5-latest":"1.9.0","1.20.1-latest":"1.20-2.16.34-forge","1.20.4-recommended":"forge_1.20.4-2.9.9","1.20-latest":"1.20-2.5.4","1.20.1-recommended":"1.20-2.16.34-forge","1.19.4-latest":"1.19.4-2.4.15","1.18-latest":"1.18.2-1.17.17","1.19.2-recommended":"1.19.2-2.3.7","1.18.2-recommended":"1.18.2-1.17.17","1.19.1-latest":"1.19.2-2.1.9","1.19.4-recommended":"1.19.4-2.4.15","1.16.5-recommended":"1.9.0","1.20-recommended":"1.20-2.5.4","1.19.1-recommended":"1.19.2-2.1.9","1.20.4-latest":"forge_1.20.4-2.9.9","1.18.1-recommended":"1.18.2-1.17.17","1.18-recommended":"1.18.2-1.17.17","1.18.1-latest":"1.18.2-1.17.17","1.19.2-latest":"1.19.2-2.3.7","1.18.2-latest":"1.18.2-1.17.17"}}
[26Jul2026 05:22:02.703] [Forge Version Check/INFO] [net.minecraftforge.fml.VersionChecker/]: [moonlight] Found status: OUTDATED Current: 1.20-2.16.16 Target: 1.20-2.16.34-forge
[26Jul2026 05:22:02.703] [Forge Version Check/INFO] [net.minecraftforge.fml.VersionChecker/]: [iceberg] Starting version check at https://mc-update-check.anthonyhilyard.com/520110
[26Jul2026 05:22:02.941] [modloading-worker-0/DEBUG] [mixin/]: Mixing perf.potential_spawns_alloc.PotentialSpawnsMixin from modernfix-forge.mixins.json into net.minecraftforge.event.level.LevelEvent$PotentialSpawns
[26Jul2026 05:22:02.989] [main/DEBUG] [net.minecraftforge.fml.DeferredWorkQueue/LOADING]: Dispatching synchronous work for work queue COMPLETE: 3 jobs
[26Jul2026 05:22:02.998] [Forge Version Check/DEBUG] [net.minecraftforge.fml.VersionChecker/]: [iceberg] Received version check data:
{"homepage":"https://www.curseforge.com/minecraft/mc-mods/iceberg","gameVersions":{"26.2":{"1.4.2.1":"View the changelog on CurseForge: https://www.curseforge.com/minecraft/mc-mods/iceberg/files/8349063"},"26.1":{"1.4.1.1":"View the changelog on CurseForge: https://www.curseforge.com/minecraft/mc-mods/iceberg/files/8317644"},"26.1.1":{"1.4.1.1":"View the changelog on CurseForge: https://www.curseforge.com/minecraft/mc-mods/iceberg/files/8317644"},"26.1.2":{"1.4.1.1":"View the changelog on CurseForge: https://www.curseforge.com/minecraft/mc-mods/iceberg/files/8317644"},"1.21.11":{"1.4.0.1":"View the changelog on CurseForge: https://www.curseforge.com/minecraft/mc-mods/iceberg/files/8150206"},"1.21.1":{"1.3.2":"View the changelog on CurseForge: https://www.curseforge.com/minecraft/mc-mods/iceberg/files/6423866"},"1.21.4":{"1.2.13":"View the changelog on CurseForge: https://www.curseforge.com/minecraft/mc-mods/iceberg/files/6186850"},"1.21.3":{"1.2.10":"View the changelog on CurseForge: https://www.curseforge.com/minecraft/mc-mods/iceberg/files/5991535"},"1.20.1":{"1.1.25":"View the changelog on CurseForge: https://www.curseforge.com/minecraft/mc-mods/iceberg/files/5838149"},"1.21":{"1.2.5":"View the changelog on CurseForge: https://www.curseforge.com/minecraft/mc-mods/iceberg/files/5625109"},"1.20.6":{"1.1.23":"View the changelog on CurseForge: https://www.curseforge.com/minecraft/mc-mods/iceberg/files/5365013"},"1.20.4":{"1.1.20":"View the changelog on CurseForge: https://www.curseforge.com/minecraft/mc-mods/iceberg/files/5012668"},"1.20":{"1.1.18":"View the changelog on CurseForge: https://www.curseforge.com/minecraft/mc-mods/iceberg/files/4953572"}},"promos":{"26.2-latest":"1.4.2.1","26.1-latest":"1.4.1.1","26.1.1-latest":"1.4.1.1","26.1.2-latest":"1.4.1.1","1.21.11-latest":"1.4.0.1","1.21.1-latest":"1.3.2","1.21.4-latest":"1.2.13","1.21.3-latest":"1.2.10","1.20.1-latest":"1.1.25","1.21-latest":"1.2.5","1.20.6-latest":"1.1.23","1.20.4-latest":"1.1.20","1.20-latest":"1.1.18","26.2-recommended":"1.4.2.1","26.1-recommended":"1.4.1.1","26.1.1-recommended":"1.4.1.1","26.1.2-recommended":"1.4.1.1","1.21.11-recommended":"1.4.0.1","1.21.1-recommended":"1.3.2","1.21.4-recommended":"1.2.13","1.21.3-recommended":"1.2.10","1.20.1-recommended":"1.1.25","1.21-recommended":"1.2.5","1.20.6-recommended":"1.1.23","1.20.4-recommended":"1.1.20","1.20-recommended":"1.1.18"}}
[26Jul2026 05:22:02.997] [main/INFO] [citadel/]: adding citadel surface rules via terrablender...
[26Jul2026 05:22:03.000] [Forge Version Check/INFO] [net.minecraftforge.fml.VersionChecker/]: [iceberg] Found status: UP_TO_DATE Current: 1.1.25 Target: null
[26Jul2026 05:22:03.001] [Forge Version Check/INFO] [net.minecraftforge.fml.VersionChecker/]: [securitycraft] Starting version check at https://www.github.com/Geforce132/SecurityCraft/raw/master/Updates/Forge.json
[26Jul2026 05:22:03.001] [main/INFO] [citadel/]: Added 0 vanilla biome surface rule types via terrablender
[26Jul2026 05:22:03.004] [main/INFO] [citadel/]: Added 1 modded biome surface rule types via terrablender
[26Jul2026 05:22:03.009] [main/DEBUG] [net.minecraftforge.fml.DeferredWorkQueue/LOADING]: Synchronous work queue completed in 19.97 ms
[26Jul2026 05:22:03.213] [Forge Version Check/DEBUG] [net.minecraftforge.fml.VersionChecker/]: [securitycraft] Received version check data:
{
    "homepage": "https://www.curseforge.com/minecraft/mc-mods/security-craft/",
    "promos": {
        "1.7.10-latest": "v1.8.13",
        "1.7.10-recommended": "v1.8.13",
        "1.8-latest": "v1.8.12.1",
        "1.8-recommended": "v1.8.12.1",
        "1.8.8-latest": "v1.8.12.1",
        "1.8.8-recommended": "v1.8.12.1",
        "1.8.9-latest": "v1.8.12.1",
        "1.8.9-recommended": "v1.8.12.1",
        "1.9.4-latest": "v1.8.12",
        "1.9.4-recommended": "v1.8.12",
        "1.10.2-latest": "v1.8.12",
        "1.10.2-recommended": "v1.8.12",
        "1.11.2-latest": "v1.8.12.1",
        "1.11.2-recommended": "v1.8.12.1",
        "1.12-latest": "v1.8.8.1",
        "1.12-recommended": "v1.8.8.1",
        "1.12.1-latest": "v1.8.8.1",
        "1.12.1-recommended": "v1.8.8.1",
        "1.12.2-latest": "v1.10.1",
        "1.12.2-recommended": "v1.10.1",
        "1.13.2-latest": "v1.8.13",
        "1.13.2-recommended": "v1.8.13",
        "1.14.3-latest": "v1.8.12-beta2",
        "1.14.3-recommended": "v1.8.12-beta2",
        "1.14.4-latest": "v1.8.22.2",
        "1.14.4-recommended": "v1.8.22.2",
        "1.15.1-latest": "v1.8.15-beta2",
        "1.15.1-recommended": "v1.8.15-beta2",
        "1.15.2-latest": "v1.9.1",
        "1.15.2-recommended": "v1.9.1",
        "1.16.1-latest": "v1.8.19.3",
        "1.16.1-recommended": "v1.8.19.3",
        "1.16.2-latest": "v1.8.19.3",
        "1.16.2-recommended": "v1.8.19.3",
        "1.16.3-latest": "v1.8.21.1",
        "1.16.3-recommended": "v1.8.21.1",
        "1.16.4-latest": "v1.8.21.1",
        "1.16.4-recommended": "v1.8.21.1",
        "1.16.5-latest": "v1.10.1",
        "1.16.5-recommended": "v1.10.1",
        "1.17.1-latest": "1.9.5",
        "1.17.1-recommended": "1.9.5",
        "1.18.1-latest": "1.9.0.2-beta1",
        "1.18.1-recommended": "1.9.0.2-beta1",
        "1.18.2-latest": "1.10.1",
        "1.18.2-recommended": "1.10.1",
        "1.19-latest": "1.9.3.1",
        "1.19-recommended": "1.9.3.1",
        "1.19.1-latest": "1.9.3.1",
        "1.19.1-recommended": "1.9.3.1",
        "1.19.2-latest": "1.9.6.1",
        "1.19.2-recommended": "1.9.6.1",
        "1.19.3-latest": "1.9.8",
        "1.19.3-recommended": "1.9.8",
        "1.19.4-latest": "1.10.1",
        "1.19.4-recommended": "1.10.1",
        "1.20-latest": "1.9.7-beta2",
        "1.20-recommended": "1.9.7-beta2",
        "1.20.2-latest": "1.9.9",
        "1.20.2-recommended": "1.9.9",
        "1.20.4-latest": "1.10.1",
        "1.20.4-recommended": "1.10.1",
        "1.20.6-latest": "1.10.1",
        "1.20.6-recommended": "1.10.1",
        "1.21-latest": "1.9.10-beta7",
        "1.21-recommended": "1.9.10-beta7",
        "1.21.2-latest": "1.9.11-beta2",
        "1.21.2-recommended": "1.9.11-beta2",
        "1.21.3-latest": "1.10.1",
        "1.21.3-recommended": "1.10.1",
        "1.21.4-latest": "1.10.1",
        "1.21.4-recommended": "1.10.1",
        "1.21.5-latest": "1.10.1",
        "1.21.5-recommended": "1.10.1",
        "1.21.6-latest": "1.10-beta3",
        "1.21.6-recommended": "1.10-beta3",
        "1.21.7-latest": "1.10-beta1",
        "1.21.7-recommended": "1.10-beta1",
        "26.1-latest": "1.10.1-beta1",
        "26.1-recommended": "1.10.1-beta1",
        "26.1.1-latest": "1.10.1-beta2",
        "26.1.1-recommended": "1.10.1-beta2",

        "1.20.1-latest": "1.10.1",
        "1.20.1-recommended": "1.10.1",
        "1.21.1-latest": "1.10.1",
        "1.21.1-recommended": "1.10.1",
        "1.21.8-latest": "1.10.1",
        "1.21.8-recommended": "1.10.1",
        "1.21.10-latest": "1.10.1-beta2",
        "1.21.10-recommended": "1.10.1-beta2",
        "1.21.11-latest": "1.10.1-beta2",
        "1.21.11-recommended": "1.10.1-beta2",
        "26.1.2-latest": "1.10.1-beta3",
        "26.1.2-recommended": "1.10.1-beta3"
    },
    "1.7.10": {
        "v1.8.13": "https://github.com/Geforce132/SecurityCraft/blob/eol/1.7.10/Changelog%20v1.8.x.md"
    },
    "1.8": {
        "v1.8.12": "https://github.com/Geforce132/SecurityCraft/blob/eol/1.8/Changelog%20v1.8.x.md"
    },
    "1.8.8": {
        "v1.8.12.1": "https://github.com/Geforce132/SecurityCraft/blob/eol/1.8.9/Changelog%20v1.8.x.md"
    },
    "1.8.9": {
        "v1.8.12.1": "https://github.com/Geforce132/SecurityCraft/blob/eol/1.8.9/Changelog%20v1.8.x.md"
    },
    "1.9.4": {
        "v1.8.12": "https://github.com/Geforce132/SecurityCraft/blob/eol/1.9.4/Changelog%20v1.8.x.md"
    },
    "1.10.2": {
        "v1.8.12": "https://github.com/Geforce132/SecurityCraft/blob/eol/1.10.2/Changelog%20v1.8.x.md"
    },
    "1.11.2": {
        "v1.8.12.1": "https://github.com/Geforce132/SecurityCraft/blob/eol/1.11.2/Changelog%20v1.8.x.md"
    },
    "1.12": {
        "v1.8.8.1": "https://github.com/Geforce132/SecurityCraft/blob/54061f84f188c33db291770e550c4c84a927194c/Changelog%20v1.8.x.md"
    },
    "1.12.1": {
        "v1.8.8.1": "https://github.com/Geforce132/SecurityCraft/blob/54061f84f188c33db291770e550c4c84a927194c/Changelog%20v1.8.x.md"
    },
    "1.12.2": {
        "v1.10.1": "https://github.com/Geforce132/SecurityCraft/blob/eol/1.12.2/Changelog.md"
    },
    "1.13.2": {
        "v1.8.13": "https://github.com/Geforce132/SecurityCraft/blob/eol/1.13.2/Changelog%20v1.8.x.md"
    },
    "1.14.3": {
        "v1.8.12-beta2": "https://github.com/Geforce132/SecurityCraft/blob/b20ce0945abdccb8f2b6abaea5d26c28d0a3b916/Changelog%20v1.8.x.md"
    },
    "1.14.4": {
        "v1.8.22.2": "https://github.com/Geforce132/SecurityCraft/blob/eol/1.14.4/Changelog%20v1.8.x.md"
    },
    "1.15.1": {
        "v1.8.15-beta2": "https://github.com/Geforce132/SecurityCraft/blob/04f414232af5250193ed610da93696a830584cc9/Changelog%20v1.8.x.md"
    },
    "1.15.2": {
        "v1.9.1": "https://github.com/Geforce132/SecurityCraft/blob/eol/1.15.2/Changelog.md"
    },
    "1.16.1": {
        "v1.8.19.3": "https://github.com/Geforce132/SecurityCraft/blob/eol/1.16.1/Changelog%20v1.8.x.md"
    },
    "1.16.2": {
        "v1.8.19.3": "https://github.com/Geforce132/SecurityCraft/blob/2c1c0868dd26f8870bae1b8c0d57041cab3ba897/Changelog%20v1.8.x.md"
    },
    "1.16.3": {
        "v1.8.21.1": "https://github.com/Geforce132/SecurityCraft/blob/44460188b9bf30b94f122ba362092cba5e76e0d2/Changelog%20v1.8.x.md"
    },
    "1.16.4": {
        "v1.8.21.1": "https://github.com/Geforce132/SecurityCraft/blob/44460188b9bf30b94f122ba362092cba5e76e0d2/Changelog%20v1.8.x.md"
    },
    "1.16.5": {
        "v1.10.1": "https://github.com/Geforce132/SecurityCraft/blob/eol/1.16.5/Changelog.md"
    },
    "1.17.1": {
        "1.9.5": "https://github.com/Geforce132/SecurityCraft/blob/eol/1.17.1/Changelog.md"
    },
    "1.18.1": {
        "1.9.0.2-beta1": "https://github.com/Geforce132/SecurityCraft/blob/eol/1.18.1/Changelog.md"
    },
    "1.18.2": {
        "1.10.1": "https://github.com/Geforce132/SecurityCraft/blob/eol/1.18.2/Changelog.md"
    },
    "1.19": {
        "1.9.3.1": "https://github.com/Geforce132/SecurityCraft/blob/eol/1.19/Changelog.md"
    },
    "1.19.1": {
        "1.9.3.1": "https://github.com/Geforce132/SecurityCraft/blob/c60edcc5881fc8ca4394bfeae3254ab0d693ab5e/Changelog.md"
    },
    "1.19.2": {
        "1.9.6.1": "https://github.com/Geforce132/SecurityCraft/blob/eol/1.19.2/Changelog.md"
    },
    "1.19.3": {
        "1.9.8": "https://github.com/Geforce132/SecurityCraft/blob/eol/1.19.3/Changelog.md"
    },
    "1.19.4": {
        "1.10.1": "https://github.com/Geforce132/SecurityCraft/blob/eol/1.19.4/Changelog.md"
    },
    "1.20": {
        "1.9.7-beta2": "https://github.com/Geforce132/SecurityCraft/blob/2e41d10948280cfdfe693e52c3580adf5f0cb18c/Changelog.md"
    },
    "1.20.2": {
        "1.9.9": "https://github.com/Geforce132/SecurityCraft/blob/eol/1.20.2/Changelog.md"
    },
    "1.20.4": {
        "1.10.1": "https://github.com/Geforce132/SecurityCraft/blob/eol/1.20.4/Changelog.md"
    },
    "1.20.6": {
        "1.10.1": "https://github.com/Geforce132/SecurityCraft/blob/eol/1.20.6/Changelog.md"
    },
    "1.21": {
        "1.9.10-beta7": "https://github.com/Geforce132/SecurityCraft/blob/a74d63ec9796e54c5bd8d22c18a320146560a753/Changelog.md"
    },
    "1.21.2": {
        "1.9.11-beta2": "https://github.com/Geforce132/SecurityCraft/blob/63c87ccbc661cecac0e75d54b81b571a3d17a29e/Changelog.md"
    },
    "1.21.3": {
        "1.10.1": "https://github.com/Geforce132/SecurityCraft/blob/eol/1.21.3/Changelog.md"
    },
    "1.21.4": {
        "1.10.1": "https://github.com/Geforce132/SecurityCraft/blob/eol/1.21.4/Changelog.md"
    },
    "1.21.5": {
        "1.10.1": "https://github.com/Geforce132/SecurityCraft/blob/eol/1.21.5/Changelog.md"
    },
    "1.21.6": {
        "1.10-beta3": "https://github.com/Geforce132/SecurityCraft/blob/eol/1.21.6/Changelog.md"
    },
    "1.21.7": {
        "1.10-beta1": "https://github.com/Geforce132/SecurityCraft/blob/eol/1.21.7/Changelog.md"
    },
    "26.1": {
        "1.10.1-beta1": "https://github.com/Geforce132/SecurityCraft/blob/3530e3135264e6f50f5d80b66c18b62540250f2b/Changelog.md"
    },
    "26.1.1": {
        "1.10.1-beta2": "https://github.com/Geforce132/SecurityCraft/blob/fdc8e004b6dad213880d5b03d4562a5568b5c5f8/Changelog.md"
    },

    "1.20.1": {
        "1.10.1": "https://github.com/Geforce132/SecurityCraft/blob/1.20.1/Changelog.md"
    },
    "1.21.1": {
        "1.10.1": "https://github.com/Geforce132/SecurityCraft/blob/1.21.1/Changelog.md"
    },
    "1.21.8": {
        "1.10.1": "https://github.com/Geforce132/SecurityCraft/blob/1.21.8/Changelog.md"
    },
    "1.21.10": {
        "1.10.1-beta2": "https://github.com/Geforce132/SecurityCraft/blob/1.21.10/Changelog.md"
    },
    "1.21.11": {
        "1.10.1-beta2": "https://github.com/Geforce132/SecurityCraft/blob/1.21.11/Changelog.md"
    },
    "26.1.2": {
        "1.10.1-beta3": "https://github.com/Geforce132/SecurityCraft/blob/26.1/Changelog.md"
    }
}
[26Jul2026 05:22:03.215] [Forge Version Check/INFO] [net.minecraftforge.fml.VersionChecker/]: [securitycraft] Found status: UP_TO_DATE Current: 1.10.1 Target: null
[26Jul2026 05:22:03.231] [Forge Version Check/INFO] [net.minecraftforge.fml.VersionChecker/]: [bettertridents] Starting version check at https://raw.githubusercontent.com/Fuzss/modresources/main/update/bettertridents.json
[26Jul2026 05:22:03.265] [Forge Version Check/DEBUG] [net.minecraftforge.fml.VersionChecker/]: [bettertridents] Received version check data:
{
    "homepage": "https://github.com/Fuzss/bettertridents",
    "promos": {
        "1.19.2-latest": "4.0.2",
        "1.19.2-recommended": "4.0.2",
        "1.19.3-latest": "5.0.0",
        "1.19.3-recommended": "5.0.0",
        "1.19.4-latest": "6.0.0",
        "1.19.4-recommended": "6.0.0",
        "1.20-latest": "7.0.0",
        "1.20-recommended": "7.0.0",
        "1.20.1-latest": "8.0.1",
        "1.20.1-recommended": "8.0.1",
        "1.18.2-latest": "3.0.0",
        "1.18.2-recommended": "3.0.0",
        "1.20.4-latest": "20.4.0",
        "1.20.4-recommended": "20.4.0",
        "1.21-latest": "21.0.1",
        "1.21-recommended": "21.0.1",
        "1.21.1-latest": "21.1.0",
        "1.21.1-recommended": "21.1.0",
        "1.21.3-latest": "21.3.0",
        "1.21.3-recommended": "21.3.0",
        "1.21.4-latest": "21.4.0",
        "1.21.4-recommended": "21.4.0",
        "1.21.5-latest": "21.5.0",
        "1.21.5-recommended": "21.5.0",
        "1.21.6-latest": "21.6.0",
        "1.21.6-recommended": "21.6.0",
        "1.21.7-latest": "21.7.0",
        "1.21.7-recommended": "21.7.0",
        "1.21.8-latest": "21.8.0",
        "1.21.8-recommended": "21.8.0",
        "1.21.9-latest": "21.9.0",
        "1.21.9-recommended": "21.9.0",
        "1.21.10-latest": "21.10.0",
        "1.21.10-recommended": "21.10.0"
    }
}
[26Jul2026 05:22:03.266] [Forge Version Check/INFO] [net.minecraftforge.fml.VersionChecker/]: [bettertridents] Found status: UP_TO_DATE Current: 8.0.1 Target: null
[26Jul2026 05:22:03.266] [Forge Version Check/INFO] [net.minecraftforge.fml.VersionChecker/]: [puzzleslib] Starting version check at https://raw.githubusercontent.com/Fuzss/modresources/main/update/puzzleslib.json
[26Jul2026 05:22:03.282] [Forge Version Check/DEBUG] [net.minecraftforge.fml.VersionChecker/]: [puzzleslib] Received version check data:
{
    "homepage": "https://modrinth.com/mod/puzzles-lib",
    "promos": {
        "1.16.2-latest": "1.0.15",
        "1.16.2-recommended": "1.0.15",
        "1.16.3-latest": "1.0.15",
        "1.16.3-recommended": "1.0.15",
        "1.16.4-latest": "1.0.15",
        "1.16.4-recommended": "1.0.15",
        "1.16.5-latest": "1.0.15",
        "1.16.5-recommended": "1.0.15",
        "1.17.1-latest": "2.0.2",
        "1.17.1-recommended": "2.0.2",
        "1.18-latest": "3.2.1",
        "1.18-recommended": "3.2.1",
        "1.18.1-latest": "3.2.1",
        "1.18.1-recommended": "3.2.1",
        "1.18.2-latest": "3.5.10",
        "1.18.2-recommended": "3.5.10",
        "1.19-latest": "4.0.18",
        "1.19-recommended": "4.0.18",
        "1.19.1-latest": "4.2.4",
        "1.19.1-recommended": "4.2.4",
        "1.19.2-latest": "4.4.3",
        "1.19.2-recommended": "4.4.3",
        "1.19.3-latest": "5.0.33",
        "1.19.3-recommended": "5.0.33",
        "1.19.4-latest": "6.0.11",
        "1.19.4-recommended": "6.0.11",
        "1.20-latest": "7.0.9",
        "1.20-recommended": "7.0.9",
        "1.20.1-latest": "8.1.33",
        "1.20.1-recommended": "8.1.33",
        "1.20.4-latest": "20.4.53",
        "1.20.4-recommended": "20.4.53",
        "1.21-latest": "21.0.28",
        "1.21-recommended": "21.0.28",
        "1.21.1-latest": "21.1.52",
        "1.21.1-recommended": "21.1.52",
        "1.21.10-latest": "21.10.8",
        "1.21.10-recommended": "21.10.8",
        "1.21.11-latest": "21.11.1",
        "1.21.11-recommended": "21.11.1",
        "1.21.3-latest": "21.3.25",
        "1.21.3-recommended": "21.3.25",
        "1.21.4-latest": "21.4.14",
        "1.21.4-recommended": "21.4.14",
        "1.21.5-latest": "21.5.13",
        "1.21.5-recommended": "21.5.13",
        "1.21.6-latest": "21.6.6",
        "1.21.6-recommended": "21.6.6",
        "1.21.7-latest": "21.7.1",
        "1.21.7-recommended": "21.7.1",
        "1.21.8-latest": "21.8.9",
        "1.21.8-recommended": "21.8.9",
        "1.21.9-latest": "21.9.5",
        "1.21.9-recommended": "21.9.5"
    }
}
[26Jul2026 05:22:03.282] [Forge Version Check/INFO] [net.minecraftforge.fml.VersionChecker/]: [puzzleslib] Found status: UP_TO_DATE Current: 8.1.33 Target: null
[26Jul2026 05:22:04.070] [main/INFO] [com.mojang.authlib.yggdrasil.YggdrasilAuthenticationService/]: Environment: authHost='https://authserver.mojang.com', accountsHost='https://api.mojang.com', sessionHost='https://sessionserver.mojang.com', servicesHost='https://api.minecraftservices.com', name='PROD'
[26Jul2026 05:22:04.121] [main/DEBUG] [mixin/]: Mixing bugfix.removed_dimensions.LevelStorageSourceMixin from modernfix-forge.mixins.json into net.minecraft.world.level.storage.LevelStorageSource
[26Jul2026 05:22:04.138] [main/DEBUG] [mixin/]: Mixing perf.dynamic_dfu.DataFixersMixin from modernfix-common.mixins.json into net.minecraft.util.datafix.DataFixers
[26Jul2026 05:22:04.141] [main/DEBUG] [mixin/]: Renaming synthetic method lambda$createLazyFixerUpper$0(Ljava/util/Set;)Lcom/mojang/datafixers/DataFixer; to mdd17185$lambda$createLazyFixerUpper$0$0 in modernfix-common.mixins.json:perf.dynamic_dfu.DataFixersMixin
[26Jul2026 05:22:04.291] [main/INFO] [ModernFix/]: Bypassed Mojang DFU
[26Jul2026 05:22:04.313] [main/DEBUG] [mixin/]: Mixing LevelStorageSourceMixin from fastasyncworldsave.mixins.json into net.minecraft.world.level.storage.LevelStorageSource$LevelStorageAccess
[26Jul2026 05:22:04.313] [main/DEBUG] [mixin/]: Renaming synthetic method lambda$writeAsync$0(Lnet/minecraft/nbt/CompoundTag;)V to mdd17185$lambda$writeAsync$0$0 in fastasyncworldsave.mixins.json:LevelStorageSourceMixin
[26Jul2026 05:22:04.333] [main/DEBUG] [mixin/]: Mixing NbtAccounterMixin from connectivity.mixins.json into net.minecraft.nbt.NbtAccounter
[26Jul2026 05:22:04.784] [main/WARN] [net.minecraftforge.common.ForgeHooks/WP]: The following mods have version differences that were not resolved:
advancementplaques (version 1.6.9 -> MISSING)
alltheleaks (version 1.1.1+1.20.1-forge -> MISSING)
betteradvancements (version 0.4.2.25 -> MISSING)
completionistsindex (version 8.0.0 -> MISSING)
emotecraft (version 2.2.7-b.build.50 -> MISSING)
forge (version 47.4.18 -> 47.4.10)
jeresources (version 1.4.0.247 -> MISSING)
ksyxis (version 1.3.4 -> MISSING)
mixinsquared (version 0.3.6-beta.1 -> MISSING)
smoothchunk (version 1.20.1-4.1 -> MISSING)
starlight (version 1.1.2+forge.1cda73c -> MISSING)
travelerstitles (version 1.20-Forge-4.0.2 -> MISSING)
Things may not work well.
[26Jul2026 05:22:05.101] [main/ERROR] [net.minecraftforge.registries.GameData/REGISTRIES]: Unidentified mapping from registry minecraft:sound_event
	advancementplaques:ui.toast.goal_complete: 2839
	advancementplaques:ui.toast.task_complete: 2838
	travelerstitles:biome: 2822
	travelerstitles:dimension: 2821
	travelerstitles:waystone: 2820

[26Jul2026 05:22:05.104] [main/WARN] [net.minecraftforge.registries.GameData/REGISTRIES]: Forge Mod Loader detected missing registry entries.

There are 5 missing entries in this save.
If you continue the missing entries will get removed.
A world backup will be automatically created in your saves directory.


[26Jul2026 05:22:05.104] [main/WARN] [net.minecraftforge.registries.GameData/REGISTRIES]: Missing minecraft:sound_event:
    advancementplaques:ui.toast.goal_complete
    advancementplaques:ui.toast.task_complete
    travelerstitles:biome
    travelerstitles:dimension
    travelerstitles:waystone


[26Jul2026 05:22:05.104] [main/ERROR] [net.minecraftforge.registries.GameData/REGISTRIES]: There are unidentified mappings in this world - we are going to attempt to process anyway
[26Jul2026 05:22:05.650] [main/WARN] [supermartijn642corelib/]: Could not find value 'formations:template_editor' in registry 'minecraft:item' for @RegistryEntryAcceptor!
[26Jul2026 05:22:05.798] [main/DEBUG] [mixin/]: Mixing perf.dynamic_dfu.DataFixTypesMixin from modernfix-common.mixins.json into net.minecraft.util.datafix.DataFixTypes
[26Jul2026 05:22:05.816] [main/DEBUG] [mixin/]: Mixing MixinServerPacksSource from fragmentum.mixins.json into net.minecraft.server.packs.repository.ServerPacksSource
[26Jul2026 05:22:05.830] [main/DEBUG] [mixin/]: Mixing access.PackRepositoryAccessor from platform-common.mixins.json into net.minecraft.server.packs.repository.PackRepository
[26Jul2026 05:22:05.834] [main/DEBUG] [mixin/]: Mixing VanillaPackResourcesAccessor from creativecore.mixins.json into net.minecraft.server.packs.VanillaPackResources
[26Jul2026 05:22:05.837] [main/WARN] [net.minecraft.server.packs.VanillaPackResourcesBuilder/]: Assets URL 'union:/workspaces/enderdeath/servidor_minecraft/libraries/net/minecraft/server/1.20.1-20230612.114412/server-1.20.1-20230612.114412-srg.jar%23289!/assets/.mcassetsroot' uses unexpected schema
[26Jul2026 05:22:05.837] [main/WARN] [net.minecraft.server.packs.VanillaPackResourcesBuilder/]: Assets URL 'union:/workspaces/enderdeath/servidor_minecraft/libraries/net/minecraft/server/1.20.1-20230612.114412/server-1.20.1-20230612.114412-srg.jar%23289!/data/.mcassetsroot' uses unexpected schema
[26Jul2026 05:22:05.855] [main/DEBUG] [mixin/]: Mixing perf.resourcepacks.ForgePathPackResourcesMixin from modernfix-forge.mixins.json into net.minecraftforge.resource.PathPackResources
[26Jul2026 05:22:05.859] [main/DEBUG] [mixin/]: Renaming synthetic method lambda$generateResourceCache$0(Lnet/minecraft/server/packs/PackType;)Ljava/nio/file/Path; to mdd17185$lambda$generateResourceCache$0$0 in modernfix-forge.mixins.json:perf.resourcepacks.ForgePathPackResourcesMixin
[26Jul2026 05:22:06.104] [main/DEBUG] [mixin/]: Mixing feature.measure_time.WorldLoaderMixin from modernfix-common.mixins.json into net.minecraft.server.WorldLoader
[26Jul2026 05:22:06.104] [main/DEBUG] [mixin/]: Renaming synthetic method lambda$finishStopwatch$0(Lcom/google/common/base/Stopwatch;Ljava/lang/Object;Ljava/lang/Throwable;)V to mdd17185$lambda$finishStopwatch$0$0 in modernfix-common.mixins.json:feature.measure_time.WorldLoaderMixin
[26Jul2026 05:22:06.104] [main/DEBUG] [mixin/]: Mixing core.WorldLoaderMixin from modernfix-forge.mixins.json into net.minecraft.server.WorldLoader
[26Jul2026 05:22:06.105] [main/DEBUG] [mixin/]: Renaming synthetic method lambda$trackEndReload$0(Ljava/lang/Object;)Ljava/lang/Object; to mdd17185$lambda$trackEndReload$0$1 in modernfix-forge.mixins.json:core.WorldLoaderMixin
[26Jul2026 05:22:06.115] [main/DEBUG] [mixin/]: Mixing PathPackResourcesAccessor from creativecore.mixins.json into net.minecraft.server.packs.PathPackResources
[26Jul2026 05:22:06.155] [main/DEBUG] [mixin/]: Mixing FilePackResourcesAccessor from creativecore.mixins.json into net.minecraft.server.packs.FilePackResources
[26Jul2026 05:22:06.155] [main/DEBUG] [mixin/]: Renaming @Invoker method callGetPathFromLocation(Lnet/minecraft/server/packs/PackType;Lnet/minecraft/resources/ResourceLocation;)Ljava/lang/String; to callGetPathFromLocation_$md$d17185$0 in creativecore.mixins.json:FilePackResourcesAccessor
[26Jul2026 05:22:06.165] [main/DEBUG] [net.minecraftforge.server.ServerLifecycleHooks/CORE]: Generating PackInfo named mod:easy_npc for mod file /workspaces/enderdeath/servidor_minecraft/mods/easy_npc-forge-1.20.1-6.25.0.jar
[26Jul2026 05:22:06.165] [main/DEBUG] [net.minecraftforge.server.ServerLifecycleHooks/CORE]: Generating PackInfo named mod:easyanvils for mod file /workspaces/enderdeath/servidor_minecraft/mods/EasyAnvils-v8.0.2-1.20.1-Forge.jar
[26Jul2026 05:22:06.166] [main/DEBUG] [net.minecraftforge.server.ServerLifecycleHooks/CORE]: Generating PackInfo named mod:supermartijn642configlib for mod file /workspaces/enderdeath/servidor_minecraft/mods/supermartijn642configlib-1.1.8-forge-mc1.20.jar
[26Jul2026 05:22:06.166] [main/DEBUG] [net.minecraftforge.server.ServerLifecycleHooks/CORE]: Generating PackInfo named mod:netherexp for mod file /workspaces/enderdeath/servidor_minecraft/mods/Jadens-Nether-Expansion-2.3.5.jar
[26Jul2026 05:22:06.166] [main/DEBUG] [net.minecraftforge.server.ServerLifecycleHooks/CORE]: Generating PackInfo named mod:geckolib for mod file /workspaces/enderdeath/servidor_minecraft/mods/geckolib-forge-1.20.1-4.8.2.jar
[26Jul2026 05:22:06.167] [main/DEBUG] [net.minecraftforge.server.ServerLifecycleHooks/CORE]: Generating PackInfo named mod:playeranimator for mod file /workspaces/enderdeath/servidor_minecraft/mods/player-animation-lib-forge-1.0.2-rc1+1.20.jar
[26Jul2026 05:22:06.169] [main/DEBUG] [net.minecraftforge.server.ServerLifecycleHooks/CORE]: Generating PackInfo named mod:naturalist for mod file /workspaces/enderdeath/servidor_minecraft/mods/naturalist-5.0pre5+forge-1.20.1.jar
[26Jul2026 05:22:06.169] [main/DEBUG] [net.minecraftforge.server.ServerLifecycleHooks/CORE]: Generating PackInfo named mod:incontrol for mod file /workspaces/enderdeath/servidor_minecraft/mods/incontrol-1.20-9.4.6.jar
[26Jul2026 05:22:06.170] [main/DEBUG] [net.minecraftforge.server.ServerLifecycleHooks/CORE]: Generating PackInfo named mod:connectivity for mod file /workspaces/enderdeath/servidor_minecraft/mods/connectivity-1.20.1-7.2.jar
[26Jul2026 05:22:06.170] [main/DEBUG] [net.minecraftforge.server.ServerLifecycleHooks/CORE]: Generating PackInfo named mod:placebo for mod file /workspaces/enderdeath/servidor_minecraft/mods/Placebo-1.20.1-8.6.3.jar
[26Jul2026 05:22:06.170] [main/DEBUG] [net.minecraftforge.server.ServerLifecycleHooks/CORE]: Generating PackInfo named mod:modernfix for mod file /workspaces/enderdeath/servidor_minecraft/mods/modernfix-forge-5.25.1+mc1.20.1.jar
[26Jul2026 05:22:06.171] [main/DEBUG] [net.minecraftforge.server.ServerLifecycleHooks/CORE]: Generating PackInfo named mod:luminoustag for mod file /workspaces/enderdeath/servidor_minecraft/mods/LuminousTag V1.1 - Forge 1.20.1.jar
[26Jul2026 05:22:06.171] [main/DEBUG] [net.minecraftforge.server.ServerLifecycleHooks/CORE]: Generating PackInfo named mod:citadel for mod file /workspaces/enderdeath/servidor_minecraft/mods/citadel-2.6.2-1.20.1.jar
[26Jul2026 05:22:06.172] [main/DEBUG] [net.minecraftforge.server.ServerLifecycleHooks/CORE]: Generating PackInfo named mod:yungsapi for mod file /workspaces/enderdeath/servidor_minecraft/mods/YungsApi-1.20-Forge-4.0.6.jar
[26Jul2026 05:22:06.172] [main/DEBUG] [net.minecraftforge.server.ServerLifecycleHooks/CORE]: Generating PackInfo named mod:bookshelf for mod file /workspaces/enderdeath/servidor_minecraft/mods/Bookshelf-Forge-1.20.1-20.2.13.jar
[26Jul2026 05:22:06.172] [main/DEBUG] [net.minecraftforge.server.ServerLifecycleHooks/CORE]: Generating PackInfo named mod:raidsenhanced for mod file /workspaces/enderdeath/servidor_minecraft/mods/raidsenhanced-1.0.2-1.20.1.jar
[26Jul2026 05:22:06.173] [main/DEBUG] [net.minecraftforge.server.ServerLifecycleHooks/CORE]: Generating PackInfo named mod:cloth_config for mod file /workspaces/enderdeath/servidor_minecraft/mods/cloth-config-11.1.136-forge.jar
[26Jul2026 05:22:06.174] [main/DEBUG] [net.minecraftforge.server.ServerLifecycleHooks/CORE]: Generating PackInfo named mod:konkrete for mod file /workspaces/enderdeath/servidor_minecraft/mods/konkrete_forge_1.8.0_MC_1.20-1.20.1.jar
[26Jul2026 05:22:06.174] [main/DEBUG] [net.minecraftforge.server.ServerLifecycleHooks/CORE]: Generating PackInfo named mod:justlevelingfork for mod file /workspaces/enderdeath/servidor_minecraft/mods/justlevelingfork-1.2.1.jar
[26Jul2026 05:22:06.175] [main/DEBUG] [net.minecraftforge.server.ServerLifecycleHooks/CORE]: Generating PackInfo named mod:farmersdelight for mod file /workspaces/enderdeath/servidor_minecraft/mods/FarmersDelight-1.20.1-1.2.9.jar
[26Jul2026 05:22:06.175] [main/DEBUG] [net.minecraftforge.server.ServerLifecycleHooks/CORE]: Generating PackInfo named mod:copperagebackport for mod file /workspaces/enderdeath/servidor_minecraft/mods/copperagebackport-forge-1.20.1-0.1.4.jar
[26Jul2026 05:22:06.175] [main/DEBUG] [net.minecraftforge.server.ServerLifecycleHooks/CORE]: Generating PackInfo named mod:handcrafted for mod file /workspaces/enderdeath/servidor_minecraft/mods/handcrafted-forge-1.20.1-3.0.6.jar
[26Jul2026 05:22:06.176] [main/DEBUG] [net.minecraftforge.server.ServerLifecycleHooks/CORE]: Generating PackInfo named mod:endersdelight for mod file /workspaces/enderdeath/servidor_minecraft/mods/endersdelight-forge-1.20.1-1.1.3.jar
[26Jul2026 05:22:06.177] [main/DEBUG] [net.minecraftforge.server.ServerLifecycleHooks/CORE]: Generating PackInfo named mod:jupiter for mod file /workspaces/enderdeath/servidor_minecraft/mods/Jupiter-2.2.2-forge.jar
[26Jul2026 05:22:06.177] [main/DEBUG] [net.minecraftforge.server.ServerLifecycleHooks/CORE]: Generating PackInfo named mod:supermartijn642corelib for mod file /workspaces/enderdeath/servidor_minecraft/mods/supermartijn642corelib-1.1.21-forge-mc1.20.1.jar
[26Jul2026 05:22:06.178] [main/DEBUG] [net.minecraftforge.server.ServerLifecycleHooks/CORE]: Generating PackInfo named mod:resourcefulconfig for mod file /workspaces/enderdeath/servidor_minecraft/mods/resourcefulconfig-forge-1.20.1-2.1.3.jar
[26Jul2026 05:22:06.179] [main/DEBUG] [net.minecraftforge.server.ServerLifecycleHooks/CORE]: Generating PackInfo named mod:lionfishapi for mod file /workspaces/enderdeath/servidor_minecraft/mods/lionfishapi-2.7.jar
[26Jul2026 05:22:06.180] [main/DEBUG] [net.minecraftforge.server.ServerLifecycleHooks/CORE]: Generating PackInfo named mod:cataclysm for mod file /workspaces/enderdeath/servidor_minecraft/mods/L_Enders_Cataclysm-3.07.jar
[26Jul2026 05:22:06.181] [main/DEBUG] [net.minecraftforge.server.ServerLifecycleHooks/CORE]: Generating PackInfo named mod:curios for mod file /workspaces/enderdeath/servidor_minecraft/mods/curios-forge-5.14.1+1.20.1.jar
[26Jul2026 05:22:06.181] [main/DEBUG] [net.minecraftforge.server.ServerLifecycleHooks/CORE]: Generating PackInfo named mod:collective for mod file /workspaces/enderdeath/servidor_minecraft/mods/collective-1.20.1-8.13.jar
[26Jul2026 05:22:06.182] [main/DEBUG] [net.minecraftforge.server.ServerLifecycleHooks/CORE]: Generating PackInfo named mod:cerbons_api for mod file /workspaces/enderdeath/servidor_minecraft/mods/CerbonsAPI-Forge-1.20.1-1.1.0.jar
[26Jul2026 05:22:06.182] [main/DEBUG] [net.minecraftforge.server.ServerLifecycleHooks/CORE]: Generating PackInfo named mod:betterstrongholds for mod file /workspaces/enderdeath/servidor_minecraft/mods/YungsBetterStrongholds-1.20-Forge-4.0.3.jar
[26Jul2026 05:22:06.183] [main/DEBUG] [net.minecraftforge.server.ServerLifecycleHooks/CORE]: Generating PackInfo named mod:resourcefullib for mod file /workspaces/enderdeath/servidor_minecraft/mods/resourcefullib-forge-1.20.1-2.1.29.jar
[26Jul2026 05:22:06.184] [main/DEBUG] [net.minecraftforge.server.ServerLifecycleHooks/CORE]: Generating PackInfo named mod:onlylooking for mod file /workspaces/enderdeath/servidor_minecraft/mods/OnlyLooking-1.20.1-4.1.1.jar
[26Jul2026 05:22:06.185] [main/DEBUG] [net.minecraftforge.server.ServerLifecycleHooks/CORE]: Generating PackInfo named mod:architectury for mod file /workspaces/enderdeath/servidor_minecraft/mods/architectury-9.2.14-forge.jar
[26Jul2026 05:22:06.187] [main/DEBUG] [net.minecraftforge.server.ServerLifecycleHooks/CORE]: Generating PackInfo named mod:mr_limesplatus_ending for mod file /workspaces/enderdeath/servidor_minecraft/mods/tru.e-ending-v1.1.0c.jar
[26Jul2026 05:22:06.188] [main/DEBUG] [net.minecraftforge.server.ServerLifecycleHooks/CORE]: Generating PackInfo named mod:aiimprovements for mod file /workspaces/enderdeath/servidor_minecraft/mods/AI-Improvements-1.20-0.5.2.jar
[26Jul2026 05:22:06.188] [main/DEBUG] [net.minecraftforge.server.ServerLifecycleHooks/CORE]: Generating PackInfo named mod:cupboard for mod file /workspaces/enderdeath/servidor_minecraft/mods/cupboard-1.20.1-2.7.jar
[26Jul2026 05:22:06.188] [main/DEBUG] [net.minecraftforge.server.ServerLifecycleHooks/CORE]: Generating PackInfo named mod:refurbished_furniture for mod file /workspaces/enderdeath/servidor_minecraft/mods/refurbished_furniture-forge-1.20.1-1.0.20.jar
[26Jul2026 05:22:06.189] [main/DEBUG] [net.minecraftforge.server.ServerLifecycleHooks/CORE]: Generating PackInfo named mod:easy_npc_config_ui for mod file /workspaces/enderdeath/servidor_minecraft/mods/easy_npc_config_ui-forge-1.20.1-6.25.0.jar
[26Jul2026 05:22:06.189] [main/DEBUG] [net.minecraftforge.server.ServerLifecycleHooks/CORE]: Generating PackInfo named mod:betterendisland for mod file /workspaces/enderdeath/servidor_minecraft/mods/YungsBetterEndIsland-1.20-Forge-2.0.6.jar
[26Jul2026 05:22:06.190] [main/DEBUG] [net.minecraftforge.server.ServerLifecycleHooks/CORE]: Generating PackInfo named mod:moogs_structures for mod file /workspaces/enderdeath/servidor_minecraft/mods/moogs_structure_lib-1.1.0-1.20-1.20.4-forge.jar
[26Jul2026 05:22:06.191] [main/DEBUG] [net.minecraftforge.server.ServerLifecycleHooks/CORE]: Generating PackInfo named mod:framework for mod file /workspaces/enderdeath/servidor_minecraft/mods/framework-forge-1.20.1-0.7.15.jar
[26Jul2026 05:22:06.191] [main/DEBUG] [net.minecraftforge.server.ServerLifecycleHooks/CORE]: Generating PackInfo named mod:trials for mod file /workspaces/enderdeath/servidor_minecraft/mods/Trials-Final.jar
[26Jul2026 05:22:06.193] [main/DEBUG] [net.minecraftforge.server.ServerLifecycleHooks/CORE]: Generating PackInfo named mod:easyshulkerboxes for mod file /workspaces/enderdeath/servidor_minecraft/mods/EasyShulkerBoxes-v8.0.2-1.20.1-Forge.jar
[26Jul2026 05:22:06.193] [main/DEBUG] [net.minecraftforge.server.ServerLifecycleHooks/CORE]: Generating PackInfo named mod:puzzlesapi for mod file 
[26Jul2026 05:22:06.194] [main/DEBUG] [net.minecraftforge.server.ServerLifecycleHooks/CORE]: Generating PackInfo named mod:ftblibrary for mod file /workspaces/enderdeath/servidor_minecraft/mods/ftb-library-forge-2001.2.10.jar
[26Jul2026 05:22:06.195] [main/DEBUG] [net.minecraftforge.server.ServerLifecycleHooks/CORE]: Generating PackInfo named mod:ftbteams for mod file /workspaces/enderdeath/servidor_minecraft/mods/ftb-teams-forge-2001.3.0.jar
[26Jul2026 05:22:06.196] [main/DEBUG] [net.minecraftforge.server.ServerLifecycleHooks/CORE]: Generating PackInfo named mod:mutantmonsters for mod file /workspaces/enderdeath/servidor_minecraft/mods/MutantMonsters-v8.0.8-1.20.1-Forge.jar
[26Jul2026 05:22:06.197] [main/DEBUG] [net.minecraftforge.server.ServerLifecycleHooks/CORE]: Generating PackInfo named mod:formationsnether for mod file /workspaces/enderdeath/servidor_minecraft/mods/formationsnether-1.0.5.jar
[26Jul2026 05:22:06.197] [main/DEBUG] [net.minecraftforge.server.ServerLifecycleHooks/CORE]: Generating PackInfo named mod:elysium_api for mod file /workspaces/enderdeath/servidor_minecraft/mods/ElysiumAPI-1.20.1-1.1.3.jar
[26Jul2026 05:22:06.198] [main/DEBUG] [net.minecraftforge.server.ServerLifecycleHooks/CORE]: Generating PackInfo named mod:easymagic for mod file /workspaces/enderdeath/servidor_minecraft/mods/EasyMagic-v8.0.1-1.20.1-Forge.jar
[26Jul2026 05:22:06.200] [main/DEBUG] [net.minecraftforge.server.ServerLifecycleHooks/CORE]: Generating PackInfo named mod:jei for mod file /workspaces/enderdeath/servidor_minecraft/mods/jei-1.20.1-forge-15.20.0.130.jar
[26Jul2026 05:22:06.201] [main/DEBUG] [net.minecraftforge.server.ServerLifecycleHooks/CORE]: Generating PackInfo named mod:deltaboxlib for mod file /workspaces/enderdeath/servidor_minecraft/mods/deltaboxlib-forge-2.2.0+1.20.1.jar
[26Jul2026 05:22:06.202] [main/DEBUG] [net.minecraftforge.server.ServerLifecycleHooks/CORE]: Generating PackInfo named mod:fragmentum for mod file /workspaces/enderdeath/servidor_minecraft/mods/fragmentum-forge-1.20.1-1.0.5.jar
[26Jul2026 05:22:06.202] [main/DEBUG] [net.minecraftforge.server.ServerLifecycleHooks/CORE]: Generating PackInfo named mod:fastsuite for mod file /workspaces/enderdeath/servidor_minecraft/mods/FastSuite-1.20.1-5.1.0.jar
[26Jul2026 05:22:06.203] [main/DEBUG] [net.minecraftforge.server.ServerLifecycleHooks/CORE]: Generating PackInfo named mod:fastasyncworldsave for mod file /workspaces/enderdeath/servidor_minecraft/mods/fastasyncworldsave-1.20.1-2.6.jar
[26Jul2026 05:22:06.203] [main/DEBUG] [net.minecraftforge.server.ServerLifecycleHooks/CORE]: Generating PackInfo named mod:alternate_current for mod file /workspaces/enderdeath/servidor_minecraft/mods/alternate_current-mc1.20-1.7.0.jar
[26Jul2026 05:22:06.204] [main/DEBUG] [net.minecraftforge.server.ServerLifecycleHooks/CORE]: Generating PackInfo named mod:icterine for mod file /workspaces/enderdeath/servidor_minecraft/mods/Icterine-forge-1.20.0-1-1.3.0.jar
[26Jul2026 05:22:06.205] [main/DEBUG] [net.minecraftforge.server.ServerLifecycleHooks/CORE]: Generating PackInfo named mod:better_totem_of_undying for mod file /workspaces/enderdeath/servidor_minecraft/mods/BetterTotemOfUndying-Forge-1.20.4-2.1.1.jar
[26Jul2026 05:22:06.205] [main/DEBUG] [net.minecraftforge.server.ServerLifecycleHooks/CORE]: Generating PackInfo named mod:midnightlib for mod file 
[26Jul2026 05:22:06.206] [main/DEBUG] [net.minecraftforge.server.ServerLifecycleHooks/CORE]: Generating PackInfo named mod:formations for mod file /workspaces/enderdeath/servidor_minecraft/mods/formations-1.0.4-forge-mc1.20.2.jar
[26Jul2026 05:22:06.207] [main/DEBUG] [net.minecraftforge.server.ServerLifecycleHooks/CORE]: Generating PackInfo named mod:puzzlesaccessapi for mod file 
[26Jul2026 05:22:06.208] [main/DEBUG] [net.minecraftforge.server.ServerLifecycleHooks/CORE]: Generating PackInfo named mod:forge for mod file /workspaces/enderdeath/servidor_minecraft/libraries/net/minecraftforge/forge/1.20.1-47.4.10/forge-1.20.1-47.4.10-universal.jar
[26Jul2026 05:22:06.209] [main/DEBUG] [net.minecraftforge.server.ServerLifecycleHooks/CORE]: Generating PackInfo named mod:luminousworld for mod file /workspaces/enderdeath/servidor_minecraft/mods/Luminous V1.5.2 - Forge 1.20.1.jar
[26Jul2026 05:22:06.209] [main/DEBUG] [net.minecraftforge.server.ServerLifecycleHooks/CORE]: Generating PackInfo named mod:friendsandfoes for mod file /workspaces/enderdeath/servidor_minecraft/mods/friendsandfoes-forge-mc1.20.1-3.0.9.jar
[26Jul2026 05:22:06.209] [main/DEBUG] [net.minecraftforge.server.ServerLifecycleHooks/CORE]: Generating PackInfo named mod:luminous_nether for mod file /workspaces/enderdeath/servidor_minecraft/mods/Luminous Nether V1.3.2 - Forge 1.20.1.jar
[26Jul2026 05:22:06.211] [main/DEBUG] [net.minecraftforge.server.ServerLifecycleHooks/CORE]: Generating PackInfo named mod:alexscaves for mod file /workspaces/enderdeath/servidor_minecraft/mods/alexscaves-2.0.2.jar
[26Jul2026 05:22:06.211] [main/DEBUG] [net.minecraftforge.server.ServerLifecycleHooks/CORE]: Generating PackInfo named mod:tact for mod file /workspaces/enderdeath/servidor_minecraft/mods/tact-1.5.2+1.20.1.jar
[26Jul2026 05:22:06.212] [main/DEBUG] [net.minecraftforge.server.ServerLifecycleHooks/CORE]: Generating PackInfo named mod:terrablender for mod file /workspaces/enderdeath/servidor_minecraft/mods/TerraBlender-forge-1.20.1-3.0.1.10.jar
[26Jul2026 05:22:06.212] [main/DEBUG] [net.minecraftforge.server.ServerLifecycleHooks/CORE]: Generating PackInfo named mod:moonlight for mod file /workspaces/enderdeath/servidor_minecraft/mods/moonlight-1.20-2.16.16-forge.jar
[26Jul2026 05:22:06.213] [main/DEBUG] [net.minecraftforge.server.ServerLifecycleHooks/CORE]: Generating PackInfo named mod:endermanoverhaul for mod file /workspaces/enderdeath/servidor_minecraft/mods/endermanoverhaul-forge-1.20.1-1.0.4.jar
[26Jul2026 05:22:06.213] [main/DEBUG] [net.minecraftforge.server.ServerLifecycleHooks/CORE]: Generating PackInfo named mod:ftbquests for mod file /workspaces/enderdeath/servidor_minecraft/mods/ftb-quests-forge-2001.4.16.jar
[26Jul2026 05:22:06.214] [main/DEBUG] [net.minecraftforge.server.ServerLifecycleHooks/CORE]: Generating PackInfo named mod:musicbox for mod file /workspaces/enderdeath/servidor_minecraft/mods/musicbox-forge-2.0.2+1.20.1.jar
[26Jul2026 05:22:06.216] [main/DEBUG] [net.minecraftforge.server.ServerLifecycleHooks/CORE]: Generating PackInfo named mod:mofus_better_end_ for mod file /workspaces/enderdeath/servidor_minecraft/mods/mofus_broken_constellation-0.9.0-forge-1.20.1.jar
[26Jul2026 05:22:06.216] [main/DEBUG] [net.minecraftforge.server.ServerLifecycleHooks/CORE]: Generating PackInfo named mod:fdlib for mod file /workspaces/enderdeath/servidor_minecraft/mods/fdlib-1.0.9-1.20.1.jar
[26Jul2026 05:22:06.217] [main/DEBUG] [net.minecraftforge.server.ServerLifecycleHooks/CORE]: Generating PackInfo named mod:creativecore for mod file /workspaces/enderdeath/servidor_minecraft/mods/CreativeCore_FORGE_v2.12.32_mc1.20.1.jar
[26Jul2026 05:22:06.217] [main/DEBUG] [net.minecraftforge.server.ServerLifecycleHooks/CORE]: Generating PackInfo named mod:platform for mod file /workspaces/enderdeath/servidor_minecraft/mods/Platform-forge-1.20.1-1.3.2.jar
[26Jul2026 05:22:06.217] [main/DEBUG] [net.minecraftforge.server.ServerLifecycleHooks/CORE]: Generating PackInfo named mod:movingelevators for mod file /workspaces/enderdeath/servidor_minecraft/mods/movingelevators-1.4.12-forge-mc1.20.1.jar
[26Jul2026 05:22:06.218] [main/DEBUG] [net.minecraftforge.server.ServerLifecycleHooks/CORE]: Generating PackInfo named mod:easy_npc_bundle for mod file /workspaces/enderdeath/servidor_minecraft/mods/easy_npc_bundle-forge-1.20.1-6.25.0.jar
[26Jul2026 05:22:06.218] [main/DEBUG] [net.minecraftforge.server.ServerLifecycleHooks/CORE]: Generating PackInfo named mod:kotlinforforge for mod file 
[26Jul2026 05:22:06.219] [main/DEBUG] [net.minecraftforge.server.ServerLifecycleHooks/CORE]: Generating PackInfo named mod:iceberg for mod file /workspaces/enderdeath/servidor_minecraft/mods/Iceberg-1.20.1-forge-1.1.25.jar
[26Jul2026 05:22:06.219] [main/DEBUG] [net.minecraftforge.server.ServerLifecycleHooks/CORE]: Generating PackInfo named mod:lunar for mod file /workspaces/enderdeath/servidor_minecraft/mods/Lunar-forge-1.20.1-0.2.7.jar
[26Jul2026 05:22:06.220] [main/DEBUG] [net.minecraftforge.server.ServerLifecycleHooks/CORE]: Generating PackInfo named mod:securitycraft for mod file /workspaces/enderdeath/servidor_minecraft/mods/[1.20.1] SecurityCraft v1.10.1.jar
[26Jul2026 05:22:06.222] [main/DEBUG] [net.minecraftforge.server.ServerLifecycleHooks/CORE]: Generating PackInfo named mod:bettertridents for mod file /workspaces/enderdeath/servidor_minecraft/mods/BetterTridents-v8.0.1-1.20.1-Forge.jar
[26Jul2026 05:22:06.228] [main/DEBUG] [net.minecraftforge.server.ServerLifecycleHooks/CORE]: Generating PackInfo named mod:mvs for mod file /workspaces/enderdeath/servidor_minecraft/mods/MoogsVoyagerStructures-1.20-5.0.21.jar
[26Jul2026 05:22:06.231] [main/DEBUG] [net.minecraftforge.server.ServerLifecycleHooks/CORE]: Generating PackInfo named mod:creeperoverhaul for mod file /workspaces/enderdeath/servidor_minecraft/mods/creeperoverhaul-3.0.2-forge.jar
[26Jul2026 05:22:06.232] [main/DEBUG] [net.minecraftforge.server.ServerLifecycleHooks/CORE]: Generating PackInfo named mod:lootr for mod file /workspaces/enderdeath/servidor_minecraft/mods/lootr-forge-1.20-0.7.35.94.jar
[26Jul2026 05:22:06.233] [main/DEBUG] [net.minecraftforge.server.ServerLifecycleHooks/CORE]: Generating PackInfo named mod:ferritecore for mod file /workspaces/enderdeath/servidor_minecraft/mods/ferritecore-6.0.1-forge.jar
[26Jul2026 05:22:06.233] [main/DEBUG] [net.minecraftforge.server.ServerLifecycleHooks/CORE]: Generating PackInfo named mod:yet_another_config_lib_v3 for mod file /workspaces/enderdeath/servidor_minecraft/mods/yet_another_config_lib_v3-3.6.6+1.20.1-forge.jar
[26Jul2026 05:22:06.236] [main/DEBUG] [net.minecraftforge.server.ServerLifecycleHooks/CORE]: Generating PackInfo named mod:puzzleslib for mod file /workspaces/enderdeath/servidor_minecraft/mods/PuzzlesLib-v8.1.33-1.20.1-Forge.jar
[26Jul2026 05:22:06.241] [main/DEBUG] [net.minecraftforge.server.ServerLifecycleHooks/CORE]: Generating PackInfo named mod:deep_dark_regrowth for mod file /workspaces/enderdeath/servidor_minecraft/mods/Deep Dark Regrowth 1.2.6.1 - 1.20.1.jar
[26Jul2026 05:22:06.242] [main/DEBUG] [net.minecraftforge.server.ServerLifecycleHooks/CORE]: Generating PackInfo named mod:cold_sweat for mod file /workspaces/enderdeath/servidor_minecraft/mods/ColdSweat-2.4.jar
[26Jul2026 05:22:06.242] [main/DEBUG] [net.minecraftforge.server.ServerLifecycleHooks/CORE]: Generating PackInfo named mod:cosmeticarmorreworked for mod file /workspaces/enderdeath/servidor_minecraft/mods/cosmeticarmorreworked-1.20.1-v1a.jar
[26Jul2026 05:22:06.242] [main/DEBUG] [net.minecraftforge.server.ServerLifecycleHooks/CORE]: Generating PackInfo named mod:explosiveenhancement for mod file /workspaces/enderdeath/servidor_minecraft/mods/explosiveenhancement-1.1.0-1.20.1-client-and-server.jar
[26Jul2026 05:22:06.243] [main/DEBUG] [net.minecraftforge.server.ServerLifecycleHooks/CORE]: Generating PackInfo named mod:healingcampfire for mod file /workspaces/enderdeath/servidor_minecraft/mods/healingcampfire-1.20.1-6.2.jar
[26Jul2026 05:22:06.243] [main/DEBUG] [net.minecraftforge.server.ServerLifecycleHooks/CORE]: Generating PackInfo named mod:dedsafio3 for mod file /workspaces/enderdeath/servidor_minecraft/mods/dedsafio3-0.0.9-forge-1.20.1 (1).jar
[26Jul2026 05:22:06.243] [main/DEBUG] [net.minecraftforge.server.ServerLifecycleHooks/CORE]: Generating PackInfo named mod:cristellib for mod file /workspaces/enderdeath/servidor_minecraft/mods/cristellib-1.1.6-forge.jar
[26Jul2026 05:22:06.246] [main/WARN] [net.minecraft.server.MinecraftServer/]: Missing data pack mod:emotecraft
[26Jul2026 05:22:06.246] [main/WARN] [net.minecraft.server.MinecraftServer/]: Missing data pack mod:betteradvancements
[26Jul2026 05:22:06.246] [main/WARN] [net.minecraft.server.MinecraftServer/]: Missing data pack mod:jeresources
[26Jul2026 05:22:06.247] [main/WARN] [net.minecraft.server.MinecraftServer/]: Missing data pack mod:advancementplaques
[26Jul2026 05:22:06.247] [main/WARN] [net.minecraft.server.MinecraftServer/]: Missing data pack mod:starlight
[26Jul2026 05:22:06.247] [main/WARN] [net.minecraft.server.MinecraftServer/]: Missing data pack mod:travelerstitles
[26Jul2026 05:22:06.247] [main/WARN] [net.minecraft.server.MinecraftServer/]: Missing data pack mod:smoothchunk
[26Jul2026 05:22:06.247] [main/WARN] [net.minecraft.server.MinecraftServer/]: Missing data pack mod:ksyxis
[26Jul2026 05:22:06.247] [main/WARN] [net.minecraft.server.MinecraftServer/]: Missing data pack mod:completionistsindex
[26Jul2026 05:22:06.248] [main/WARN] [net.minecraft.server.MinecraftServer/]: Missing data pack mod:mixinsquared
[26Jul2026 05:22:06.248] [main/WARN] [net.minecraft.server.MinecraftServer/]: Missing data pack mod:alltheleaks
[26Jul2026 05:22:06.251] [main/DEBUG] [mixin/]: Mixing ServerMultiPackResourceManagerMixin from moonlight-common.mixins.json into net.minecraft.server.packs.resources.MultiPackResourceManager
[26Jul2026 05:22:06.298] [main/DEBUG] [mixin/]: Mixing resources.NamespaceResourceManagerAccessor from moogs_structures-common.mixins.json into net.minecraft.server.packs.resources.FallbackResourceManager
[26Jul2026 05:22:06.323] [main/DEBUG] [ModernFix/]: Generated cache for /assets in 5.248 ms
[26Jul2026 05:22:06.330] [main/INFO] [Moonlight/]: Starting runtime resource generation for pack type SERVER_DATA with generators from mods []: []
[26Jul2026 05:22:06.331] [main/INFO] [Moonlight/]: Finished runtime resources generation for 0 packs in a total of 0 ms
[26Jul2026 05:22:06.364] [main/DEBUG] [ModernFix/]: Generated cache for /assets in 12.88 ms
[26Jul2026 05:22:06.365] [main/DEBUG] [ModernFix/]: Generated cache for /assets in 161.3 μs
[26Jul2026 05:22:06.377] [main/DEBUG] [ModernFix/]: Generated cache for /assets in 11.40 ms
[26Jul2026 05:22:06.378] [main/DEBUG] [ModernFix/]: Generated cache for /assets in 342.8 μs
[26Jul2026 05:22:06.586] [main/DEBUG] [ModernFix/]: Generated cache for /assets in 208.1 ms
[26Jul2026 05:22:06.591] [main/DEBUG] [ModernFix/]: Generated cache for /assets in 3.693 ms
[26Jul2026 05:22:06.591] [main/DEBUG] [ModernFix/]: Generated cache for /assets in 67.72 μs
[26Jul2026 05:22:06.593] [main/DEBUG] [ModernFix/]: Generated cache for /assets in 998.7 μs
[26Jul2026 05:22:06.646] [main/DEBUG] [ModernFix/]: Generated cache for /assets in 53.07 ms
[26Jul2026 05:22:06.674] [main/DEBUG] [ModernFix/]: Generated cache for /assets in 27.59 ms
[26Jul2026 05:22:06.675] [main/DEBUG] [ModernFix/]: Generated cache for /assets in 461.8 μs
[26Jul2026 05:22:06.675] [main/DEBUG] [ModernFix/]: Generated cache for /assets in 326.6 μs
[26Jul2026 05:22:06.675] [main/DEBUG] [ModernFix/]: Generated cache for /assets in 92.52 μs
[26Jul2026 05:22:06.676] [main/DEBUG] [ModernFix/]: Generated cache for /assets in 363.2 μs
[26Jul2026 05:22:06.715] [main/DEBUG] [ModernFix/]: Generated cache for /assets in 38.99 ms
[26Jul2026 05:22:06.716] [main/DEBUG] [ModernFix/]: Generated cache for /assets in 890.9 μs
[26Jul2026 05:22:06.717] [main/DEBUG] [ModernFix/]: Generated cache for /assets in 578.4 μs
[26Jul2026 05:22:06.722] [main/DEBUG] [ModernFix/]: Generated cache for /assets in 5.014 ms
[26Jul2026 05:22:06.727] [main/DEBUG] [ModernFix/]: Generated cache for /assets in 4.610 ms
[26Jul2026 05:22:06.730] [main/DEBUG] [ModernFix/]: Generated cache for /assets in 2.863 ms
[26Jul2026 05:22:06.742] [main/DEBUG] [ModernFix/]: Generated cache for /assets in 11.86 ms
[26Jul2026 05:22:06.761] [main/DEBUG] [ModernFix/]: Generated cache for /assets in 17.88 ms
[26Jul2026 05:22:06.865] [main/DEBUG] [ModernFix/]: Generated cache for /assets in 103.7 ms
[26Jul2026 05:22:06.865] [main/DEBUG] [ModernFix/]: Generated cache for /assets in 117.5 μs
[26Jul2026 05:22:06.866] [main/DEBUG] [ModernFix/]: Generated cache for /assets in 96.56 μs
[26Jul2026 05:22:06.870] [main/DEBUG] [ModernFix/]: Generated cache for /assets in 4.436 ms
[26Jul2026 05:22:06.908] [main/DEBUG] [ModernFix/]: Generated cache for /assets in 37.23 ms
[26Jul2026 05:22:06.910] [main/DEBUG] [ModernFix/]: Generated cache for /assets in 1.443 ms
[26Jul2026 05:22:06.925] [main/DEBUG] [ModernFix/]: Generated cache for /assets in 14.85 ms
[26Jul2026 05:22:06.925] [main/DEBUG] [ModernFix/]: Generated cache for /assets in 85.92 μs
[26Jul2026 05:22:06.927] [main/DEBUG] [ModernFix/]: Generated cache for /assets in 1.956 ms
[26Jul2026 05:22:06.937] [main/DEBUG] [ModernFix/]: Generated cache for /assets in 9.286 ms
[26Jul2026 05:22:06.937] [main/DEBUG] [ModernFix/]: Generated cache for /assets in 128.9 μs
[26Jul2026 05:22:06.952] [main/DEBUG] [ModernFix/]: Generated cache for /assets in 15.01 ms
[26Jul2026 05:22:06.953] [main/DEBUG] [ModernFix/]: Generated cache for /assets in 76.19 μs
[26Jul2026 05:22:06.955] [main/DEBUG] [ModernFix/]: Generated cache for /assets in 1.623 ms
[26Jul2026 05:22:06.956] [main/DEBUG] [ModernFix/]: Generated cache for /assets in 1.015 ms
[26Jul2026 05:22:06.957] [main/DEBUG] [ModernFix/]: Generated cache for /assets in 738.6 μs
[26Jul2026 05:22:06.957] [main/DEBUG] [ModernFix/]: Generated cache for /assets in 187.3 μs
[26Jul2026 05:22:06.957] [main/DEBUG] [ModernFix/]: Generated cache for /assets in 46.60 μs
[26Jul2026 05:22:06.960] [main/DEBUG] [ModernFix/]: Generated cache for /assets in 2.784 ms
[26Jul2026 05:22:06.961] [main/DEBUG] [ModernFix/]: Generated cache for /assets in 161.2 μs
[26Jul2026 05:22:06.969] [main/DEBUG] [ModernFix/]: Generated cache for /assets in 7.909 ms
[26Jul2026 05:22:06.971] [main/DEBUG] [ModernFix/]: Generated cache for /assets in 1.607 ms
[26Jul2026 05:22:06.972] [main/DEBUG] [ModernFix/]: Generated cache for /assets in 964.3 μs
[26Jul2026 05:22:06.972] [main/DEBUG] [ModernFix/]: Generated cache for /assets in 311.0 μs
[26Jul2026 05:22:06.972] [main/DEBUG] [ModernFix/]: Generated cache for /assets in 143.3 μs
[26Jul2026 05:22:06.973] [main/DEBUG] [ModernFix/]: Generated cache for /assets in 831.2 μs
[26Jul2026 05:22:06.974] [main/DEBUG] [ModernFix/]: Generated cache for /assets in 274.5 μs
[26Jul2026 05:22:07.049] [main/DEBUG] [ModernFix/]: Generated cache for /assets in 74.86 ms
[26Jul2026 05:22:07.051] [main/DEBUG] [ModernFix/]: Generated cache for /assets in 1.245 ms
[26Jul2026 05:22:07.051] [main/DEBUG] [ModernFix/]: Generated cache for /assets in 119.7 μs
[26Jul2026 05:22:07.051] [main/DEBUG] [ModernFix/]: Generated cache for /assets in 193.1 μs
[26Jul2026 05:22:07.052] [main/DEBUG] [ModernFix/]: Generated cache for /assets in 349.9 μs
[26Jul2026 05:22:07.053] [main/DEBUG] [ModernFix/]: Generated cache for /assets in 1.152 ms
[26Jul2026 05:22:07.070] [main/DEBUG] [ModernFix/]: Generated cache for /assets in 16.37 ms
[26Jul2026 05:22:07.076] [main/DEBUG] [ModernFix/]: Generated cache for /assets in 5.193 ms
[26Jul2026 05:22:07.146] [main/DEBUG] [ModernFix/]: Generated cache for /assets in 69.87 ms
[26Jul2026 05:22:07.147] [main/DEBUG] [ModernFix/]: Generated cache for /datapacks/apply_tag_adjustments/assets in 382.8 μs
[26Jul2026 05:22:07.150] [main/DEBUG] [ModernFix/]: Generated cache for /assets in 1.876 ms
[26Jul2026 05:22:07.157] [main/DEBUG] [ModernFix/]: Generated cache for /assets in 7.275 ms
[26Jul2026 05:22:07.191] [main/DEBUG] [ModernFix/]: Generated cache for /assets in 33.24 ms
[26Jul2026 05:22:07.244] [main/DEBUG] [ModernFix/]: Generated cache for /assets in 52.52 ms
[26Jul2026 05:22:07.259] [main/DEBUG] [ModernFix/]: Generated cache for /assets in 14.63 ms
[26Jul2026 05:22:07.260] [main/DEBUG] [ModernFix/]: Generated cache for /assets in 638.6 μs
[26Jul2026 05:22:07.261] [main/DEBUG] [ModernFix/]: Generated cache for /assets in 812.4 μs
[26Jul2026 05:22:07.263] [main/DEBUG] [ModernFix/]: Generated cache for /assets in 2.521 ms
[26Jul2026 05:22:07.265] [main/DEBUG] [ModernFix/]: Generated cache for /assets in 270.4 μs
[26Jul2026 05:22:07.269] [main/DEBUG] [ModernFix/]: Generated cache for /assets in 2.791 ms
[26Jul2026 05:22:07.270] [main/DEBUG] [ModernFix/]: Generated cache for /assets in 1.230 ms
[26Jul2026 05:22:07.271] [main/DEBUG] [ModernFix/]: Generated cache for /assets in 54.55 μs
[26Jul2026 05:22:07.271] [main/DEBUG] [ModernFix/]: Generated cache for /assets in 220.2 μs
[26Jul2026 05:22:07.271] [main/DEBUG] [ModernFix/]: Generated cache for /assets in 138.2 μs
[26Jul2026 05:22:07.280] [main/DEBUG] [ModernFix/]: Generated cache for /assets in 8.258 ms
[26Jul2026 05:22:07.281] [main/DEBUG] [ModernFix/]: Generated cache for /assets in 1.515 ms
[26Jul2026 05:22:07.282] [main/DEBUG] [ModernFix/]: Generated cache for /assets in 107.6 μs
[26Jul2026 05:22:07.282] [main/DEBUG] [ModernFix/]: Generated cache for /assets in 662.6 μs
[26Jul2026 05:22:07.286] [main/DEBUG] [ModernFix/]: Generated cache for /assets in 166.3 μs
[26Jul2026 05:22:07.913] [main/DEBUG] [mixin/]: Mixing accessor.BoundingBoxAccessor from yungsapi.mixins.json into net.minecraft.world.level.levelgen.structure.BoundingBox
[26Jul2026 05:22:07.914] [main/DEBUG] [mixin/]: Mixing accessor.BoundingBoxAccessor from cataclysm.mixins.json into net.minecraft.world.level.levelgen.structure.BoundingBox
[26Jul2026 05:22:07.914] [main/DEBUG] [mixin/]: Unexpected: Registered method setMaxX(I)V in net.minecraft.world.level.levelgen.structure.BoundingBox was not merged
[26Jul2026 05:22:07.914] [main/DEBUG] [mixin/]: Unexpected: Registered method setMaxZ(I)V in net.minecraft.world.level.levelgen.structure.BoundingBox was not merged
[26Jul2026 05:22:07.914] [main/DEBUG] [mixin/]: Unexpected: Registered method setMinX(I)V in net.minecraft.world.level.levelgen.structure.BoundingBox was not merged
[26Jul2026 05:22:07.914] [main/DEBUG] [mixin/]: Unexpected: Registered method setMinZ(I)V in net.minecraft.world.level.levelgen.structure.BoundingBox was not merged
[26Jul2026 05:22:07.915] [main/DEBUG] [mixin/]: Unexpected: Registered method setMaxY(I)V in net.minecraft.world.level.levelgen.structure.BoundingBox was not merged
[26Jul2026 05:22:07.915] [main/DEBUG] [mixin/]: Unexpected: Registered method setMinY(I)V in net.minecraft.world.level.levelgen.structure.BoundingBox was not merged
[26Jul2026 05:22:08.081] [main/INFO] [com.cupboard.Cupboard/]: Loaded config for: connectivity.json
[26Jul2026 05:22:08.511] [main/DEBUG] [mixin/]: Mixing common.OverworldBiomeBuilderMixin from platform-common.mixins.json into net.minecraft.world.level.biome.OverworldBiomeBuilder
[26Jul2026 05:22:08.803] [main/INFO] [Cold Sweat/]: Skipping registration of cold_sweat:world/temp_region cold_sweat:cold_sweat/world/temp_region/compat/default_aether.json: required mods not met
[26Jul2026 05:22:08.811] [main/INFO] [Cold Sweat/]: Skipping registration of cold_sweat:item/insulator cold_sweat:cold_sweat/item/insulator/ad_astra/jet_suit/jet_suit.json: required mods not met
[26Jul2026 05:22:08.811] [main/INFO] [Cold Sweat/]: Skipping registration of cold_sweat:item/insulator cold_sweat:cold_sweat/item/insulator/ad_astra/jet_suit/jet_suit_boots.json: required mods not met
[26Jul2026 05:22:08.811] [main/INFO] [Cold Sweat/]: Skipping registration of cold_sweat:item/insulator cold_sweat:cold_sweat/item/insulator/ad_astra/jet_suit/jet_suit_helmet.json: required mods not met
[26Jul2026 05:22:08.812] [main/INFO] [Cold Sweat/]: Skipping registration of cold_sweat:item/insulator cold_sweat:cold_sweat/item/insulator/ad_astra/jet_suit/jet_suit_pants.json: required mods not met
[26Jul2026 05:22:08.812] [main/INFO] [Cold Sweat/]: Skipping registration of cold_sweat:item/insulator cold_sweat:cold_sweat/item/insulator/ad_astra/netherite_space_suit/netherite_space_boots.json: required mods not met
[26Jul2026 05:22:08.812] [main/INFO] [Cold Sweat/]: Skipping registration of cold_sweat:item/insulator cold_sweat:cold_sweat/item/insulator/ad_astra/netherite_space_suit/netherite_space_helmet.json: required mods not met
[26Jul2026 05:22:08.812] [main/INFO] [Cold Sweat/]: Skipping registration of cold_sweat:item/insulator cold_sweat:cold_sweat/item/insulator/ad_astra/netherite_space_suit/netherite_space_pants.json: required mods not met
[26Jul2026 05:22:08.812] [main/INFO] [Cold Sweat/]: Skipping registration of cold_sweat:item/insulator cold_sweat:cold_sweat/item/insulator/ad_astra/netherite_space_suit/netherite_space_suit.json: required mods not met
[26Jul2026 05:22:08.813] [main/INFO] [Cold Sweat/]: Skipping registration of cold_sweat:item/insulator cold_sweat:cold_sweat/item/insulator/ad_astra/space_suit/space_boots.json: required mods not met
[26Jul2026 05:22:08.813] [main/INFO] [Cold Sweat/]: Skipping registration of cold_sweat:item/insulator cold_sweat:cold_sweat/item/insulator/ad_astra/space_suit/space_helmet.json: required mods not met
[26Jul2026 05:22:08.814] [main/INFO] [Cold Sweat/]: Skipping registration of cold_sweat:item/insulator cold_sweat:cold_sweat/item/insulator/ad_astra/space_suit/space_pants.json: required mods not met
[26Jul2026 05:22:08.814] [main/INFO] [Cold Sweat/]: Skipping registration of cold_sweat:item/insulator cold_sweat:cold_sweat/item/insulator/ad_astra/space_suit/space_suit.json: required mods not met
[26Jul2026 05:22:08.814] [main/INFO] [Cold Sweat/]: Skipping registration of cold_sweat:item/insulator cold_sweat:cold_sweat/item/insulator/aquamirae/three_bolt_boots.json: required mods not met
[26Jul2026 05:22:08.815] [main/INFO] [Cold Sweat/]: Skipping registration of cold_sweat:item/insulator cold_sweat:cold_sweat/item/insulator/aquamirae/three_bolt_helmet.json: required mods not met
[26Jul2026 05:22:08.815] [main/INFO] [Cold Sweat/]: Skipping registration of cold_sweat:item/insulator cold_sweat:cold_sweat/item/insulator/aquamirae/three_bolt_leggings.json: required mods not met
[26Jul2026 05:22:08.815] [main/INFO] [Cold Sweat/]: Skipping registration of cold_sweat:item/insulator cold_sweat:cold_sweat/item/insulator/aquamirae/three_bolt_suit.json: required mods not met
[26Jul2026 05:22:08.816] [main/INFO] [Cold Sweat/]: Skipping registration of cold_sweat:item/insulator cold_sweat:cold_sweat/item/insulator/create/netherite_backtank.json: required mods not met
[26Jul2026 05:22:08.816] [main/INFO] [Cold Sweat/]: Skipping registration of cold_sweat:item/insulator cold_sweat:cold_sweat/item/insulator/create_sa/netherite_jetpack_chestplate.json: required mods not met
[26Jul2026 05:22:08.817] [main/INFO] [Cold Sweat/]: Skipping registration of cold_sweat:item/insulator cold_sweat:cold_sweat/item/insulator/irons_spells/fireward_ring.json: required mods not met
[26Jul2026 05:22:08.818] [main/INFO] [Cold Sweat/]: Skipping registration of cold_sweat:item/insulator cold_sweat:cold_sweat/item/insulator/irons_spells/frostward_ring.json: required mods not met
[26Jul2026 05:22:08.819] [main/INFO] [Cold Sweat/]: Skipping registration of cold_sweat:entity/entity_temp cold_sweat:cold_sweat/entity/entity_temp/boatload/furnace_boat.json: required mods not met
[26Jul2026 05:22:08.821] [main/INFO] [Cold Sweat/]: Skipping registration of cold_sweat:entity/entity_temp cold_sweat:cold_sweat/entity/entity_temp/soul_fire_d/on_normal_fire.json: required mods not met
[26Jul2026 05:22:08.822] [main/INFO] [Cold Sweat/]: Skipping registration of cold_sweat:entity/entity_temp cold_sweat:cold_sweat/entity/entity_temp/soul_fire_d/on_soul_fire.json: required mods not met
[26Jul2026 05:22:08.824] [main/INFO] [Cold Sweat/]: Skipping registration of cold_sweat:world/dimension_temp cold_sweat:cold_sweat/world/dimension_temp/adastra/glacio.json: required mods not met
[26Jul2026 05:22:08.826] [main/INFO] [Cold Sweat/]: Skipping registration of cold_sweat:world/dimension_temp cold_sweat:cold_sweat/world/dimension_temp/adastra/mars.json: required mods not met
[26Jul2026 05:22:08.826] [main/INFO] [Cold Sweat/]: Skipping registration of cold_sweat:world/dimension_temp cold_sweat:cold_sweat/world/dimension_temp/adastra/mercury.json: required mods not met
[26Jul2026 05:22:08.827] [main/INFO] [Cold Sweat/]: Skipping registration of cold_sweat:world/dimension_temp cold_sweat:cold_sweat/world/dimension_temp/adastra/moon.json: required mods not met
[26Jul2026 05:22:08.827] [main/INFO] [Cold Sweat/]: Skipping registration of cold_sweat:world/dimension_temp cold_sweat:cold_sweat/world/dimension_temp/adastra/orbit.json: required mods not met
[26Jul2026 05:22:08.827] [main/INFO] [Cold Sweat/]: Skipping registration of cold_sweat:world/dimension_temp cold_sweat:cold_sweat/world/dimension_temp/adastra/venus.json: required mods not met
[26Jul2026 05:22:08.984] [main/DEBUG] [mixin/]: Mixing bugfix.registry_ops_cme.RegistryOpsMemoizedMixin from modernfix-common.mixins.json into net.minecraft.resources.RegistryOps$1
[26Jul2026 05:22:10.185] [main/DEBUG] [mixin/]: Mixing PrimaryLevelDataMixin from betterendisland.mixins.json into net.minecraft.world.level.storage.PrimaryLevelData
[26Jul2026 05:22:10.187] [main/DEBUG] [mixin/]: Mixing PrimaryLevelDataMixin from citadel.mixins.json into net.minecraft.world.level.storage.PrimaryLevelData
[26Jul2026 05:22:10.189] [main/DEBUG] [mixin/]: Mixing MixinPrimaryLevelData from terrablender.mixins.json into net.minecraft.world.level.storage.PrimaryLevelData
[26Jul2026 05:22:10.190] [main/DEBUG] [mixin/]: Mixing PrimaryLevelDataMixin from collective_forge.mixins.json into net.minecraft.world.level.storage.PrimaryLevelData
[26Jul2026 05:22:10.215] [main/DEBUG] [mixin/]: Mixing EndDragonFightMixin from betterendisland.mixins.json into net.minecraft.world.level.dimension.end.EndDragonFight
[26Jul2026 05:22:10.219] [main/DEBUG] [mixin/]: Renaming synthetic method lambda$betterendisland$setDragonRespawnStage$6(Lnet/minecraft/util/RandomSource;FLnet/minecraft/core/BlockPos;)V to mdd17185$lambda$betterendisland$setDragonRespawnStage$6$0 in betterendisland.mixins.json:EndDragonFightMixin
[26Jul2026 05:22:10.219] [main/DEBUG] [mixin/]: Renaming synthetic method lambda$betterendisland$setDragonRespawnStage$5(FLjava/lang/Integer;)V to mdd17185$lambda$betterendisland$setDragonRespawnStage$5$1 in betterendisland.mixins.json:EndDragonFightMixin
[26Jul2026 05:22:10.219] [main/DEBUG] [mixin/]: Renaming synthetic method lambda$betterendisland$setDragonRespawnStage$4(Lnet/minecraft/util/RandomSource;FLnet/minecraft/core/BlockPos;)V to mdd17185$lambda$betterendisland$setDragonRespawnStage$4$2 in betterendisland.mixins.json:EndDragonFightMixin
[26Jul2026 05:22:10.219] [main/DEBUG] [mixin/]: Renaming synthetic method lambda$betterendisland$setDragonRespawnStage$3(Lnet/minecraft/server/level/ServerPlayer;)V to mdd17185$lambda$betterendisland$setDragonRespawnStage$3$3 in betterendisland.mixins.json:EndDragonFightMixin
[26Jul2026 05:22:10.219] [main/DEBUG] [mixin/]: Renaming synthetic method lambda$betterendisland_setDragonKilled$2(ILnet/minecraft/world/level/levelgen/feature/SpikeFeature$EndSpike;)V to mdd17185$lambda$betterendisland_setDragonKilled$2$4 in betterendisland.mixins.json:EndDragonFightMixin
[26Jul2026 05:22:10.219] [main/DEBUG] [mixin/]: Renaming synthetic method lambda$betterendisland$reset$1(Lnet/minecraft/core/BlockPos;)V to mdd17185$lambda$betterendisland$reset$1$5 in betterendisland.mixins.json:EndDragonFightMixin
[26Jul2026 05:22:10.219] [main/DEBUG] [mixin/]: Renaming synthetic method lambda$betterendisland$reset$0(Lnet/minecraft/world/level/levelgen/feature/SpikeFeature$EndSpike;)V to mdd17185$lambda$betterendisland$reset$0$6 in betterendisland.mixins.json:EndDragonFightMixin
[26Jul2026 05:22:10.883] [main/DEBUG] [mixin/]: Mixing TagManagerMixin from supermartijn642corelib.mixins.json into net.minecraft.tags.TagManager
[26Jul2026 05:22:10.885] [main/DEBUG] [mixin/]: Mixing MixinTagLoading$Manager from cold_sweat.mixin.json into net.minecraft.tags.TagManager
[26Jul2026 05:22:11.112] [main/DEBUG] [mixin/]: Mixing LocateStrongholdCommandMixin from betterstrongholds.mixins.json into net.minecraft.server.commands.LocateCommand
[26Jul2026 05:22:11.115] [main/DEBUG] [mixin/]: Mixing structures.LocateCommandMixin from moogs_structures-common.mixins.json into net.minecraft.server.commands.LocateCommand
[26Jul2026 05:22:11.118] [main/DEBUG] [mixin/]: Renaming synthetic method lambda$moogs_structures_increaseLocateRadius$0(Lnet/minecraft/core/Holder;)Z to mdd17185$lambda$moogs_structures_increaseLocateRadius$0$0 in moogs_structures-common.mixins.json:structures.LocateCommandMixin
[26Jul2026 05:22:11.436] [main/DEBUG] [net.minecraftforge.coremod.transformer.CoreModBaseTransformer/COREMOD]: Transforming net/minecraft/server/commands/SummonCommand
[26Jul2026 05:22:11.780] [main/DEBUG] [mixin/]: Mixing perf.potential_spawns_alloc.ForgeEventFactoryMixin from modernfix-forge.mixins.json into net.minecraftforge.event.ForgeEventFactory
[26Jul2026 05:22:11.881] [main/DEBUG] [bookshelf/]: Built 1 Command entries. Took 2.19ms.
[26Jul2026 05:22:11.882] [main/INFO] [Easy NPC: Core/]: 🗣 Register Easy NPC: Core /easy_npc commands for Easy NPC ...
[26Jul2026 05:22:11.978] [main/INFO] [Easy NPC: Config UI/]: 🗣 Register Easy NPC: Config UI /easy_npc_config_ui commands for Easy NPC: Config UI ...
[26Jul2026 05:22:12.195] [main/DEBUG] [mixin/]: Mixing TagLoaderMixin from supermartijn642corelib.mixins.json into net.minecraft.tags.TagLoader
[26Jul2026 05:22:12.203] [main/DEBUG] [mixin/]: Mixing MixinTagLoading from cold_sweat.mixin.json into net.minecraft.tags.TagLoader
[26Jul2026 05:22:12.241] [main/DEBUG] [mixin/]: Mixing feature.measure_time.AddReloadListenerEventWrapperMixin from modernfix-forge.mixins.json into net.minecraftforge.event.AddReloadListenerEvent$WrappedStateAwareListener
[26Jul2026 05:22:12.270] [main/DEBUG] [mixin/]: Mixing feature.measure_time.SimpleReloadInstanceMixin from modernfix-common.mixins.json into net.minecraft.server.packs.resources.SimpleReloadInstance
[26Jul2026 05:22:12.755] [Worker-Main-1/DEBUG] [mixin/]: Mixing ItemPredicateMixin from icterine.mixins.json into net.minecraft.advancements.critereon.ItemPredicate
[26Jul2026 05:22:12.756] [Worker-Main-1/DEBUG] [mixin/]: Renaming synthetic method lambda$icterine$fasterMatches$0(ILjava/lang/Integer;Ljava/lang/Integer;)Ljava/lang/String; to mdd17185$lambda$icterine$fasterMatches$0$0 in icterine.mixins.json:ItemPredicateMixin
[26Jul2026 05:22:12.764] [Worker-Main-1/DEBUG] [net.minecraftforge.coremod.transformer.CoreModBaseTransformer/COREMOD]: Transforming net/minecraft/world/entity/raid/Raid
[26Jul2026 05:22:12.807] [Worker-Main-1/DEBUG] [mixin/]: Mixing RaidMixin from raidsenhanced.mixins.json into net.minecraft.world.entity.raid.Raid
[26Jul2026 05:22:12.808] [Worker-Main-1/DEBUG] [mixin/]: Mixing RaidMixin from friendsandfoes-common.mixins.json into net.minecraft.world.entity.raid.Raid
[26Jul2026 05:22:13.185] [Worker-Main-1/DEBUG] [mixin/]: Mixing patches.loot.MixinLootItemKilledByPlayerCondition from bookshelf.common.mixins.json into net.minecraft.world.level.storage.loot.predicates.LootItemKilledByPlayerCondition
[26Jul2026 05:22:13.273] [Worker-Main-1/DEBUG] [mixin/]: Mixing MapDecorationTypeMixin from alexscaves.mixins.json into net.minecraft.world.level.saveddata.maps.MapDecoration$Type
[26Jul2026 05:22:13.273] [Worker-Main-1/DEBUG] [mixin/]: Renaming @Invoker method ac_invokeInit(Ljava/lang/String;IZIZ)Lnet/minecraft/world/level/saveddata/maps/MapDecoration$Type; to ac_invokeInit_$md$d17185$0 in alexscaves.mixins.json:MapDecorationTypeMixin
[26Jul2026 05:22:14.930] [main/WARN] [net.minecraft.world.level.storage.loot.LootDataManager/]: Found loot table element validation problem in {loot_tables:luminousworld:entities/auburn_zombie}.pools[0].entries[0].functions[1]: Parameters [<parameter minecraft:tool>] are not provided in this context
[26Jul2026 05:22:14.931] [main/WARN] [net.minecraft.world.level.storage.loot.LootDataManager/]: Found loot table element validation problem in {loot_tables:luminousworld:entities/swamp_zombie}.pools[0].entries[0].functions[1]: Parameters [<parameter minecraft:tool>] are not provided in this context
[26Jul2026 05:22:14.931] [main/WARN] [net.minecraft.world.level.storage.loot.LootDataManager/]: Found loot table element validation problem in {loot_tables:mofus_better_end_:entities/bloodworm}.pools[0].entries[1].functions[1]: Parameters [<parameter minecraft:tool>] are not provided in this context
[26Jul2026 05:22:14.931] [main/WARN] [net.minecraft.world.level.storage.loot.LootDataManager/]: Found loot table element validation problem in {loot_tables:luminousworld:entities/savannah_zombie}.pools[0].entries[0].functions[1]: Parameters [<parameter minecraft:tool>] are not provided in this context
[26Jul2026 05:22:14.932] [main/WARN] [net.minecraft.world.level.storage.loot.LootDataManager/]: Found loot table element validation problem in {loot_tables:mofus_better_end_:entities/bloodworm}.pools[0].entries[0].functions[1]: Parameters [<parameter minecraft:tool>] are not provided in this context
[26Jul2026 05:22:14.932] [main/WARN] [net.minecraft.world.level.storage.loot.LootDataManager/]: Found loot table element validation problem in {loot_tables:luminousworld:entities/miner_zombie}.pools[0].entries[0].functions[1]: Parameters [<parameter minecraft:tool>] are not provided in this context
[26Jul2026 05:22:14.932] [main/WARN] [net.minecraft.world.level.storage.loot.LootDataManager/]: Found loot table element validation problem in {loot_tables:mofus_better_end_:entities/crown_squid}.pools[0].entries[1].functions[1]: Parameters [<parameter minecraft:tool>] are not provided in this context
[26Jul2026 05:22:14.932] [main/WARN] [net.minecraft.world.level.storage.loot.LootDataManager/]: Found loot table element validation problem in {loot_tables:luminousworld:entities/dark_oak_zombie}.pools[0].entries[0].functions[1]: Parameters [<parameter minecraft:tool>] are not provided in this context
[26Jul2026 05:22:14.933] [main/WARN] [net.minecraft.world.level.storage.loot.LootDataManager/]: Found loot table element validation problem in {loot_tables:luminousworld:entities/cherry_zombie}.pools[0].entries[0].functions[1]: Parameters [<parameter minecraft:tool>] are not provided in this context
[26Jul2026 05:22:15.024] [main/DEBUG] [mixin/]: Mixing MixinSmithingRecipe from cold_sweat.mixin.json into net.minecraft.world.item.crafting.SmithingTransformRecipe
[26Jul2026 05:22:15.025] [main/DEBUG] [mixin/]: Renaming synthetic method lambda$copyCapabilities$0(Lnet/minecraft/world/item/ItemStack;Lcom/momosoftworks/coldsweat/common/capability/insulation/IInsulatableCap;)V to mdd17185$lambda$copyCapabilities$0$0 in cold_sweat.mixin.json:MixinSmithingRecipe
[26Jul2026 05:22:15.061] [main/INFO] [net.minecraft.world.item.crafting.RecipeManager/]: Skipping loading recipe copperagebackport:pale_oak_shelf_from_palegardenbackport as it's serializer returned null
[26Jul2026 05:22:15.066] [main/ERROR] [net.minecraft.world.item.crafting.RecipeManager/]: Parsing error loading recipe luminous_nether:supplementaries_ash_block: com.google.gson.JsonSyntaxException: Unknown item 'supplementaries:ash'
[26Jul2026 05:22:15.286] [main/ERROR] [net.minecraft.world.item.crafting.RecipeManager/]: Parsing error loading recipe mofus_better_end_:end_engine_recipe: com.google.gson.JsonSyntaxException: Unknown item 'mofus_better_end_:deleted_mod_element'
[26Jul2026 05:22:15.303] [main/ERROR] [net.minecraft.world.item.crafting.RecipeManager/]: Parsing error loading recipe endersdelight:integration/create/milling/voidpepper: com.google.gson.JsonSyntaxException: Invalid or unsupported recipe type 'create:milling'
[26Jul2026 05:22:15.376] [main/ERROR] [net.minecraft.world.item.crafting.RecipeManager/]: Parsing error loading recipe dedsafio3:llave_crafteo: com.google.gson.JsonSyntaxException: Empty ingredient not allowed here
[26Jul2026 05:22:15.414] [main/ERROR] [net.minecraft.world.item.crafting.RecipeManager/]: Parsing error loading recipe luminous_nether:supplementaries_reverse_ash: com.google.gson.JsonSyntaxException: Unknown item 'supplementaries:ash'
[26Jul2026 05:22:15.466] [main/INFO] [net.minecraft.world.item.crafting.RecipeManager/]: Skipping loading recipe copperagebackport:pale_oak_shelf_from_vanilliabackports as it's serializer returned null
[26Jul2026 05:22:15.488] [main/INFO] [net.minecraft.world.item.crafting.RecipeManager/]: Loaded 20 recipes
[26Jul2026 05:22:15.519] [main/DEBUG] [mixin/]: Mixing DisplayInfoMixin from ftblibrary-common.mixins.json into net.minecraft.advancements.DisplayInfo
[26Jul2026 05:22:15.522] [main/DEBUG] [mixin/]: ftblibrary-common.mixins.json:DisplayInfoMixin: Class version 61 required is higher than the class version supported by the current version of Mixin (JAVA_8 supports class version 52)
[26Jul2026 05:22:16.014] [main/INFO] [net.minecraft.advancements.AdvancementList/]: Loaded 3869 advancements
[26Jul2026 05:22:16.059] [main/INFO] [placebo/]: Registered 0 additional recipes.
[26Jul2026 05:22:16.062] [main/INFO] [com.iafenvoy.jupiter.Jupiter/]: Successfully reload 0 server config(s).
[26Jul2026 05:22:16.086] [main/INFO] [top.theillusivec4.curios.Curios/]: Loaded 11 curio slots
[26Jul2026 05:22:16.096] [main/INFO] [top.theillusivec4.curios.Curios/]: Loaded 1 curio entities
[26Jul2026 05:22:16.218] [main/INFO] [placebo/]: Registered 0 gear_sets.
[26Jul2026 05:22:16.498] [main/WARN] [ModernFix/]: Initial datapack load took 10.39 s
[26Jul2026 05:22:19.052] [main/DEBUG] [net.minecraftforge.common.ForgeHooks/WP]: Gathering id map for writing to world save Ender muerto
[26Jul2026 05:22:19.142] [main/DEBUG] [net.minecraftforge.common.ForgeHooks/WP]: ID Map collection complete Ender muerto
[26Jul2026 05:22:19.211] [main/DEBUG] [mixin/]: Mixing feature.mcfunction_profiling.ServerFunctionManagerMixin from modernfix-common.mixins.json into net.minecraft.server.ServerFunctionManager
[26Jul2026 05:22:19.213] [main/DEBUG] [mixin/]: Renaming synthetic method lambda$mfix$getProfilingResults$2(Ljava/util/Map$Entry;)Ljava/time/Duration; to mdd17185$lambda$mfix$getProfilingResults$2$0 in modernfix-common.mixins.json:feature.mcfunction_profiling.ServerFunctionManagerMixin
[26Jul2026 05:22:19.214] [main/DEBUG] [mixin/]: Renaming synthetic method lambda$pruneUnusedWatches$1(Lcom/google/common/base/Stopwatch;)Z to mdd17185$lambda$pruneUnusedWatches$1$1 in modernfix-common.mixins.json:feature.mcfunction_profiling.ServerFunctionManagerMixin
[26Jul2026 05:22:19.214] [main/DEBUG] [mixin/]: Renaming synthetic method lambda$startWatch$0(Lnet/minecraft/resources/ResourceLocation;)Lcom/google/common/base/Stopwatch; to mdd17185$lambda$startWatch$0$2 in modernfix-common.mixins.json:feature.mcfunction_profiling.ServerFunctionManagerMixin
[26Jul2026 05:22:19.248] [Server thread/INFO] [net.minecraft.server.dedicated.DedicatedServer/]: Starting minecraft server version 1.20.1
[26Jul2026 05:22:19.248] [Server thread/INFO] [net.minecraft.server.dedicated.DedicatedServer/]: Loading properties
[26Jul2026 05:22:19.248] [Server thread/INFO] [net.minecraft.server.dedicated.DedicatedServer/]: Default game type: SURVIVAL
[26Jul2026 05:22:19.249] [Server thread/INFO] [net.minecraft.server.MinecraftServer/]: Generating keypair
[26Jul2026 05:22:19.509] [Server thread/INFO] [net.minecraft.server.dedicated.DedicatedServer/]: Starting Minecraft server on *:25565
[26Jul2026 05:22:19.513] [Server thread/DEBUG] [net.minecraftforge.network.DualStackUtils/]: Detected IPv6 address: "0:0:0:0:0:0:0:0"
[26Jul2026 05:22:19.620] [Server thread/DEBUG] [io.netty.util.internal.NativeLibraryLoader/]: -Dio.netty.native.workdir: /tmp (io.netty.tmpdir)
[26Jul2026 05:22:19.621] [Server thread/DEBUG] [io.netty.util.internal.NativeLibraryLoader/]: -Dio.netty.native.deleteLibAfterLoading: true
[26Jul2026 05:22:19.621] [Server thread/DEBUG] [io.netty.util.internal.NativeLibraryLoader/]: -Dio.netty.native.tryPatchShadedId: true
[26Jul2026 05:22:19.621] [Server thread/DEBUG] [io.netty.util.internal.NativeLibraryLoader/]: -Dio.netty.native.detectNativeLibraryDuplicates: true
[26Jul2026 05:22:19.900] [Server thread/DEBUG] [io.netty.util.internal.NativeLibraryLoader/]: Successfully loaded the library /tmp/libnetty_transport_native_epoll_x86_6411851347974560033291.so
[26Jul2026 05:22:19.932] [Server thread/DEBUG] [io.netty.util.NetUtil/]: -Djava.net.preferIPv4Stack: false
[26Jul2026 05:22:19.932] [Server thread/DEBUG] [io.netty.util.NetUtil/]: -Djava.net.preferIPv6Addresses: true
[26Jul2026 05:22:19.951] [Server thread/DEBUG] [io.netty.util.NetUtilInitializations/]: Loopback interface: lo (lo, 0:0:0:0:0:0:0:1%lo)
[26Jul2026 05:22:19.973] [Server thread/DEBUG] [io.netty.util.NetUtil/]: /proc/sys/net/core/somaxconn: 4096
[26Jul2026 05:22:20.013] [Server thread/INFO] [net.minecraft.server.network.ServerConnectionListener/]: Using epoll channel type
[26Jul2026 05:22:20.056] [Server thread/DEBUG] [mixin/]: Mixing NetworkSystemMixin from connectivity.mixins.json into net.minecraft.server.network.ServerConnectionListener$1
[26Jul2026 05:22:20.076] [Server thread/DEBUG] [io.netty.channel.MultithreadEventLoopGroup/]: -Dio.netty.eventLoopThreads: 4
[26Jul2026 05:22:20.191] [Server thread/DEBUG] [io.netty.util.internal.PlatformDependent/]: org.jctools-core.MpscChunkedArrayQueue: available
[26Jul2026 05:22:20.301] [Server thread/DEBUG] [io.netty.channel.DefaultChannelId/]: -Dio.netty.processId: 6006 (auto-detected)
[26Jul2026 05:22:20.313] [Server thread/DEBUG] [io.netty.channel.DefaultChannelId/]: -Dio.netty.machineId: 7c:1e:52:ff:fe:b0:83:ed (auto-detected)
[26Jul2026 05:22:20.461] [Server thread/DEBUG] [io.netty.buffer.PooledByteBufAllocator/]: -Dio.netty.allocator.numHeapArenas: 4
[26Jul2026 05:22:20.462] [Server thread/DEBUG] [io.netty.buffer.PooledByteBufAllocator/]: -Dio.netty.allocator.numDirectArenas: 4
[26Jul2026 05:22:20.462] [Server thread/DEBUG] [io.netty.buffer.PooledByteBufAllocator/]: -Dio.netty.allocator.pageSize: 8192
[26Jul2026 05:22:20.462] [Server thread/DEBUG] [io.netty.buffer.PooledByteBufAllocator/]: -Dio.netty.allocator.maxOrder: 9
[26Jul2026 05:22:20.462] [Server thread/DEBUG] [io.netty.buffer.PooledByteBufAllocator/]: -Dio.netty.allocator.chunkSize: 4194304
[26Jul2026 05:22:20.462] [Server thread/DEBUG] [io.netty.buffer.PooledByteBufAllocator/]: -Dio.netty.allocator.smallCacheSize: 256
[26Jul2026 05:22:20.462] [Server thread/DEBUG] [io.netty.buffer.PooledByteBufAllocator/]: -Dio.netty.allocator.normalCacheSize: 64
[26Jul2026 05:22:20.462] [Server thread/DEBUG] [io.netty.buffer.PooledByteBufAllocator/]: -Dio.netty.allocator.maxCachedBufferCapacity: 32768
[26Jul2026 05:22:20.462] [Server thread/DEBUG] [io.netty.buffer.PooledByteBufAllocator/]: -Dio.netty.allocator.cacheTrimInterval: 8192
[26Jul2026 05:22:20.462] [Server thread/DEBUG] [io.netty.buffer.PooledByteBufAllocator/]: -Dio.netty.allocator.cacheTrimIntervalMillis: 0
[26Jul2026 05:22:20.463] [Server thread/DEBUG] [io.netty.buffer.PooledByteBufAllocator/]: -Dio.netty.allocator.useCacheForAllThreads: false
[26Jul2026 05:22:20.463] [Server thread/DEBUG] [io.netty.buffer.PooledByteBufAllocator/]: -Dio.netty.allocator.maxCachedByteBuffersPerChunk: 1023
[26Jul2026 05:22:20.487] [Server thread/DEBUG] [io.netty.buffer.ByteBufUtil/]: -Dio.netty.allocator.type: pooled
[26Jul2026 05:22:20.487] [Server thread/DEBUG] [io.netty.buffer.ByteBufUtil/]: -Dio.netty.threadLocalDirectBufferSize: 0
[26Jul2026 05:22:20.489] [Server thread/DEBUG] [io.netty.buffer.ByteBufUtil/]: -Dio.netty.maxThreadLocalCharBufferSize: 16384
[26Jul2026 05:22:20.504] [Server thread/WARN] [net.minecraft.server.dedicated.DedicatedServer/]: **** SERVER IS RUNNING IN OFFLINE/INSECURE MODE!
[26Jul2026 05:22:20.505] [Server thread/WARN] [net.minecraft.server.dedicated.DedicatedServer/]: The server will make no attempt to authenticate usernames. Beware.
[26Jul2026 05:22:20.506] [Server thread/WARN] [net.minecraft.server.dedicated.DedicatedServer/]: While this makes the game possible to play without internet access, it also opens up the ability for hackers to connect with any username they choose.
[26Jul2026 05:22:20.507] [Server thread/WARN] [net.minecraft.server.dedicated.DedicatedServer/]: To change this, set "online-mode" to "true" in the server.properties file.
[26Jul2026 05:22:20.538] [Server thread/INFO] [Cold Sweat/]: Loading registries from configs...
[26Jul2026 05:22:20.541] [Server thread/INFO] [Cold Sweat/]: Loading registries from data resources...
[26Jul2026 05:22:20.563] [Server thread/INFO] [Cold Sweat/]: Handling registry modifiers...
[26Jul2026 05:22:20.566] [Server thread/INFO] [Cold Sweat/]: Loaded 0 insulators.
[26Jul2026 05:22:20.567] [Server thread/INFO] [Cold Sweat/]: Loaded 0 fuels.
[26Jul2026 05:22:20.568] [Server thread/INFO] [Cold Sweat/]: Loaded 0 foods.
[26Jul2026 05:22:20.569] [Server thread/INFO] [Cold Sweat/]: Loaded 0 item temperatures.
[26Jul2026 05:22:20.569] [Server thread/INFO] [Cold Sweat/]: Loaded 0 drying items.
[26Jul2026 05:22:20.571] [Server thread/INFO] [Cold Sweat/]: Loaded 0 insulation slots configs.
[26Jul2026 05:22:20.573] [Server thread/INFO] [Cold Sweat/]: Loaded 0 block temperatures.
[26Jul2026 05:22:20.574] [Server thread/INFO] [Cold Sweat/]: Loaded 0 biome temperatures.
[26Jul2026 05:22:20.574] [Server thread/INFO] [Cold Sweat/]: Loaded 0 dimension temperatures.
[26Jul2026 05:22:20.576] [Server thread/INFO] [Cold Sweat/]: Loaded 0 structure temperatures.
[26Jul2026 05:22:20.589] [Server thread/INFO] [Cold Sweat/]: Loaded 1 depth temperatures: [cold_sweat:default]
[26Jul2026 05:22:20.591] [Server thread/INFO] [Cold Sweat/]: Loaded 1 insulated mounts: [cold_sweat:strider]
[26Jul2026 05:22:20.592] [Server thread/INFO] [Cold Sweat/]: Loaded 0 entity spawn biomes.
[26Jul2026 05:22:20.594] [Server thread/INFO] [Cold Sweat/]: Loaded 2 entity temperatures: [cold_sweat:furnace_minecart, cold_sweat:on_fire]
[26Jul2026 05:22:20.595] [Server thread/INFO] [Cold Sweat/]: Loaded 0 entity climates.
[26Jul2026 05:22:20.597] [Server thread/INFO] [Cold Sweat/]: Loaded 2 temp effects: [cold_sweat:default_entity, cold_sweat:default_player]
[26Jul2026 05:22:20.598] [Server thread/INFO] [Cold Sweat/]: Loading TOML configs...
[26Jul2026 05:22:20.633] [Server thread/ERROR] [Cold Sweat/]: Error parsing config: block "deeperdarker:echo_leaves" does not exist
[26Jul2026 05:22:20.638] [Server thread/ERROR] [Cold Sweat/]: Error parsing config: block "create:blaze_burner" does not exist
[26Jul2026 05:22:20.641] [Server thread/INFO] [Cold Sweat/]: Loading BlockTemps...
[26Jul2026 05:22:20.645] [Server thread/DEBUG] [Cold Sweat/]: Registered BlockTemps in 3ms
[26Jul2026 05:22:20.649] [Server thread/DEBUG] [net.minecraftforge.fml.config.ConfigTracker/CONFIG]: Loading configs type SERVER
[26Jul2026 05:22:20.650] [Server thread/DEBUG] [fuzs.puzzleslib.impl.config.core.ForgeConfigFileTypeHandler/CONFIG]: Built TOML config for /workspaces/enderdeath/servidor_minecraft/config/easyanvils-server.toml
[26Jul2026 05:22:20.651] [Server thread/DEBUG] [fuzs.puzzleslib.impl.config.core.ForgeConfigFileTypeHandler/CONFIG]: Loaded TOML config file /workspaces/enderdeath/servidor_minecraft/config/easyanvils-server.toml
[26Jul2026 05:22:20.651] [Server thread/DEBUG] [fuzs.puzzleslib.impl.config.core.ForgeConfigFileTypeHandler/CONFIG]: Watching TOML config file /workspaces/enderdeath/servidor_minecraft/config/easyanvils-server.toml for changes
[26Jul2026 05:22:20.653] [Server thread/INFO] [Puzzles Lib/]: Loading server config for easyanvils
[26Jul2026 05:22:20.655] [Server thread/DEBUG] [net.minecraftforge.fml.config.ConfigFileTypeHandler/CONFIG]: Built TOML config for ./world/serverconfig/incontrol-server.toml
[26Jul2026 05:22:20.700] [Server thread/DEBUG] [net.minecraftforge.fml.config.ConfigFileTypeHandler/CONFIG]: Loaded TOML config file ./world/serverconfig/incontrol-server.toml
[26Jul2026 05:22:20.702] [Server thread/DEBUG] [net.minecraftforge.fml.config.ConfigFileTypeHandler/CONFIG]: Watching TOML config file ./world/serverconfig/incontrol-server.toml for changes
[26Jul2026 05:22:20.703] [Server thread/DEBUG] [net.minecraftforge.fml.config.ConfigFileTypeHandler/CONFIG]: Built TOML config for ./world/serverconfig/curios-server.toml
[26Jul2026 05:22:20.756] [Server thread/DEBUG] [net.minecraftforge.fml.config.ConfigFileTypeHandler/CONFIG]: Loaded TOML config file ./world/serverconfig/curios-server.toml
[26Jul2026 05:22:20.759] [Server thread/DEBUG] [net.minecraftforge.fml.config.ConfigFileTypeHandler/CONFIG]: Watching TOML config file ./world/serverconfig/curios-server.toml for changes
[26Jul2026 05:22:20.759] [Server thread/DEBUG] [fuzs.puzzleslib.impl.config.core.ForgeConfigFileTypeHandler/CONFIG]: Built TOML config for /workspaces/enderdeath/servidor_minecraft/config/puzzlesapi-iteminteractions-server.toml
[26Jul2026 05:22:20.762] [Server thread/DEBUG] [fuzs.puzzleslib.impl.config.core.ForgeConfigFileTypeHandler/CONFIG]: Loaded TOML config file /workspaces/enderdeath/servidor_minecraft/config/puzzlesapi-iteminteractions-server.toml
[26Jul2026 05:22:20.762] [Server thread/DEBUG] [fuzs.puzzleslib.impl.config.core.ForgeConfigFileTypeHandler/CONFIG]: Watching TOML config file /workspaces/enderdeath/servidor_minecraft/config/puzzlesapi-iteminteractions-server.toml for changes
[26Jul2026 05:22:20.764] [Server thread/INFO] [Puzzles Lib/]: Loading server config for puzzlesapi
[26Jul2026 05:22:20.766] [Server thread/DEBUG] [fuzs.puzzleslib.impl.config.core.ForgeConfigFileTypeHandler/CONFIG]: Built TOML config for /workspaces/enderdeath/servidor_minecraft/config/mutantmonsters-server.toml
[26Jul2026 05:22:20.767] [Server thread/DEBUG] [fuzs.puzzleslib.impl.config.core.ForgeConfigFileTypeHandler/CONFIG]: Loaded TOML config file /workspaces/enderdeath/servidor_minecraft/config/mutantmonsters-server.toml
[26Jul2026 05:22:20.767] [Server thread/DEBUG] [fuzs.puzzleslib.impl.config.core.ForgeConfigFileTypeHandler/CONFIG]: Watching TOML config file /workspaces/enderdeath/servidor_minecraft/config/mutantmonsters-server.toml for changes
[26Jul2026 05:22:20.803] [Server thread/INFO] [Puzzles Lib/]: Loading server config for mutantmonsters
[26Jul2026 05:22:20.813] [Server thread/DEBUG] [fuzs.puzzleslib.impl.config.core.ForgeConfigFileTypeHandler/CONFIG]: Built TOML config for /workspaces/enderdeath/servidor_minecraft/config/easymagic-server.toml
[26Jul2026 05:22:20.814] [Server thread/DEBUG] [fuzs.puzzleslib.impl.config.core.ForgeConfigFileTypeHandler/CONFIG]: Loaded TOML config file /workspaces/enderdeath/servidor_minecraft/config/easymagic-server.toml
[26Jul2026 05:22:20.814] [Server thread/DEBUG] [fuzs.puzzleslib.impl.config.core.ForgeConfigFileTypeHandler/CONFIG]: Watching TOML config file /workspaces/enderdeath/servidor_minecraft/config/easymagic-server.toml for changes
[26Jul2026 05:22:20.818] [Server thread/INFO] [Puzzles Lib/]: Loading server config for easymagic
[26Jul2026 05:22:20.822] [Server thread/DEBUG] [net.minecraftforge.fml.config.ConfigFileTypeHandler/CONFIG]: Built TOML config for ./world/serverconfig/jei-server.toml
[26Jul2026 05:22:20.824] [Server thread/DEBUG] [net.minecraftforge.fml.config.ConfigFileTypeHandler/CONFIG]: Loaded TOML config file ./world/serverconfig/jei-server.toml
[26Jul2026 05:22:20.825] [Server thread/DEBUG] [net.minecraftforge.fml.config.ConfigFileTypeHandler/CONFIG]: Watching TOML config file ./world/serverconfig/jei-server.toml for changes
[26Jul2026 05:22:20.825] [Server thread/DEBUG] [net.minecraftforge.fml.config.ConfigFileTypeHandler/CONFIG]: Built TOML config for ./world/serverconfig/forge-server.toml
[26Jul2026 05:22:20.827] [Server thread/DEBUG] [net.minecraftforge.fml.config.ConfigFileTypeHandler/CONFIG]: Loaded TOML config file ./world/serverconfig/forge-server.toml
[26Jul2026 05:22:20.830] [Server thread/DEBUG] [net.minecraftforge.fml.config.ConfigFileTypeHandler/CONFIG]: Watching TOML config file ./world/serverconfig/forge-server.toml for changes
[26Jul2026 05:22:20.831] [Server thread/DEBUG] [net.minecraftforge.common.ForgeConfig/FORGEMOD]: Loaded forge config file forge-server.toml
[26Jul2026 05:22:20.835] [Server thread/DEBUG] [net.minecraftforge.fml.config.ConfigFileTypeHandler/CONFIG]: Built TOML config for ./world/serverconfig/securitycraft-server.toml
[26Jul2026 05:22:20.846] [Server thread/DEBUG] [net.minecraftforge.fml.config.ConfigFileTypeHandler/CONFIG]: Loaded TOML config file ./world/serverconfig/securitycraft-server.toml
[26Jul2026 05:22:20.848] [Server thread/DEBUG] [net.minecraftforge.fml.config.ConfigFileTypeHandler/CONFIG]: Watching TOML config file ./world/serverconfig/securitycraft-server.toml for changes
[26Jul2026 05:22:20.861] [Server thread/DEBUG] [fuzs.puzzleslib.impl.config.core.ForgeConfigFileTypeHandler/CONFIG]: Built TOML config for /workspaces/enderdeath/servidor_minecraft/config/bettertridents-server.toml
[26Jul2026 05:22:20.862] [Server thread/DEBUG] [fuzs.puzzleslib.impl.config.core.ForgeConfigFileTypeHandler/CONFIG]: Loaded TOML config file /workspaces/enderdeath/servidor_minecraft/config/bettertridents-server.toml
[26Jul2026 05:22:20.862] [Server thread/DEBUG] [fuzs.puzzleslib.impl.config.core.ForgeConfigFileTypeHandler/CONFIG]: Watching TOML config file /workspaces/enderdeath/servidor_minecraft/config/bettertridents-server.toml for changes
[26Jul2026 05:22:20.863] [Server thread/INFO] [Puzzles Lib/]: Loading server config for bettertridents
[26Jul2026 05:22:20.869] [Server thread/DEBUG] [mixin/]: Mixing accessor.BiomeSpecialEffectsBuilderForgeAccessor from puzzleslib.forge.mixins.json into net.minecraft.world.level.biome.BiomeSpecialEffects$Builder
[26Jul2026 05:22:20.927] [Server thread/DEBUG] [mixin/]: Mixing StructureManagerAccessor from cataclysm.mixins.json into net.minecraft.world.level.StructureManager
[26Jul2026 05:22:21.023] [Thread-0/INFO] [ModernFix/]: Please use /mfsrc to reload any changed mod config files
[26Jul2026 05:22:21.078] [Server thread/DEBUG] [Cold Sweat/]: Registered TempModifiers in 26ms
[26Jul2026 05:22:21.126] [Server thread/INFO] [FTB Teams/]: loaded team data: 9 known players, 9 teams total
[26Jul2026 05:22:21.148] [Server thread/INFO] [Framework/]: Loading server configs...
[26Jul2026 05:22:21.165] [Server thread/DEBUG] [Framework/]: Started watching config: /workspaces/enderdeath/servidor_minecraft/config/refurbished_furniture.server.toml
[26Jul2026 05:22:21.231] [Server thread/DEBUG] [platform/]: Found existing server config directory directory : ./world/serverconfig
[26Jul2026 05:22:21.231] [Server thread/DEBUG] [com.blackgear.platform.core.util.config.ConfigTracker/]: Loading configs type SERVER
[26Jul2026 05:22:21.828] [Server thread/INFO] [net.jadenxgamer.elysium_api.Elysium/]: ElysiumBiomeSource successfully initialized for minecraft:overworld
[26Jul2026 05:22:21.832] [Server thread/INFO] [net.jadenxgamer.elysium_api.Elysium/]: ElysiumBiomeSource successfully initialized for minecraft:the_nether
[26Jul2026 05:22:21.900] [Server thread/INFO] [terrablender/]: Initialized TerraBlender biomes for level stem minecraft:the_nether
[26Jul2026 05:22:22.273] [Server thread/INFO] [terrablender/]: Initialized TerraBlender biomes for level stem minecraft:overworld
[26Jul2026 05:22:22.275] [Server thread/INFO] [net.minecraft.server.dedicated.DedicatedServer/]: Preparing level "world"
[26Jul2026 05:22:22.278] [Server thread/DEBUG] [mixin/]: Mixing feature.branding.BrandingControlMixin from modernfix-forge.mixins.json into net.minecraftforge.internal.BrandingControl
[26Jul2026 05:22:22.340] [Server thread/DEBUG] [net.minecraftforge.coremod.transformer.CoreModBaseTransformer/COREMOD]: Transforming net/minecraft/world/level/levelgen/PhantomSpawner
[26Jul2026 05:22:22.356] [Server thread/DEBUG] [net.minecraftforge.coremod.transformer.CoreModBaseTransformer/COREMOD]: Transforming net/minecraft/world/level/levelgen/PatrolSpawner
[26Jul2026 05:22:22.365] [Server thread/DEBUG] [mixin/]: Mixing PatrolSpawnerAccessor from friendsandfoes-common.mixins.json into net.minecraft.world.level.levelgen.PatrolSpawner
[26Jul2026 05:22:22.366] [Server thread/DEBUG] [mixin/]: Mixing PatrolSpawnerMixin from friendsandfoes-common.mixins.json into net.minecraft.world.level.levelgen.PatrolSpawner
[26Jul2026 05:22:22.379] [Server thread/DEBUG] [net.minecraftforge.coremod.transformer.CoreModBaseTransformer/COREMOD]: Transforming net/minecraft/world/entity/npc/CatSpawner
[26Jul2026 05:22:22.390] [Server thread/DEBUG] [net.minecraftforge.coremod.transformer.CoreModBaseTransformer/COREMOD]: Transforming net/minecraft/world/entity/ai/village/VillageSiege
[26Jul2026 05:22:22.458] [Server thread/DEBUG] [mixin/]: Mixing ChunkLoadDebug from cupboard.mixins.json into net.minecraft.server.level.ServerChunkCache
[26Jul2026 05:22:22.461] [Server thread/DEBUG] [mixin/]: Mixing bugfix.chunk_deadlock.ServerChunkCache_CurrentLoadingMixin from modernfix-forge.mixins.json into net.minecraft.server.level.ServerChunkCache
[26Jul2026 05:22:22.496] [Server thread/DEBUG] [mixin/]: Mixing MapDataMixin from moonlight-common.mixins.json into net.minecraft.world.level.saveddata.maps.MapItemSavedData
[26Jul2026 05:22:22.498] [Server thread/DEBUG] [mixin/]: Renaming synthetic method lambda$save$3(Lnet/minecraft/nbt/CompoundTag;Lnet/minecraft/resources/ResourceLocation;Lnet/mehvahdjukaar/moonlight/api/map/CustomMapData;)V to mdd17185$lambda$save$3$0 in moonlight-common.mixins.json:MapDataMixin
[26Jul2026 05:22:22.500] [Server thread/DEBUG] [mixin/]: Renaming synthetic method lambda$load$2(Lnet/minecraft/nbt/CompoundTag;Lnet/mehvahdjukaar/moonlight/api/map/CustomMapData;)V to mdd17185$lambda$load$2$1 in moonlight-common.mixins.json:MapDataMixin
[26Jul2026 05:22:22.500] [Server thread/DEBUG] [mixin/]: Renaming synthetic method lambda$setCustomDataDirty$1(Lnet/mehvahdjukaar/moonlight/api/map/CustomMapData$Type;Ljava/util/function/Consumer;Lnet/minecraft/world/level/saveddata/maps/MapItemSavedData$HoldingPlayer;)V to mdd17185$lambda$setCustomDataDirty$1$2 in moonlight-common.mixins.json:MapDataMixin
[26Jul2026 05:22:22.500] [Server thread/DEBUG] [mixin/]: Renaming synthetic method lambda$setCustomDecorationsDirty$0(Lnet/minecraft/world/level/saveddata/maps/MapItemSavedData$HoldingPlayer;)V to mdd17185$lambda$setCustomDecorationsDirty$0$3 in moonlight-common.mixins.json:MapDataMixin
[26Jul2026 05:22:22.722] [Server thread/DEBUG] [mixin/]: Mixing DimensionDataStorageMixin from fastasyncworldsave.mixins.json into net.minecraft.world.level.storage.DimensionDataStorage
[26Jul2026 05:22:22.723] [Server thread/DEBUG] [mixin/]: Renaming synthetic method lambda$fastasyncworldsave$saveOffthread$0(Ljava/util/Map;)V to mdd17185$lambda$fastasyncworldsave$saveOffthread$0$0 in fastasyncworldsave.mixins.json:DimensionDataStorageMixin
[26Jul2026 05:22:22.737] [Server thread/DEBUG] [mixin/]: Mixing perf.ticking_chunk_alloc.ChunkHolderMixin from modernfix-common.mixins.json into net.minecraft.server.level.ChunkHolder
[26Jul2026 05:22:22.774] [Server thread/DEBUG] [mixin/]: Mixing bugfix.paper_chunk_patches.ChunkMapMixin from modernfix-common.mixins.json into net.minecraft.server.level.ChunkMap
[26Jul2026 05:22:22.776] [Server thread/DEBUG] [mixin/]: Renaming synthetic method lambda$useLegacySchedulingLogic$1(Lnet/minecraft/world/level/chunk/ChunkStatus;Lnet/minecraft/world/level/ChunkPos;Lnet/minecraft/server/level/ChunkHolder;Lcom/mojang/datafixers/util/Either;)Ljava/util/concurrent/CompletionStage; to mdd17185$lambda$useLegacySchedulingLogic$1$0 in modernfix-common.mixins.json:bugfix.paper_chunk_patches.ChunkMapMixin
[26Jul2026 05:22:22.776] [Server thread/DEBUG] [mixin/]: Renaming synthetic method lambda$useLegacySchedulingLogic$0(Lnet/minecraft/server/level/ChunkHolder;Lnet/minecraft/world/level/chunk/ChunkAccess;)Ljava/util/concurrent/CompletableFuture; to mdd17185$lambda$useLegacySchedulingLogic$0$1 in modernfix-common.mixins.json:bugfix.paper_chunk_patches.ChunkMapMixin
[26Jul2026 05:22:22.779] [Server thread/DEBUG] [mixin/]: Mixing bugfix.chunk_deadlock.ChunkMapLoadMixin from modernfix-forge.mixins.json into net.minecraft.server.level.ChunkMap
[26Jul2026 05:22:22.780] [Server thread/DEBUG] [mixin/]: Mixing camera.ChunkMapMixin from securitycraft.mixins.json into net.minecraft.server.level.ChunkMap
[26Jul2026 05:22:22.781] [Server thread/DEBUG] [mixin/]: Renaming synthetic method lambda$securitycraft$onDropChunk$3(Lnet/minecraft/server/level/ServerPlayer;Lnet/minecraft/world/level/ChunkPos;Lnet/geforcemods/securitycraft/blockentities/SecurityCameraBlockEntity;)Z to mdd17185$lambda$securitycraft$onDropChunk$3$2 in securitycraft.mixins.json:camera.ChunkMapMixin
[26Jul2026 05:22:22.781] [Server thread/DEBUG] [mixin/]: Renaming synthetic method lambda$securitycraft$sendChunksToCameras$2(Lnet/minecraft/server/level/ServerPlayer;Lnet/minecraft/world/level/ChunkPos;Lnet/geforcemods/securitycraft/blockentities/SecurityCameraBlockEntity;)Z to mdd17185$lambda$securitycraft$sendChunksToCameras$2$3 in securitycraft.mixins.json:camera.ChunkMapMixin
[26Jul2026 05:22:22.781] [Server thread/DEBUG] [mixin/]: Renaming synthetic method lambda$securitycraft$trackCameraLoadedChunks$1(Lnet/minecraft/server/level/ServerPlayer;Lnet/minecraft/world/level/ChunkPos;Lnet/geforcemods/securitycraft/blockentities/SecurityCameraBlockEntity;)Z to mdd17185$lambda$securitycraft$trackCameraLoadedChunks$1$4 in securitycraft.mixins.json:camera.ChunkMapMixin
[26Jul2026 05:22:22.781] [Server thread/DEBUG] [mixin/]: Renaming synthetic method lambda$securitycraft$trackCameraLoadedChunks$0(Lnet/minecraft/server/level/ServerPlayer;Lnet/geforcemods/securitycraft/blockentities/SecurityCameraBlockEntity;)Z to mdd17185$lambda$securitycraft$trackCameraLoadedChunks$0$5 in securitycraft.mixins.json:camera.ChunkMapMixin
[26Jul2026 05:22:22.912] [Server thread/DEBUG] [mixin/]: Mixing NoiseConfigMixin from mixins.mofus_better_end_.json into net.minecraft.world.level.levelgen.RandomState
[26Jul2026 05:22:23.161] [Server thread/DEBUG] [mixin/]: Mixing ClimateSamplerMixin from mixins.mofus_better_end_.json into net.minecraft.world.level.biome.Climate$Sampler
[26Jul2026 05:22:23.214] [Server thread/DEBUG] [mixin/]: Mixing perf.cache_strongholds.ChunkGeneratorMixin from modernfix-common.mixins.json into net.minecraft.world.level.chunk.ChunkGeneratorStructureState
[26Jul2026 05:22:23.215] [Server thread/DEBUG] [mixin/]: Renaming synthetic method lambda$saveCachedData$0(Ljava/util/List;)Ljava/util/List; to mdd17185$lambda$saveCachedData$0$0 in modernfix-common.mixins.json:perf.cache_strongholds.ChunkGeneratorMixin
[26Jul2026 05:22:23.343] [Server thread/DEBUG] [mixin/]: Mixing reinforced.PortalForcerMixin from securitycraft.mixins.json into net.minecraft.world.level.portal.PortalForcer
[26Jul2026 05:22:23.353] [Server thread/DEBUG] [mixin/]: Mixing perf.faster_structure_location.StructureCheckMixin from modernfix-common.mixins.json into net.minecraft.world.level.levelgen.structure.StructureCheck
[26Jul2026 05:22:23.409] [Server thread/DEBUG] [ModernFix/]: Loaded stronghold cache for dimension minecraft:overworld with 128 positions
[26Jul2026 05:22:23.448] [Server thread/INFO] [incontrol/]: Reading rules from areas.json
[26Jul2026 05:22:23.461] [Server thread/INFO] [incontrol/]: Reading rules from spawn.json
[26Jul2026 05:22:23.488] [Server thread/ERROR] [incontrol/]: JSON error in 'spawn.json': check log for details (Not a JSON Object: [{"mob":"minecraft:blaze","result":"allow","dimension":"minecraft:overworld"}])
[26Jul2026 05:22:23.489] [Server thread/ERROR] [incontrol/]: Error parsing 'spawn.json'
java.lang.IllegalStateException: Not a JSON Object: [{"mob":"minecraft:blaze","result":"allow","dimension":"minecraft:overworld"}]
	at com.google.gson.JsonElement.getAsJsonObject(JsonElement.java:101) ~[gson-2.10.jar%2372!/:?]
	at mcjty.incontrol.tools.typed.GenericAttributeMapFactory.parse(GenericAttributeMapFactory.java:52) ~[incontrol-1.20-9.4.6.jar%23246!/:1.20-9.4.6]
	at mcjty.incontrol.rules.SpawnRule.parse(SpawnRule.java:400) ~[incontrol-1.20-9.4.6.jar%23246!/:1.20-9.4.6]
	at mcjty.incontrol.rules.RulesManager.readRules(RulesManager.java:221) ~[incontrol-1.20-9.4.6.jar%23246!/:1.20-9.4.6]
	at mcjty.incontrol.rules.RulesManager.lambda$readAllRules$9(RulesManager.java:193) ~[incontrol-1.20-9.4.6.jar%23246!/:1.20-9.4.6]
	at mcjty.incontrol.rules.RulesManager.safeCall(RulesManager.java:207) ~[incontrol-1.20-9.4.6.jar%23246!/:1.20-9.4.6]
	at mcjty.incontrol.rules.RulesManager.readAllRules(RulesManager.java:193) ~[incontrol-1.20-9.4.6.jar%23246!/:1.20-9.4.6]
	at mcjty.incontrol.rules.RulesManager.reloadRules(RulesManager.java:64) ~[incontrol-1.20-9.4.6.jar%23246!/:1.20-9.4.6]
	at mcjty.incontrol.ForgeEventHandlers.tryLoadRules(ForgeEventHandlers.java:63) ~[incontrol-1.20-9.4.6.jar%23246!/:1.20-9.4.6]
	at mcjty.incontrol.ForgeEventHandlers.onLevelLoad(ForgeEventHandlers.java:56) ~[incontrol-1.20-9.4.6.jar%23246!/:1.20-9.4.6]
	at mcjty.incontrol.__ForgeEventHandlers_onLevelLoad_Load.invoke(.dynamic) ~[incontrol-1.20-9.4.6.jar%23246!/:1.20-9.4.6]
	at net.minecraftforge.eventbus.ASMEventHandler.invoke(ASMEventHandler.java:73) ~[eventbus-6.0.5.jar%2352!/:?]
	at net.minecraftforge.eventbus.EventBus.post(EventBus.java:315) ~[eventbus-6.0.5.jar%2352!/:?]
	at net.minecraftforge.eventbus.EventBus.post(EventBus.java:296) ~[eventbus-6.0.5.jar%2352!/:?]
	at net.minecraft.server.MinecraftServer.m_129815_(MinecraftServer.java:343) ~[server-1.20.1-20230612.114412-srg.jar%23289!/:?]
	at net.minecraft.server.MinecraftServer.m_130006_(MinecraftServer.java:308) ~[server-1.20.1-20230612.114412-srg.jar%23289!/:?]
	at net.minecraft.server.dedicated.DedicatedServer.m_7038_(DedicatedServer.java:164) ~[server-1.20.1-20230612.114412-srg.jar%23289!/:?]
	at net.minecraft.server.MinecraftServer.m_130011_(MinecraftServer.java:634) ~[server-1.20.1-20230612.114412-srg.jar%23289!/:?]
	at net.minecraft.server.MinecraftServer.m_206580_(MinecraftServer.java:251) ~[server-1.20.1-20230612.114412-srg.jar%23289!/:?]
	at java.lang.Thread.run(Thread.java:840) ~[?:?]
[26Jul2026 05:22:23.494] [Server thread/INFO] [incontrol/]: Reading rules from summonaid.json
[26Jul2026 05:22:23.505] [Server thread/INFO] [incontrol/]: Reading rules from loot.json
[26Jul2026 05:22:23.512] [Server thread/INFO] [incontrol/]: Reading rules from experience.json
[26Jul2026 05:22:23.518] [Server thread/INFO] [incontrol/]: Reading rules from phases.json
[26Jul2026 05:22:23.522] [Server thread/INFO] [incontrol/]: Reading rules from effects.json
[26Jul2026 05:22:23.525] [Server thread/INFO] [incontrol/]: Reading rules from breakevents.json
[26Jul2026 05:22:23.529] [Server thread/INFO] [incontrol/]: Reading rules from placeevents.json
[26Jul2026 05:22:23.532] [Server thread/INFO] [incontrol/]: Reading rules from rightclicks.json
[26Jul2026 05:22:23.535] [Server thread/INFO] [incontrol/]: Reading rules from leftclicks.json
[26Jul2026 05:22:23.543] [Server thread/INFO] [incontrol/]: Reading rules from spawner.json
[26Jul2026 05:22:23.563] [Server thread/ERROR] [incontrol/]: JSON error in 'spawner.json': check log for details (Not a JSON Object: [{"mob":"minecraft:zombie","persecond":1.0,"attempts":100,"amount":{"minimum":10,"maximum":10},"conditions":{"dimension":"minecraft:overworld"}}])
[26Jul2026 05:22:23.564] [Server thread/ERROR] [incontrol/]: Error parsing 'spawner.json'
java.lang.IllegalStateException: Not a JSON Object: [{"mob":"minecraft:zombie","persecond":1.0,"attempts":100,"amount":{"minimum":10,"maximum":10},"conditions":{"dimension":"minecraft:overworld"}}]
	at com.google.gson.JsonElement.getAsJsonObject(JsonElement.java:101) ~[gson-2.10.jar%2372!/:?]
	at mcjty.incontrol.spawner.SpawnerParser.readRules(SpawnerParser.java:23) ~[incontrol-1.20-9.4.6.jar%23246!/:1.20-9.4.6]
	at mcjty.incontrol.spawner.SpawnerSystem.reloadRules(SpawnerSystem.java:52) ~[incontrol-1.20-9.4.6.jar%23246!/:1.20-9.4.6]
	at mcjty.incontrol.ForgeEventHandlers.tryLoadRules(ForgeEventHandlers.java:64) ~[incontrol-1.20-9.4.6.jar%23246!/:1.20-9.4.6]
	at mcjty.incontrol.ForgeEventHandlers.onLevelLoad(ForgeEventHandlers.java:56) ~[incontrol-1.20-9.4.6.jar%23246!/:1.20-9.4.6]
	at mcjty.incontrol.__ForgeEventHandlers_onLevelLoad_Load.invoke(.dynamic) ~[incontrol-1.20-9.4.6.jar%23246!/:1.20-9.4.6]
	at net.minecraftforge.eventbus.ASMEventHandler.invoke(ASMEventHandler.java:73) ~[eventbus-6.0.5.jar%2352!/:?]
	at net.minecraftforge.eventbus.EventBus.post(EventBus.java:315) ~[eventbus-6.0.5.jar%2352!/:?]
	at net.minecraftforge.eventbus.EventBus.post(EventBus.java:296) ~[eventbus-6.0.5.jar%2352!/:?]
	at net.minecraft.server.MinecraftServer.m_129815_(MinecraftServer.java:343) ~[server-1.20.1-20230612.114412-srg.jar%23289!/:?]
	at net.minecraft.server.MinecraftServer.m_130006_(MinecraftServer.java:308) ~[server-1.20.1-20230612.114412-srg.jar%23289!/:?]
	at net.minecraft.server.dedicated.DedicatedServer.m_7038_(DedicatedServer.java:164) ~[server-1.20.1-20230612.114412-srg.jar%23289!/:?]
	at net.minecraft.server.MinecraftServer.m_130011_(MinecraftServer.java:634) ~[server-1.20.1-20230612.114412-srg.jar%23289!/:?]
	at net.minecraft.server.MinecraftServer.m_206580_(MinecraftServer.java:251) ~[server-1.20.1-20230612.114412-srg.jar%23289!/:?]
	at java.lang.Thread.run(Thread.java:840) ~[?:?]
[26Jul2026 05:22:23.576] [Server thread/INFO] [incontrol/]: Reading rules from events.json
[26Jul2026 05:22:23.672] [Server thread/DEBUG] [ModernFix/]: Loaded stronghold cache for dimension minecraft:the_nether with 256 positions
[26Jul2026 05:22:23.746] [Server thread/INFO] [net.minecraft.server.MinecraftServer/]: Preparing start region for dimension minecraft:overworld
[26Jul2026 05:22:23.753] [Server thread/DEBUG] [mixin/]: Mixing bugfix.paper_chunk_patches.SortedArraySetMixin from modernfix-common.mixins.json into net.minecraft.util.SortedArraySet
[26Jul2026 05:22:24.194] [Server thread/DEBUG] [mixin/]: Mixing IdRemapMixin from copperagebackport.forge.mixins.json into net.minecraft.world.level.chunk.storage.ChunkSerializer
[26Jul2026 05:22:24.205] [Server thread/DEBUG] [mixin/]: Mixing MixinChunkSerializer from architectury.mixins.json into net.minecraft.world.level.chunk.storage.ChunkSerializer
[26Jul2026 05:22:24.286] [Server thread/DEBUG] [mixin/]: Mixing perf.compact_bit_storage.PalettedContainerMixin from modernfix-common.mixins.json into net.minecraft.world.level.chunk.PalettedContainer
[26Jul2026 05:22:24.488] [Server thread/DEBUG] [mixin/]: Mixing ThreadingDetectorMixin from cupboard.mixins.json into net.minecraft.util.ThreadingDetector
[26Jul2026 05:22:26.052] [Server thread/DEBUG] [ModernFix/]: Structure alexscaves:underground_cabin_2 is being run through DFU (hash a3939a811d5fcd415a803ea224bfb21152304b6a298a9e38113fa5ebbddfd3d1), this will cause launch time delays
[26Jul2026 05:22:26.071] [Server thread/INFO] [ModernFix/]: Instantiating Mojang DFU
[26Jul2026 05:22:28.133] [Server thread/DEBUG] [net.minecraftforge.coremod.transformer.CoreModBaseTransformer/COREMOD]: Transforming net/minecraft/world/level/levelgen/structure/templatesystem/StructureTemplate
[26Jul2026 05:22:28.292] [Server thread/DEBUG] [mixin/]: Mixing StructureTemplateMixin from cataclysm.mixins.json into net.minecraft.world.level.levelgen.structure.templatesystem.StructureTemplate
[26Jul2026 05:22:28.293] [Server thread/DEBUG] [mixin/]: Renaming synthetic method lambda$repurposedstructures_preventAutoWaterlogging$0(Lnet/minecraft/world/level/levelgen/structure/templatesystem/StructureProcessor;)Z to mdd17185$lambda$repurposedstructures_preventAutoWaterlogging$0$0 in cataclysm.mixins.json:StructureTemplateMixin
[26Jul2026 05:22:28.294] [Server thread/DEBUG] [mixin/]: Mixing structures.StructureTemplateMixin from moogs_structures-common.mixins.json into net.minecraft.world.level.levelgen.structure.templatesystem.StructureTemplate
[26Jul2026 05:22:28.294] [Server thread/DEBUG] [mixin/]: Renaming synthetic method lambda$moogs_structures_preventAutoWaterlogging$0(Lnet/minecraft/world/level/levelgen/structure/templatesystem/StructureProcessor;)Z to mdd17185$lambda$moogs_structures_preventAutoWaterlogging$0$1 in moogs_structures-common.mixins.json:structures.StructureTemplateMixin
[26Jul2026 05:22:28.295] [Server thread/DEBUG] [mixin/]: Mixing structures.TemplateAccessor from moogs_structures-common.mixins.json into net.minecraft.world.level.levelgen.structure.templatesystem.StructureTemplate
[26Jul2026 05:22:28.295] [Server thread/DEBUG] [mixin/]: Mixing StructureTemplateMixin from formations.mixins.json into net.minecraft.world.level.levelgen.structure.templatesystem.StructureTemplate
[26Jul2026 05:22:28.300] [Server thread/DEBUG] [mixin/]: Mixing passcode.StructureTemplateMixin from securitycraft.mixins.json into net.minecraft.world.level.levelgen.structure.templatesystem.StructureTemplate
[26Jul2026 05:22:28.300] [Server thread/DEBUG] [mixin/]: Mixing MixinStructureTemplate from lootr.mixins.json into net.minecraft.world.level.levelgen.structure.templatesystem.StructureTemplate
[26Jul2026 05:22:28.337] [Server thread/DEBUG] [mixin/]: Mixing perf.cache_blockstate_cache_arrays.AbstractBlockStateCacheMixin from modernfix-common.mixins.json into net.minecraft.world.level.block.state.BlockBehaviour$BlockStateBase$Cache
[26Jul2026 05:22:28.340] [Server thread/DEBUG] [mixin/]: Mixing BlockStateCacheMixin from ferritecore.blockstatecache.mixin.json into net.minecraft.world.level.block.state.BlockBehaviour$BlockStateBase$Cache
[26Jul2026 05:22:28.376] [Server thread/DEBUG] [mixin/]: Mixing SubShapeAccess from ferritecore.blockstatecache.mixin.json into net.minecraft.world.phys.shapes.SubShape
[26Jul2026 05:22:29.876] [Server thread/DEBUG] [ModernFix/]: Structure alexscaves:underground_cabin_0 is being run through DFU (hash 75474beb27b17212923b3a550d39b21adf68dd468e4787cc877b3842377c66e1), this will cause launch time delays
[26Jul2026 05:22:30.088] [Server thread/DEBUG] [ModernFix/]: Structure alexscaves:underground_cabin_1 is being run through DFU (hash 93b719aa290210e2d5bb0647155c9ae0b3a4059be3874de3f94c9d85a5f6f321), this will cause launch time delays
[26Jul2026 05:22:30.546] [Server thread/INFO] [net.minecraft.server.level.progress.LoggerChunkProgressListener/]: Preparing spawn area: 0%
[26Jul2026 05:22:30.547] [Server thread/INFO] [net.minecraft.server.level.progress.LoggerChunkProgressListener/]: Preparing spawn area: 0%
[26Jul2026 05:22:30.548] [Server thread/INFO] [net.minecraft.server.level.progress.LoggerChunkProgressListener/]: Preparing spawn area: 0%
[26Jul2026 05:22:30.550] [Server thread/INFO] [net.minecraft.server.level.progress.LoggerChunkProgressListener/]: Preparing spawn area: 0%
[26Jul2026 05:22:30.551] [Server thread/INFO] [net.minecraft.server.level.progress.LoggerChunkProgressListener/]: Preparing spawn area: 0%
[26Jul2026 05:22:30.552] [Server thread/INFO] [net.minecraft.server.level.progress.LoggerChunkProgressListener/]: Preparing spawn area: 0%
[26Jul2026 05:22:30.553] [Server thread/INFO] [net.minecraft.server.level.progress.LoggerChunkProgressListener/]: Preparing spawn area: 0%
[26Jul2026 05:22:30.554] [Server thread/INFO] [net.minecraft.server.level.progress.LoggerChunkProgressListener/]: Preparing spawn area: 0%
[26Jul2026 05:22:30.554] [Server thread/INFO] [net.minecraft.server.level.progress.LoggerChunkProgressListener/]: Preparing spawn area: 0%
[26Jul2026 05:22:30.554] [Server thread/INFO] [net.minecraft.server.level.progress.LoggerChunkProgressListener/]: Preparing spawn area: 0%
[26Jul2026 05:22:30.556] [Server thread/INFO] [net.minecraft.server.level.progress.LoggerChunkProgressListener/]: Preparing spawn area: 0%
[26Jul2026 05:22:30.556] [Server thread/INFO] [net.minecraft.server.level.progress.LoggerChunkProgressListener/]: Preparing spawn area: 0%
[26Jul2026 05:22:30.558] [Server thread/INFO] [net.minecraft.server.level.progress.LoggerChunkProgressListener/]: Preparing spawn area: 0%
[26Jul2026 05:22:30.561] [Server thread/INFO] [net.minecraft.server.level.progress.LoggerChunkProgressListener/]: Preparing spawn area: 0%
[26Jul2026 05:22:30.788] [Server thread/INFO] [net.minecraft.server.level.progress.LoggerChunkProgressListener/]: Preparing spawn area: 0%
[26Jul2026 05:22:31.059] [Worker-Main-1/DEBUG] [mixin/]: Mixing perf.worldgen_allocation.NoiseChunkMixin from modernfix-common.mixins.json into net.minecraft.world.level.levelgen.NoiseChunk
[26Jul2026 05:22:31.062] [Worker-Main-1/DEBUG] [mixin/]: Mixing ChunkNoiseSamplerMixin from mixins.mofus_better_end_.json into net.minecraft.world.level.levelgen.NoiseChunk
[26Jul2026 05:22:31.234] [Worker-Main-1/DEBUG] [mixin/]: Mixing perf.worldgen_allocation.MaterialRuleListMixin from modernfix-common.mixins.json into net.minecraft.world.level.levelgen.material.MaterialRuleList
[26Jul2026 05:22:31.248] [Server thread/INFO] [net.minecraft.server.level.progress.LoggerChunkProgressListener/]: Preparing spawn area: 0%
[26Jul2026 05:22:31.748] [Worker-Main-1/INFO] [net.minecraft.server.level.progress.LoggerChunkProgressListener/]: Preparing spawn area: 0%
[26Jul2026 05:22:33.019] [Worker-Main-1/INFO] [net.minecraft.server.level.progress.LoggerChunkProgressListener/]: Preparing spawn area: 0%
[26Jul2026 05:22:33.023] [Worker-Main-1/INFO] [net.minecraft.server.level.progress.LoggerChunkProgressListener/]: Preparing spawn area: 0%
[26Jul2026 05:22:33.324] [Worker-Main-1/INFO] [net.minecraft.server.level.progress.LoggerChunkProgressListener/]: Preparing spawn area: 0%
[26Jul2026 05:22:33.757] [Worker-Main-1/INFO] [net.minecraft.server.level.progress.LoggerChunkProgressListener/]: Preparing spawn area: 0%
[26Jul2026 05:22:33.804] [Worker-Main-1/DEBUG] [mixin/]: Mixing WorldGenRegionAccessor from cataclysm.mixins.json into net.minecraft.server.level.WorldGenRegion
[26Jul2026 05:22:33.805] [Worker-Main-1/DEBUG] [mixin/]: Mixing world.WorldGenRegionAccessor from moogs_structures-common.mixins.json into net.minecraft.server.level.WorldGenRegion
[26Jul2026 05:22:33.806] [Worker-Main-1/DEBUG] [mixin/]: Unexpected: Registered method getStructureManager()Lnet/minecraft/world/level/StructureManager; in net.minecraft.server.level.WorldGenRegion was not merged
[26Jul2026 05:22:34.514] [Worker-Main-1/INFO] [net.minecraft.server.level.progress.LoggerChunkProgressListener/]: Preparing spawn area: 0%
[26Jul2026 05:22:34.525] [Worker-Main-8/DEBUG] [mixin/]: Mixing BeardifierMixin from yungsapi.mixins.json into net.minecraft.world.level.levelgen.Beardifier
[26Jul2026 05:22:34.535] [Worker-Main-8/DEBUG] [mixin/]: Mixing accessor.BeardifierAccessor from yungsapi.mixins.json into net.minecraft.world.level.levelgen.Beardifier
[26Jul2026 05:22:34.541] [Worker-Main-8/DEBUG] [mixin/]: Mixing accessor.BeardifierAccessor from cataclysm.mixins.json into net.minecraft.world.level.levelgen.Beardifier
[26Jul2026 05:22:34.550] [Worker-Main-8/DEBUG] [mixin/]: Unexpected: Registered method getJunctionIterator()Lit/unimi/dsi/fastutil/objects/ObjectListIterator; in net.minecraft.world.level.levelgen.Beardifier was not merged
[26Jul2026 05:22:34.550] [Worker-Main-8/DEBUG] [mixin/]: Unexpected: Registered method getPieceIterator()Lit/unimi/dsi/fastutil/objects/ObjectListIterator; in net.minecraft.world.level.levelgen.Beardifier was not merged
[26Jul2026 05:22:34.749] [Worker-Main-8/INFO] [net.minecraft.server.level.progress.LoggerChunkProgressListener/]: Preparing spawn area: 0%
[26Jul2026 05:22:35.309] [Server thread/INFO] [net.minecraft.server.level.progress.LoggerChunkProgressListener/]: Preparing spawn area: 0%
[26Jul2026 05:22:35.986] [Server thread/INFO] [net.minecraft.server.level.progress.LoggerChunkProgressListener/]: Preparing spawn area: 27%
[26Jul2026 05:22:36.260] [Worker-Main-8/INFO] [net.minecraft.server.level.progress.LoggerChunkProgressListener/]: Preparing spawn area: 97%
[26Jul2026 05:22:36.806] [Worker-Main-8/DEBUG] [mixin/]: Mixing perf.worldgen_allocation.SurfaceRulesContextMixin from modernfix-common.mixins.json into net.minecraft.world.level.levelgen.SurfaceRules$Context
[26Jul2026 05:22:36.815] [Worker-Main-8/DEBUG] [mixin/]: Mixing perf.worldgen_allocation.SurfaceRulesMixin from modernfix-common.mixins.json into net.minecraft.world.level.levelgen.SurfaceRules$VerticalGradientConditionSource$1VerticalGradientCondition
[26Jul2026 05:22:36.817] [Worker-Main-8/DEBUG] [mixin/]: Mixing perf.worldgen_allocation.SurfaceRulesMixin from modernfix-common.mixins.json into net.minecraft.world.level.levelgen.SurfaceRules$StoneDepthCheck$1StoneDepthCondition
[26Jul2026 05:22:36.818] [Worker-Main-8/DEBUG] [mixin/]: Mixing perf.worldgen_allocation.SurfaceRulesMixin from modernfix-common.mixins.json into net.minecraft.world.level.levelgen.SurfaceRules$BiomeConditionSource$1BiomeCondition
[26Jul2026 05:22:36.819] [Worker-Main-8/DEBUG] [mixin/]: Mixing perf.worldgen_allocation.SurfaceRulesMixin from modernfix-common.mixins.json into net.minecraft.world.level.levelgen.SurfaceRules$YConditionSource$1YCondition
[26Jul2026 05:22:36.822] [Worker-Main-8/DEBUG] [mixin/]: Mixing perf.worldgen_allocation.SurfaceRulesMixin from modernfix-common.mixins.json into net.minecraft.world.level.levelgen.SurfaceRules$WaterConditionSource$1WaterCondition
[26Jul2026 05:22:36.825] [Worker-Main-8/DEBUG] [mixin/]: Mixing perf.worldgen_allocation.SequenceRuleMixin from modernfix-common.mixins.json into net.minecraft.world.level.levelgen.SurfaceRules$SequenceRule
[26Jul2026 05:22:38.667] [Worker-Main-8/INFO] [net.minecraft.server.level.progress.LoggerChunkProgressListener/]: Preparing spawn area: 97%
[26Jul2026 05:22:39.501] [Worker-Main-8/INFO] [net.minecraft.server.level.progress.LoggerChunkProgressListener/]: Preparing spawn area: 97%
[26Jul2026 05:22:39.570] [Worker-Main-8/INFO] [net.minecraft.server.level.progress.LoggerChunkProgressListener/]: Preparing spawn area: 97%
[26Jul2026 05:22:39.598] [Worker-Main-8/INFO] [net.minecraft.server.level.progress.LoggerChunkProgressListener/]: Preparing spawn area: 97%
[26Jul2026 05:22:39.600] [Server thread/INFO] [net.minecraft.server.level.progress.LoggerChunkProgressListener/]: Preparing spawn area: 97%
[26Jul2026 05:22:39.602] [Worker-Main-8/INFO] [net.minecraft.server.level.progress.LoggerChunkProgressListener/]: Preparing spawn area: 97%
[26Jul2026 05:22:39.764] [Worker-Main-8/INFO] [net.minecraft.server.level.progress.LoggerChunkProgressListener/]: Preparing spawn area: 97%
[26Jul2026 05:22:40.641] [Worker-Main-8/INFO] [net.minecraft.server.level.progress.LoggerChunkProgressListener/]: Preparing spawn area: 97%
[26Jul2026 05:22:40.836] [Worker-Main-8/INFO] [net.minecraft.server.level.progress.LoggerChunkProgressListener/]: Preparing spawn area: 97%
[26Jul2026 05:22:41.882] [Worker-Main-8/INFO] [net.minecraft.server.level.progress.LoggerChunkProgressListener/]: Preparing spawn area: 97%
[26Jul2026 05:22:41.883] [Worker-Main-8/INFO] [net.minecraft.server.level.progress.LoggerChunkProgressListener/]: Preparing spawn area: 97%
[26Jul2026 05:22:42.119] [Server thread/DEBUG] [mixin/]: Mixing LimbAnimatorAccessor from friendsandfoes-common.mixins.json into net.minecraft.world.entity.WalkAnimationState
[26Jul2026 05:22:42.261] [Worker-Main-8/INFO] [net.minecraft.server.level.progress.LoggerChunkProgressListener/]: Preparing spawn area: 97%
[26Jul2026 05:22:44.490] [Worker-Main-8/INFO] [net.minecraft.server.level.progress.LoggerChunkProgressListener/]: Preparing spawn area: 97%
[26Jul2026 05:22:44.492] [Worker-Main-8/INFO] [net.minecraft.server.level.progress.LoggerChunkProgressListener/]: Preparing spawn area: 97%
[26Jul2026 05:22:44.508] [Worker-Main-8/INFO] [net.minecraft.server.level.progress.LoggerChunkProgressListener/]: Preparing spawn area: 97%
[26Jul2026 05:22:44.508] [Worker-Main-8/INFO] [net.minecraft.server.level.progress.LoggerChunkProgressListener/]: Preparing spawn area: 97%
[26Jul2026 05:22:45.761] [Worker-Main-8/INFO] [net.minecraft.server.level.progress.LoggerChunkProgressListener/]: Preparing spawn area: 97%
[26Jul2026 05:22:46.628] [Worker-Main-8/INFO] [net.minecraft.server.level.progress.LoggerChunkProgressListener/]: Preparing spawn area: 97%
[26Jul2026 05:22:46.633] [Worker-Main-8/INFO] [net.minecraft.server.level.progress.LoggerChunkProgressListener/]: Preparing spawn area: 97%
[26Jul2026 05:22:46.647] [Worker-Main-8/INFO] [net.minecraft.server.level.progress.LoggerChunkProgressListener/]: Preparing spawn area: 97%
[26Jul2026 05:22:46.720] [Worker-Main-8/DEBUG] [ModernFix/]: Structure deep_dark_regrowth:ancient_fossil is being run through DFU (hash 1ff9ea108fc65eed08ca8623fbbd5a4f4620e7ee93376718c59258c63aacaa01), this will cause launch time delays
[26Jul2026 05:22:46.791] [Worker-Main-8/DEBUG] [ModernFix/]: Structure deep_dark_regrowth:creeper_pillar_structure is being run through DFU (hash eae8c996c9723e50c7905d1fc16d3a1a3d702b461eddba68906ebbf14b7f8283), this will cause launch time delays
[26Jul2026 05:22:46.959] [Worker-Main-8/DEBUG] [ModernFix/]: Structure deep_dark_regrowth:illager_pillar_structure is being run through DFU (hash dc46f2fef1b6b8e4c08bacb048c541eba842b1c1aaa61c44a2ca6683e4231675), this will cause launch time delays
[26Jul2026 05:22:46.982] [Worker-Main-8/DEBUG] [ModernFix/]: Structure deep_dark_regrowth:subterranean_vault is being run through DFU (hash ff622c3cd2b8190831a7ae819554db9efcd8b3c4486ee61970ed197417a72887), this will cause launch time delays
[26Jul2026 05:22:47.053] [Worker-Main-8/DEBUG] [ModernFix/]: Structure deep_dark_regrowth:sculk_heart is being run through DFU (hash ef0dcc32e098e4b2264247bf0dd244b793bdf6aa10820c9ed2c015f427a66ac1), this will cause launch time delays
[26Jul2026 05:22:47.093] [Worker-Main-8/DEBUG] [ModernFix/]: Structure deep_dark_regrowth:capsule_chamber is being run through DFU (hash 534f9dcbbc6e5d37ab97da130382763a93e0dd59ba47ca8cfe2f18deebe13286), this will cause launch time delays
[26Jul2026 05:22:47.099] [Worker-Main-8/DEBUG] [ModernFix/]: Structure deep_dark_regrowth:warden_pillar_structure is being run through DFU (hash b7a6cfc4cc2f63962753a9103af596908b87881df9a73312af4254786c3fd5ef), this will cause launch time delays
[26Jul2026 05:22:47.115] [Worker-Main-8/DEBUG] [ModernFix/]: Structure deep_dark_regrowth:wither_pillar_structure is being run through DFU (hash c42a7480d595cf33fbe0b689a10e21e1cb54d8a3f66fbc2bec1e9114029c1c73), this will cause launch time delays
[26Jul2026 05:22:47.588] [Worker-Main-8/INFO] [net.minecraft.server.level.progress.LoggerChunkProgressListener/]: Preparing spawn area: 97%
[26Jul2026 05:22:47.901] [Worker-Main-8/INFO] [net.minecraft.server.level.progress.LoggerChunkProgressListener/]: Preparing spawn area: 97%
[26Jul2026 05:22:47.904] [Worker-Main-8/INFO] [net.minecraft.server.level.progress.LoggerChunkProgressListener/]: Preparing spawn area: 97%
[26Jul2026 05:22:49.251] [Worker-Main-8/INFO] [net.minecraft.server.level.progress.LoggerChunkProgressListener/]: Preparing spawn area: 97%
[26Jul2026 05:22:49.825] [Worker-Main-8/INFO] [net.minecraft.server.level.progress.LoggerChunkProgressListener/]: Preparing spawn area: 97%
[26Jul2026 05:22:49.826] [Worker-Main-8/INFO] [net.minecraft.server.level.progress.LoggerChunkProgressListener/]: Preparing spawn area: 97%
[26Jul2026 05:22:49.829] [Worker-Main-8/INFO] [net.minecraft.server.level.progress.LoggerChunkProgressListener/]: Preparing spawn area: 97%
[26Jul2026 05:22:50.753] [Worker-Main-8/INFO] [net.minecraft.server.level.progress.LoggerChunkProgressListener/]: Preparing spawn area: 98%
[26Jul2026 05:22:51.237] [Worker-Main-8/INFO] [net.minecraft.server.level.progress.LoggerChunkProgressListener/]: Preparing spawn area: 98%
[26Jul2026 05:22:51.376] [Worker-Main-8/INFO] [net.minecraft.server.level.progress.LoggerChunkProgressListener/]: Preparing spawn area: 98%
[26Jul2026 05:22:52.563] [Worker-Main-8/INFO] [net.minecraft.server.level.progress.LoggerChunkProgressListener/]: Preparing spawn area: 98%
[26Jul2026 05:22:53.272] [Worker-Main-8/INFO] [net.minecraft.server.level.progress.LoggerChunkProgressListener/]: Preparing spawn area: 98%
[26Jul2026 05:22:54.849] [Worker-Main-8/INFO] [net.minecraft.server.level.progress.LoggerChunkProgressListener/]: Preparing spawn area: 98%
[26Jul2026 05:22:54.943] [Worker-Main-8/INFO] [net.minecraft.server.level.progress.LoggerChunkProgressListener/]: Preparing spawn area: 98%
[26Jul2026 05:22:54.944] [Worker-Main-8/INFO] [net.minecraft.server.level.progress.LoggerChunkProgressListener/]: Preparing spawn area: 98%
[26Jul2026 05:22:55.057] [Worker-Main-8/INFO] [net.minecraft.server.level.progress.LoggerChunkProgressListener/]: Preparing spawn area: 98%
[26Jul2026 05:22:55.058] [Worker-Main-8/INFO] [net.minecraft.server.level.progress.LoggerChunkProgressListener/]: Preparing spawn area: 98%
[26Jul2026 05:22:55.258] [Worker-Main-8/INFO] [net.minecraft.server.level.progress.LoggerChunkProgressListener/]: Preparing spawn area: 98%
[26Jul2026 05:22:57.179] [Worker-Main-8/INFO] [net.minecraft.server.level.progress.LoggerChunkProgressListener/]: Preparing spawn area: 98%
[26Jul2026 05:22:58.171] [Worker-Main-8/INFO] [net.minecraft.server.level.progress.LoggerChunkProgressListener/]: Preparing spawn area: 98%
[26Jul2026 05:22:58.172] [Worker-Main-8/INFO] [net.minecraft.server.level.progress.LoggerChunkProgressListener/]: Preparing spawn area: 98%
[26Jul2026 05:22:58.213] [Worker-Main-8/INFO] [net.minecraft.server.level.progress.LoggerChunkProgressListener/]: Preparing spawn area: 98%
[26Jul2026 05:22:58.217] [Worker-Main-8/INFO] [net.minecraft.server.level.progress.LoggerChunkProgressListener/]: Preparing spawn area: 98%
[26Jul2026 05:22:59.618] [Worker-Main-8/INFO] [net.minecraft.server.level.progress.LoggerChunkProgressListener/]: Preparing spawn area: 98%
[26Jul2026 05:22:59.628] [Worker-Main-8/INFO] [net.minecraft.server.level.progress.LoggerChunkProgressListener/]: Preparing spawn area: 98%
[26Jul2026 05:23:00.103] [Worker-Main-8/INFO] [net.minecraft.server.level.progress.LoggerChunkProgressListener/]: Preparing spawn area: 98%
[26Jul2026 05:23:00.107] [Worker-Main-8/INFO] [net.minecraft.server.level.progress.LoggerChunkProgressListener/]: Preparing spawn area: 98%
[26Jul2026 05:23:01.226] [Worker-Main-8/INFO] [net.minecraft.server.level.progress.LoggerChunkProgressListener/]: Preparing spawn area: 98%
[26Jul2026 05:23:01.227] [Worker-Main-8/INFO] [net.minecraft.server.level.progress.LoggerChunkProgressListener/]: Preparing spawn area: 98%
[26Jul2026 05:23:01.259] [Worker-Main-8/INFO] [net.minecraft.server.level.progress.LoggerChunkProgressListener/]: Preparing spawn area: 98%
[26Jul2026 05:23:02.423] [Worker-Main-8/INFO] [net.minecraft.server.level.progress.LoggerChunkProgressListener/]: Preparing spawn area: 98%
[26Jul2026 05:23:02.424] [Worker-Main-8/INFO] [net.minecraft.server.level.progress.LoggerChunkProgressListener/]: Preparing spawn area: 98%
[26Jul2026 05:23:02.938] [Worker-Main-8/INFO] [net.minecraft.server.level.progress.LoggerChunkProgressListener/]: Preparing spawn area: 98%
[26Jul2026 05:23:03.539] [Worker-Main-8/INFO] [net.minecraft.server.level.progress.LoggerChunkProgressListener/]: Preparing spawn area: 98%
[26Jul2026 05:23:05.758] [Worker-Main-8/INFO] [net.minecraft.server.level.progress.LoggerChunkProgressListener/]: Preparing spawn area: 98%
[26Jul2026 05:23:05.758] [Worker-Main-8/INFO] [net.minecraft.server.level.progress.LoggerChunkProgressListener/]: Preparing spawn area: 98%
[26Jul2026 05:23:05.784] [Worker-Main-8/INFO] [net.minecraft.server.level.progress.LoggerChunkProgressListener/]: Preparing spawn area: 98%
[26Jul2026 05:23:05.786] [Worker-Main-8/INFO] [net.minecraft.server.level.progress.LoggerChunkProgressListener/]: Preparing spawn area: 98%
[26Jul2026 05:23:06.088] [Worker-Main-8/INFO] [net.minecraft.server.level.progress.LoggerChunkProgressListener/]: Preparing spawn area: 98%
[26Jul2026 05:23:06.577] [Worker-Main-8/INFO] [net.minecraft.server.level.progress.LoggerChunkProgressListener/]: Preparing spawn area: 98%
[26Jul2026 05:23:06.878] [Worker-Main-8/INFO] [net.minecraft.server.level.progress.LoggerChunkProgressListener/]: Preparing spawn area: 98%
[26Jul2026 05:23:07.565] [Worker-Main-8/INFO] [net.minecraft.server.level.progress.LoggerChunkProgressListener/]: Preparing spawn area: 98%
[26Jul2026 05:23:07.917] [Worker-Main-8/INFO] [net.minecraft.server.level.progress.LoggerChunkProgressListener/]: Preparing spawn area: 98%
[26Jul2026 05:23:07.942] [Worker-Main-8/DEBUG] [net.minecraftforge.coremod.transformer.CoreModBaseTransformer/COREMOD]: Transforming net/minecraft/world/level/NaturalSpawner
[26Jul2026 05:23:07.963] [Worker-Main-8/DEBUG] [mixin/]: Mixing NaturalSpawnerMixin from alexscaves.mixins.json into net.minecraft.world.level.NaturalSpawner
[26Jul2026 05:23:07.971] [Worker-Main-8/DEBUG] [mixin/]: Mixing MixinMobSpawning from cold_sweat.mixin.json into net.minecraft.world.level.NaturalSpawner
[26Jul2026 05:23:08.248] [Worker-Main-8/INFO] [net.minecraft.server.level.progress.LoggerChunkProgressListener/]: Preparing spawn area: 99%
[26Jul2026 05:23:08.297] [Server thread/DEBUG] [mixin/]: Mixing VillagerTaskListProviderMixin from friendsandfoes-common.mixins.json into net.minecraft.world.entity.ai.behavior.VillagerGoalPackages
[26Jul2026 05:23:08.865] [Server thread/INFO] [net.minecraft.server.level.progress.LoggerChunkProgressListener/]: Time elapsed: 45118 ms
[26Jul2026 05:23:08.866] [Server thread/INFO] [net.minecraft.server.dedicated.DedicatedServer/]: Done (48.335s)! For help, type "help"
[26Jul2026 05:23:08.888] [Server thread/DEBUG] [net.minecraftforge.network.DualStackUtils/]: Detected IPv6 address: "0:0:0:0:0:0:0:0"
[26Jul2026 05:23:09.148] [Server thread/DEBUG] [net.minecraftforge.common.ForgeI18n/CORE]: Loading I18N data entries: 13681
[26Jul2026 05:23:09.152] [Server thread/INFO] [net.minecraftforge.server.permission.PermissionAPI/]: Successfully initialized permission handler forge:default_handler
[26Jul2026 05:23:09.155] [Server thread/INFO] [Easy NPC: Core/]: 🗣 Register Easy NPC: Core Server is starting Events ...
[26Jul2026 05:23:09.156] [Server thread/INFO] [Easy NPC: Core/]: 🗣 Register Easy NPC: Core Server data folders ...
[26Jul2026 05:23:09.164] [Server thread/INFO] [Easy NPC: Core/]: [Pose Manager] Cleared all pose data.
[26Jul2026 05:23:09.200] [Server thread/INFO] [Easy NPC: Core/]: 🗣 Register Easy NPC: Core Registered 76 pose data entries.
[26Jul2026 05:23:09.230] [Server thread/INFO] [FTB Quests/]: Loading quests from /workspaces/enderdeath/servidor_minecraft/config/ftbquests/quests
[26Jul2026 05:23:09.317] [Server thread/DEBUG] [FTB Quests/]: Updated loot crates (was 0, now 0)
[26Jul2026 05:23:09.325] [Server thread/INFO] [FTB Quests/]: Loaded 3 chapter groups, 12 chapters, 315 quests, 0 reward tables
[26Jul2026 05:23:09.360] [Server thread/INFO] [Easy NPC: Core/]: 🗣 Register Easy NPC: Core Server started Events ...
[26Jul2026 05:23:09.372] [Server thread/INFO] [Easy NPC: Core/]: Loaded metadata for 92 NPC entities from index
[26Jul2026 05:23:09.374] [Server thread/INFO] [Easy NPC: Core/]: [NPC Entity Manager] Initialized with 92 tracked NPC entities
[26Jul2026 05:23:09.377] [Server thread/INFO] [com.finderfeed.fdlib.FDLib/]: Loading FD configs...
[26Jul2026 05:23:09.377] [Server thread/INFO] [com.finderfeed.fdlib.FDLib/]: Loading config raidsenhanced:raidsenhanced
[26Jul2026 05:23:09.380] [Server thread/INFO] [com.finderfeed.fdlib.FDLib/]: Loading config fdlib:test
[26Jul2026 05:23:09.381] [Server thread/INFO] [com.finderfeed.fdlib.FDLib/]: Loading config fdlib:fdlib_client
[26Jul2026 05:23:09.383] [Server thread/INFO] [com.finderfeed.fdlib.FDLib/]: Loaded FD configs.
[26Jul2026 05:23:09.386] [Server thread/WARN] [ModernFix/]: Dedicated server took 136.67 seconds to load
[26Jul2026 05:23:10.662] [Server thread/DEBUG] [io.netty.buffer.AbstractByteBuf/]: -Dio.netty.buffer.checkAccessible: true
[26Jul2026 05:23:10.662] [Server thread/DEBUG] [io.netty.buffer.AbstractByteBuf/]: -Dio.netty.buffer.checkBounds: true
[26Jul2026 05:23:10.672] [Server thread/DEBUG] [io.netty.util.ResourceLeakDetectorFactory/]: Loaded default ResourceLeakDetector: io.netty.util.ResourceLeakDetector@1a32b4ae
[26Jul2026 05:23:11.262] [Server thread/DEBUG] [mixin/]: Mixing camera.TrackedEntityMixin from securitycraft.mixins.json into net.minecraft.server.level.ChunkMap$TrackedEntity
[26Jul2026 05:23:11.495] [Server thread/WARN] [net.minecraft.server.MinecraftServer/]: Can't keep up! Is the server overloaded? Running 2053ms or 41 ticks behind
[26Jul2026 05:23:11.498] [Server thread/DEBUG] [mixin/]: Mixing PacketDistributorHackMixin from moonlight.mixins.json into net.minecraftforge.network.PacketDistributor
[26Jul2026 05:23:12.399] [Server thread/DEBUG] [Cold Sweat/]: Formatted config file: coldsweat/main.toml
[26Jul2026 05:23:12.408] [Server thread/DEBUG] [Cold Sweat/]: Formatted config file: coldsweat/world.toml
[26Jul2026 05:23:12.410] [Server thread/DEBUG] [Cold Sweat/]: Formatted config file: coldsweat/item.toml
[26Jul2026 05:23:12.413] [Server thread/DEBUG] [Cold Sweat/]: Formatted config file: coldsweat/entity.toml
[26Jul2026 05:28:11.961] [Server thread/DEBUG] [net.minecraftforge.common.ForgeHooks/WP]: Gathering id map for writing to world save Ender muerto
[26Jul2026 05:28:11.997] [Server thread/DEBUG] [net.minecraftforge.common.ForgeHooks/WP]: ID Map collection complete Ender muerto
[26Jul2026 05:33:12.346] [Server thread/DEBUG] [net.minecraftforge.common.ForgeHooks/WP]: Gathering id map for writing to world save Ender muerto
[26Jul2026 05:33:12.388] [Server thread/DEBUG] [net.minecraftforge.common.ForgeHooks/WP]: ID Map collection complete Ender muerto
[26Jul2026 05:34:06.541] [Server thread/INFO] [Easy NPC: Core/]: 🗣 Register Easy NPC: Core Server is stopping, saving all dirty NPCs...
[26Jul2026 05:34:06.645] [Server thread/DEBUG] [platform/]: Found existing server config directory directory : ./world/serverconfig
[26Jul2026 05:34:06.645] [Server thread/DEBUG] [com.blackgear.platform.core.util.config.ConfigTracker/]: Unloading configs type SERVER
[26Jul2026 05:34:06.653] [Server thread/DEBUG] [lain.mods.cos.init.forge.ForgeCosmeticArmorReworked/]: Server is stopping... try to save all still loaded CosmeticArmor data
[26Jul2026 05:34:06.673] [Server thread/INFO] [net.minecraft.server.MinecraftServer/]: Stopping server
[26Jul2026 05:34:06.681] [Server thread/INFO] [net.minecraft.server.MinecraftServer/]: Saving players
[26Jul2026 05:34:06.682] [Server thread/INFO] [net.minecraft.server.MinecraftServer/]: Saving worlds
[26Jul2026 05:34:09.680] [Server thread/INFO] [net.minecraft.server.MinecraftServer/]: Saving chunks for level 'ServerLevel[Ender muerto]'/minecraft:overworld
[26Jul2026 05:34:12.714] [Server thread/INFO] [net.minecraft.server.MinecraftServer/]: Saving chunks for level 'ServerLevel[Ender muerto]'/minecraft:the_nether
[26Jul2026 05:34:12.727] [Server thread/INFO] [net.minecraft.server.MinecraftServer/]: Saving chunks for level 'ServerLevel[Ender muerto]'/minecraft:the_end
[26Jul2026 05:34:12.741] [Server thread/INFO] [net.minecraft.server.MinecraftServer/]: Saving chunks for level 'ServerLevel[Ender muerto]'/mofus_better_end_:broken_constellation
[26Jul2026 05:34:15.425] [Server thread/DEBUG] [net.minecraftforge.common.ForgeHooks/WP]: Gathering id map for writing to world save Ender muerto
[26Jul2026 05:34:15.550] [Server thread/DEBUG] [net.minecraftforge.common.ForgeHooks/WP]: ID Map collection complete Ender muerto
[26Jul2026 05:34:15.563] [Server thread/INFO] [net.minecraft.server.MinecraftServer/]: ThreadedAnvilChunkStorage (world): All chunks are saved
[26Jul2026 05:34:15.563] [Server thread/INFO] [net.minecraft.server.MinecraftServer/]: ThreadedAnvilChunkStorage (DIM-1): All chunks are saved
[26Jul2026 05:34:15.565] [Server thread/INFO] [net.minecraft.server.MinecraftServer/]: ThreadedAnvilChunkStorage (DIM1): All chunks are saved
[26Jul2026 05:34:15.568] [Server thread/INFO] [net.minecraft.server.MinecraftServer/]: ThreadedAnvilChunkStorage (broken_constellation): All chunks are saved
[26Jul2026 05:34:15.569] [Server thread/INFO] [net.minecraft.server.MinecraftServer/]: ThreadedAnvilChunkStorage: All dimensions are saved
[26Jul2026 05:34:15.923] [Server thread/INFO] [Framework/]: Unloading server configs...
[26Jul2026 05:34:15.942] [Server thread/DEBUG] [Framework/]: Stopped watching config: /workspaces/enderdeath/servidor_minecraft/config/refurbished_furniture.server.toml
[26Jul2026 05:34:15.943] [Server thread/INFO] [Framework/]: Sending config unload event for refurbished_furniture.server.toml
[26Jul2026 05:34:15.957] [Server thread/INFO] [Framework/]: Finished unloading server configs
[26Jul2026 05:34:15.971] [Server thread/DEBUG] [Framework/]: Stopping config watcher
[26Jul2026 05:34:15.975] [Server thread/DEBUG] [net.minecraftforge.fml.config.ConfigTracker/CONFIG]: Unloading configs type SERVER
